Protocollo;Gruppo;DataOraIncidente;Localizzazione1;STRADA1;Localizzazione2;STRADA2;Strada02;Chilometrica;DaSpecificare;NaturaIncidente;particolaritastrade;TipoStrada;FondoStradale;Pavimentazione;Segnaletica;CondizioneAtmosferica;Traffico;Visibilita;Illuminazione;NUM_FERITI;NUM_RISERVATA;NUM_MORTI;NUM_ILLESI;Longitude;Latitude;Confermato;Progressivo;TipoVeicolo;StatoVeicolo;TipoPersona;Sesso;Tipolesione;Deceduto;DecedutoDopo;CinturaCascoUtilizzato;Airbag;
5993383;10;05/06/2022 19:00:00;Strada Urbana;VIA TUSCOLANA;all'intersezione con;VIA ANTONINO ANILE;VIA ANTONINO ANILE;;;Scontro frontale/laterale DX fra veicoli in marcia;Intersezione semaforizzata;Due carreggiate;Asciutto;Asfaltata;Verticale ed orizzontale;Sereno;Normale;Buona;;0;0;0;5;12.6252;41.8274;-1;1;Autovettura privata;In marcia / fermata / arresto;Passeggero;F;Illeso;0;;Utilizzato;Esploso
5993383;10;05/06/2022 19:00:00;Strada Urbana;VIA TUSCOLANA;all'intersezione con;VIA ANTONINO ANILE;VIA ANTONINO ANILE;;;Scontro frontale/laterale DX fra veicoli in marcia;Intersezione semaforizzata;Due carreggiate;Asciutto;Asfaltata;Verticale ed orizzontale;Sereno;Normale;Buona;;0;0;0;5;12.6252;41.8274;-1;1;Autovettura privata;In marcia / fermata / arresto;Passeggero;M;Illeso;0;;Utilizzato;Esploso
5993383;10;05/06/2022 19:00:00;Strada Urbana;VIA TUSCOLANA;all'intersezione con;VIA ANTONINO ANILE;VIA ANTONINO ANILE;;;Scontro frontale/laterale DX fra veicoli in marcia;Intersezione semaforizzata;Due carreggiate;Asciutto;Asfaltata;Verticale ed orizzontale;Sereno;Normale;Buona;;0;0;0;5;12.6252;41.8274;-1;2;Autovettura privata;In marcia / fermata / arresto;Conducente;M;Illeso;0;;Non accertato;Esploso
5993398;11;06/06/2022 03:40:00;Strada Urbana;VIA DELLE TRE FONTANE;in prossimità;;del civico n.;5;;Fuoriuscita dalla sede stradale;Rettilineo;Una carreggiata a doppio senso;Asciutto;Asfaltata;Verticale ed orizzontale;Sereno;Scarso;Sufficiente;;0;0;0;4;12.47;41.8406;-1;1;Autovettura privata;In marcia / fermata / arresto;Conducente;M;Illeso;0;;;
5993398;11;06/06/2022 03:40:00;Strada Urbana;VIA DELLE TRE FONTANE;in prossimità;;del civico n.;5;;Fuoriuscita dalla sede stradale;Rettilineo;Una carreggiata a doppio senso;Asciutto;Asfaltata;Verticale ed orizzontale;Sereno;Scarso;Sufficiente;;0;0;0;4;12.47;41.8406;-1;1;Autovettura privata;In marcia / fermata / arresto;Passeggero;M;Illeso;0;;;
5993398;11;06/06/2022 03:40:00;Strada Urbana;VIA DELLE TRE FONTANE;in prossimità;;del civico n.;5;;Fuoriuscita dalla sede stradale;Rettilineo;Una carreggiata a doppio senso;Asciutto;Asfaltata;Verticale ed orizzontale;Sereno;Scarso;Sufficiente;;0;0;0;4;12.47;41.8406;-1;1;Autovettura privata;In marcia / fermata / arresto;Passeggero;M;Illeso;0;;;
5993414;19;04/06/2022 10:00:00;Strada Urbana;VIA STRESA;in corrispondenza;;del civico n.;133;;Veicolo in marcia contro veicoli in sosta;Curva senza visuale libera;Una carreggiata a doppio senso;Asciutto;Asfaltata;Orizzontale;Sereno;Scarso;Buona;;0;0;0;0;12.4402;41.9382;-1;1;Autovettura privata;Sosta;;;;;;;
5993414;19;04/06/2022 10:00:00;Strada Urbana;VIA STRESA;in corrispondenza;;del civico n.;133;;Veicolo in marcia contro veicoli in sosta;Curva senza visuale libera;Una carreggiata a doppio senso;Asciutto;Asfaltata;Orizzontale;Sereno;Scarso;Buona;;0;0;0;0;12.4402;41.9382;-1;2;Autovettura privata;Allontanatosi;;;;;;;
5993418;1;05/06/2022 21:25:00;Strada Urbana;LUNGOTEVERE DEI TEBALDI;in prossimità;;del civico n.;17;;Investimento di pedone;Rettilineo;Una carreggiata a senso unico di marcia;Asciutto;Asfaltata;Verticale ed orizzontale;Sereno;Normale;Sufficiente;;0;0;0;2;12.4686;41.8949;-1;;;;Pedone;M;Illeso;0;;;
5993418;1;05/06/2022 21:25:00;Strada Urbana;LUNGOTEVERE DEI TEBALDI;in prossimità;;del civico n.;17;;Investimento di pedone;Rettilineo;Una carreggiata a senso unico di marcia;Asciutto;Asfaltata;Verticale ed orizzontale;Sereno;Normale;Sufficiente;;0;0;0;2;12.4686;41.8949;-1;1;Motociclo a solo;In marcia / fermata / arresto;Conducente;M;Illeso;0;;Non accertato;
5993418;1;05/06/2022 21:25:00;Strada Urbana;LUNGOTEVERE DEI TEBALDI;in prossimità;;del civico n.;17;;Investimento di pedone;Rettilineo;Una carreggiata a senso unico di marcia;Asciutto;Asfaltata;Verticale ed orizzontale;Sereno;Normale;Sufficiente;;0;0;0;2;12.4686;41.8949;-1;2;Autovettura privata;Sosta;;;;;;;
5993418;1;05/06/2022 21:25:00;Strada Urbana;LUNGOTEVERE DEI TEBALDI;in prossimità;;del civico n.;17;;Investimento di pedone;Rettilineo;Una carreggiata a senso unico di marcia;Asciutto;Asfaltata;Verticale ed orizzontale;Sereno;Normale;Sufficiente;;0;0;0;2;12.4686;41.8949;-1;3;Autovettura privata;Sosta;;;;;;;
5993432;18;04/06/2022 07:00:00;Strada Urbana;VIA CARDINALE GARAMPI;all'intersezione con;VIA CARDINAL PASSIONEI;VIA CARDINAL PASSIONEI;;;Veicolo in marcia contro veicoli in sosta;Incrocio;Una carreggiata a senso unico di marcia;Asciutto;Asfaltata;Verticale ed orizzontale;Sereno;Normale;Buona;;1;0;0;0;12.4217;41.915;-1;1;Motociclo a solo;In marcia / fermata / arresto;Conducente;M;Ricoverato;0;NON DECEDUTO;;
5993432;18;04/06/2022 07:00:00;Strada Urbana;VIA CARDINALE GARAMPI;all'intersezione con;VIA CARDINAL PASSIONEI;VIA CARDINAL PASSIONEI;;;Veicolo in marcia contro veicoli in sosta;Incrocio;Una carreggiata a senso unico di marcia;Asciutto;Asfaltata;Verticale ed orizzontale;Sereno;Normale;Buona;;1;0;0;0;12.4217;41.915;-1;2;Autovettura privata;Sosta;;;;;;;
5993432;18;04/06/2022 07:00:00;Strada Urbana;VIA CARDINALE GARAMPI;all'intersezione con;VIA CARDINAL PASSIONEI;VIA CARDINAL PASSIONEI;;;Veicolo in marcia contro veicoli in sosta;Incrocio;Una carreggiata a senso unico di marcia;Asciutto;Asfaltata;Verticale ed orizzontale;Sereno;Normale;Buona;;1;0;0;0;12.4217;41.915;-1;3;Autovettura privata;Sosta;;;;;;;
5993442;19;04/06/2022 19:00:00;Strada Urbana;VIA DEI BRUNO;in corrispondenza;;del civico n.;14;;Investimento di pedone;Rettilineo;Una carreggiata a senso unico di marcia;Asciutto;Asfaltata;Assente;Sereno;Normale;Buona;;1;0;0;1;12.4149;41.9293;-1;;;;Pedone;F;Rimandato;0;NON DECEDUTO;;
5993442;19;04/06/2022 19:00:00;Strada Urbana;VIA DEI BRUNO;in corrispondenza;;del civico n.;14;;Investimento di pedone;Rettilineo;Una carreggiata a senso unico di marcia;Asciutto;Asfaltata;Assente;Sereno;Normale;Buona;;1;0;0;1;12.4149;41.9293;-1;1;Autovettura privata;In marcia / fermata / arresto;Conducente;M;Illeso;0;;;
5993444;10;06/06/2022 01:50:00;Strada Urbana;VIALE SPARTACO;all'intersezione semaforizzata con;VIA VALERIO PUBLICOLA;VIA VALERIO PUBLICOLA;;;Scontro frontale/laterale DX fra veicoli in marcia;Intersezione semaforizzata;Due carreggiate;Asciutto;Asfaltata;Verticale ed orizzontale;Sereno;Scarso;Sufficiente;;1;0;0;2;12.5572;41.8568;-1;1;Autovettura pubblica;In marcia / fermata / arresto;Conducente;M;Illeso;0;;Non accertato;Inesploso
5993444;10;06/06/2022 01:50:00;Strada Urbana;VIALE SPARTACO;all'intersezione semaforizzata con;VIA VALERIO PUBLICOLA;VIA VALERIO PUBLICOLA;;;Scontro frontale/laterale DX fra veicoli in marcia;Intersezione semaforizzata;Due carreggiate;Asciutto;Asfaltata;Verticale ed orizzontale;Sereno;Scarso;Sufficiente;;1;0;0;2;12.5572;41.8568;-1;1;Autovettura pubblica;In marcia / fermata / arresto;Passeggero;F;Rimandato;0;NON DECEDUTO;Non accertato;Inesploso
5993444;10;06/06/2022 01:50:00;Strada Urbana;VIALE SPARTACO;all'intersezione semaforizzata con;VIA VALERIO PUBLICOLA;VIA VALERIO PUBLICOLA;;;Scontro frontale/laterale DX fra veicoli in marcia;Intersezione semaforizzata;Due carreggiate;Asciutto;Asfaltata;Verticale ed orizzontale;Sereno;Scarso;Sufficiente;;1;0;0;2;12.5572;41.8568;-1;2;Autovettura privata;In marcia / fermata / arresto;Conducente;M;Illeso;0;;Non accertato;Inesploso
5993460;5;03/06/2022 10:30:00;Strada Urbana;VIA TURRIVALIGNANI;all'intersezione con;VIA MORRO D'ORO;VIA MORRO D'ORO;;;Scontro frontale/laterale DX fra veicoli in marcia;Incrocio;Una carreggiata a doppio senso;Asciutto;Asfaltata;Verticale ed orizzontale;Sereno;Scarso;Buona;;0;0;0;2;12.6488;41.933;-1;1;Autovettura privata;In marcia / fermata / arresto;Conducente;F;Illeso;0;;Non accertato;Inesploso
5993460;5;03/06/2022 10:30:00;Strada Urbana;VIA TURRIVALIGNANI;all'intersezione con;VIA MORRO D'ORO;VIA MORRO D'ORO;;;Scontro frontale/laterale DX fra veicoli in marcia;Incrocio;Una carreggiata a doppio senso;Asciutto;Asfaltata;Verticale ed orizzontale;Sereno;Scarso;Buona;;0;0;0;2;12.6488;41.933;-1;2;Autovettura privata;In marcia / fermata / arresto;Conducente;M;Illeso;0;;Non accertato;Inesploso
5993471;15;06/06/2022 03:40:00;Strada Urbana;VIA ASCIANO;in corrispondenza;;del civico n.;19;;Veicolo in marcia contro veicolo in sosta;Rettilineo;Una carreggiata a doppio senso;Asciutto;Asfaltata;Assente;Sereno;Scarso;Buona;;0;0;0;1;12.4521;41.839;-1;1;Autoarticolato;In marcia / fermata / arresto;Conducente;M;Illeso;0;;Non accertato;
5993471;15;06/06/2022 03:40:00;Strada Urbana;VIA ASCIANO;in corrispondenza;;del civico n.;19;;Veicolo in marcia contro veicolo in sosta;Rettilineo;Una carreggiata a doppio senso;Asciutto;Asfaltata;Assente;Sereno;Scarso;Buona;;0;0;0;1;12.4521;41.839;-1;2;Autovettura privata;Sosta;;;;;;;
5993473;5;03/06/2022 07:25:00;Strada Urbana;VIA DI MARCO SIMONE;da specificare;;;;prossimità VIA BELLEGRA;Scontro laterale fra veicoli in marcia;Rettilineo;Una carreggiata a doppio senso;Asciutto;Asfaltata;Orizzontale;Sereno;Normale;Buona;;2;0;0;1;12.6427;41.9574;-1;1;Autovettura privata;In marcia / fermata / arresto;Conducente;M;Rimandato;0;NON DECEDUTO;Non accertato;
5993473;5;03/06/2022 07:25:00;Strada Urbana;VIA DI MARCO SIMONE;da specificare;;;;prossimità VIA BELLEGRA;Scontro laterale fra veicoli in marcia;Rettilineo;Una carreggiata a doppio senso;Asciutto;Asfaltata;Orizzontale;Sereno;Normale;Buona;;2;0;0;1;12.6427;41.9574;-1;1;Autovettura privata;In marcia / fermata / arresto;Passeggero;F;Rimandato;0;NON DECEDUTO;Non accertato;
5993473;5;03/06/2022 07:25:00;Strada Urbana;VIA DI MARCO SIMONE;da specificare;;;;prossimità VIA BELLEGRA;Scontro laterale fra veicoli in marcia;Rettilineo;Una carreggiata a doppio senso;Asciutto;Asfaltata;Orizzontale;Sereno;Normale;Buona;;2;0;0;1;12.6427;41.9574;-1;2;Autovettura privata;In marcia / fermata / arresto;Conducente;F;Illeso;0;;Non accertato;
5993493;5;04/06/2022 05:50:00;Strada Urbana;VIA DI TOR CERVARA;da specificare;;;;altezza Laghi Sportivi;Veicolo in marcia contro ostacolo accidentale;Rettilineo;Una carreggiata a doppio senso;Asciutto;Asfaltata;Verticale ed orizzontale;Sereno;Scarso;Buona;;0;0;0;1;12.5871;41.9275;-1;1;Autobus di linea;In marcia / fermata / arresto;Conducente;M;Illeso;0;;Non accertato;
5993501;19;05/06/2022 02:20:00;Strada Urbana;VIALE DELLE MEDAGLIE D'ORO;all'intersezione con;VIA DUCCIO GALIMBERTI;VIA DUCCIO GALIMBERTI;;;Veicolo in marcia contro veicolo in sosta;Incrocio;Una carreggiata a doppio senso;Asciutto;Asfaltata;Verticale ed orizzontale;Sereno;Scarso;Buona;;0;0;0;5;12.4436;41.9137;-1;1;Autovettura privata;In marcia / fermata / arresto;Conducente;M;Illeso;0;;Non accertato;Inesploso
5993501;19;05/06/2022 02:20:00;Strada Urbana;VIALE DELLE MEDAGLIE D'ORO;all'intersezione con;VIA DUCCIO GALIMBERTI;VIA DUCCIO GALIMBERTI;;;Veicolo in marcia contro veicolo in sosta;Incrocio;Una carreggiata a doppio senso;Asciutto;Asfaltata;Verticale ed orizzontale;Sereno;Scarso;Buona;;0;0;0;5;12.4436;41.9137;-1;1;Autovettura privata;In marcia / fermata / arresto;Passeggero;F;Illeso;0;;Non accertato;Inesploso
5993501;19;05/06/2022 02:20:00;Strada Urbana;VIALE DELLE MEDAGLIE D'ORO;all'intersezione con;VIA DUCCIO GALIMBERTI;VIA DUCCIO GALIMBERTI;;;Veicolo in marcia contro veicolo in sosta;Incrocio;Una carreggiata a doppio senso;Asciutto;Asfaltata;Verticale ed orizzontale;Sereno;Scarso;Buona;;0;0;0;5;12.4436;41.9137;-1;2;Autovettura privata;In marcia / fermata / arresto;Conducente;M;Illeso;0;;Non accertato;Inesploso
5993501;19;05/06/2022 02:20:00;Strada Urbana;VIALE DELLE MEDAGLIE D'ORO;all'intersezione con;VIA DUCCIO GALIMBERTI;VIA DUCCIO GALIMBERTI;;;Veicolo in marcia contro veicolo in sosta;Incrocio;Una carreggiata a doppio senso;Asciutto;Asfaltata;Verticale ed orizzontale;Sereno;Scarso;Buona;;0;0;0;5;12.4436;41.9137;-1;2;Autovettura privata;In marcia / fermata / arresto;Passeggero;F;Illeso;0;;Non accertato;Inesploso
5993501;19;05/06/2022 02:20:00;Strada Urbana;VIALE DELLE MEDAGLIE D'ORO;all'intersezione con;VIA DUCCIO GALIMBERTI;VIA DUCCIO GALIMBERTI;;;Veicolo in marcia contro veicolo in sosta;Incrocio;Una carreggiata a doppio senso;Asciutto;Asfaltata;Verticale ed orizzontale;Sereno;Scarso;Buona;;0;0;0;5;12.4436;41.9137;-1;3;Autovettura privata;Sosta;;;;;;;
5993504;7;05/06/2022 11:10:00;Strada Urbana;VIA COLLATINA;in prossimità;;del civico n.;439;;Scontro frontale/laterale SX fra veicoli in marcia;Rettilineo;Una carreggiata a doppio senso;Asciutto;Asfaltata;Assente;Nuvoloso;Scarso;Buona;;0;0;0;2;12.6098;41.9052;-1;1;Autovettura privata;In marcia / fermata / arresto;Conducente;M;Illeso;0;;Non accertato;Inesploso
5993504;7;05/06/2022 11:10:00;Strada Urbana;VIA COLLATINA;in prossimità;;del civico n.;439;;Scontro frontale/laterale SX fra veicoli in marcia;Rettilineo;Una carreggiata a doppio senso;Asciutto;Asfaltata;Assente;Nuvoloso;Scarso;Buona;;0;0;0;2;12.6098;41.9052;-1;2;Motociclo con passeggero;In marcia / fermata / arresto;Conducente;M;Illeso;0;;Non accertato;
5993509;5;04/06/2022 18:30:00;Strada Urbana;VIA DEI MONTI TIBURTINI;da specificare;;;;altezza via G. Stefani;Scontro laterale fra veicoli in marcia;Rettilineo;Due carreggiate;Asciutto;Asfaltata;Verticale ed orizzontale;Sereno;Normale;Buona;;0;0;0;2;12.5483;41.9153;-1;1;Motociclo a solo;In marcia / fermata / arresto;Conducente;M;Illeso;0;;Non accertato;
5993509;5;04/06/2022 18:30:00;Strada Urbana;VIA DEI MONTI TIBURTINI;da specificare;;;;altezza via G. Stefani;Scontro laterale fra veicoli in marcia;Rettilineo;Due carreggiate;Asciutto;Asfaltata;Verticale ed orizzontale;Sereno;Normale;Buona;;0;0;0;2;12.5483;41.9153;-1;2;Autobus di linea;In marcia / fermata / arresto;Conducente;M;Illeso;0;;Non accertato;Inesploso
5993526;5;04/06/2022 19:20:00;Strada Urbana;VIA MANOPPELLO;da specificare;;;;prossimità VIA MASSA SAN GIULIANO;Veicolo in marcia contro veicolo in sosta;Rettilineo;Una carreggiata a senso unico di marcia;Asciutto;Asfaltata;Verticale ed orizzontale;Sereno;Scarso;Sufficiente;;0;0;0;1;12.6915;41.9066;-1;1;Autovettura privata;Sosta;;;;;;;
5993526;5;04/06/2022 19:20:00;Strada Urbana;VIA MANOPPELLO;da specificare;;;;prossimità VIA MASSA SAN GIULIANO;Veicolo in marcia contro veicolo in sosta;Rettilineo;Una carreggiata a senso unico di marcia;Asciutto;Asfaltata;Verticale ed orizzontale;Sereno;Scarso;Sufficiente;;0;0;0;1;12.6915;41.9066;-1;2;Autovettura privata;In marcia / fermata / arresto;Conducente;M;Illeso;0;;Non accertato;
5993533;5;05/06/2022 01:20:00;Strada Urbana;PIAZZA TOMMASO DE CRISTOFORIS;all'intersezione con;VIA ALBERTO POLLIO;VIA ALBERTO POLLIO;;;Scontro frontale/laterale DX fra veicoli in marcia;Incrocio;Una carreggiata a doppio senso;Asciutto;Asfaltata;Verticale ed orizzontale;Sereno;Normale;Sufficiente;;3;0;0;1;12.5347;41.9005;-1;1;Autovettura privata;In marcia / fermata / arresto;Conducente;M;Rimandato;0;NON DECEDUTO;Non accertato;Esploso
5993533;5;05/06/2022 01:20:00;Strada Urbana;PIAZZA TOMMASO DE CRISTOFORIS;all'intersezione con;VIA ALBERTO POLLIO;VIA ALBERTO POLLIO;;;Scontro frontale/laterale DX fra veicoli in marcia;Incrocio;Una carreggiata a doppio senso;Asciutto;Asfaltata;Verticale ed orizzontale;Sereno;Normale;Sufficiente;;3;0;0;1;12.5347;41.9005;-1;1;Autovettura privata;In marcia / fermata / arresto;Passeggero;M;Illeso;0;;;Esploso
5993533;5;05/06/2022 01:20:00;Strada Urbana;PIAZZA TOMMASO DE CRISTOFORIS;all'intersezione con;VIA ALBERTO POLLIO;VIA ALBERTO POLLIO;;;Scontro frontale/laterale DX fra veicoli in marcia;Incrocio;Una carreggiata a doppio senso;Asciutto;Asfaltata;Verticale ed orizzontale;Sereno;Normale;Sufficiente;;3;0;0;1;12.5347;41.9005;-1;2;Autovettura di polizia;In marcia / fermata / arresto;Conducente;M;Rimandato;0;NON DECEDUTO;Non accertato;Inesploso
5993533;5;05/06/2022 01:20:00;Strada Urbana;PIAZZA TOMMASO DE CRISTOFORIS;all'intersezione con;VIA ALBERTO POLLIO;VIA ALBERTO POLLIO;;;Scontro frontale/laterale DX fra veicoli in marcia;Incrocio;Una carreggiata a doppio senso;Asciutto;Asfaltata;Verticale ed orizzontale;Sereno;Normale;Sufficiente;;3;0;0;1;12.5347;41.9005;-1;2;Autovettura di polizia;In marcia / fermata / arresto;Passeggero;F;Rimandato;0;NON DECEDUTO;Non accertato;Inesploso
5993533;5;05/06/2022 01:20:00;Strada Urbana;PIAZZA TOMMASO DE CRISTOFORIS;all'intersezione con;VIA ALBERTO POLLIO;VIA ALBERTO POLLIO;;;Scontro frontale/laterale DX fra veicoli in marcia;Incrocio;Una carreggiata a doppio senso;Asciutto;Asfaltata;Verticale ed orizzontale;Sereno;Normale;Sufficiente;;3;0;0;1;12.5347;41.9005;-1;3;Motociclo a solo;Sosta;;;;;;;
5993533;5;05/06/2022 01:20:00;Strada Urbana;PIAZZA TOMMASO DE CRISTOFORIS;all'intersezione con;VIA ALBERTO POLLIO;VIA ALBERTO POLLIO;;;Scontro frontale/laterale DX fra veicoli in marcia;Incrocio;Una carreggiata a doppio senso;Asciutto;Asfaltata;Verticale ed orizzontale;Sereno;Normale;Sufficiente;;3;0;0;1;12.5347;41.9005;-1;4;Motociclo a solo;Sosta;;;;;;;
5993533;5;05/06/2022 01:20:00;Strada Urbana;PIAZZA TOMMASO DE CRISTOFORIS;all'intersezione con;VIA ALBERTO POLLIO;VIA ALBERTO POLLIO;;;Scontro frontale/laterale DX fra veicoli in marcia;Incrocio;Una carreggiata a doppio senso;Asciutto;Asfaltata;Verticale ed orizzontale;Sereno;Normale;Sufficiente;;3;0;0;1;12.5347;41.9005;-1;5;Motociclo a solo;Sosta;;;;;;;
5993533;5;05/06/2022 01:20:00;Strada Urbana;PIAZZA TOMMASO DE CRISTOFORIS;all'intersezione con;VIA ALBERTO POLLIO;VIA ALBERTO POLLIO;;;Scontro frontale/laterale DX fra veicoli in marcia;Incrocio;Una carreggiata a doppio senso;Asciutto;Asfaltata;Verticale ed orizzontale;Sereno;Normale;Sufficiente;;3;0;0;1;12.5347;41.9005;-1;6;Motociclo a solo;Sosta;;;;;;;
5993533;5;05/06/2022 01:20:00;Strada Urbana;PIAZZA TOMMASO DE CRISTOFORIS;all'intersezione con;VIA ALBERTO POLLIO;VIA ALBERTO POLLIO;;;Scontro frontale/laterale DX fra veicoli in marcia;Incrocio;Una carreggiata a doppio senso;Asciutto;Asfaltata;Verticale ed orizzontale;Sereno;Normale;Sufficiente;;3;0;0;1;12.5347;41.9005;-1;7;Motociclo a solo;Sosta;;;;;;;
5993533;5;05/06/2022 01:20:00;Strada Urbana;PIAZZA TOMMASO DE CRISTOFORIS;all'intersezione con;VIA ALBERTO POLLIO;VIA ALBERTO POLLIO;;;Scontro frontale/laterale DX fra veicoli in marcia;Incrocio;Una carreggiata a doppio senso;Asciutto;Asfaltata;Verticale ed orizzontale;Sereno;Normale;Sufficiente;;3;0;0;1;12.5347;41.9005;-1;8;Motociclo a solo;Sosta;;;;;;;
5993533;5;05/06/2022 01:20:00;Strada Urbana;PIAZZA TOMMASO DE CRISTOFORIS;all'intersezione con;VIA ALBERTO POLLIO;VIA ALBERTO POLLIO;;;Scontro frontale/laterale DX fra veicoli in marcia;Incrocio;Una carreggiata a doppio senso;Asciutto;Asfaltata;Verticale ed orizzontale;Sereno;Normale;Sufficiente;;3;0;0;1;12.5347;41.9005;-1;9;Motociclo a solo;Sosta;;;;;;;
5993533;5;05/06/2022 01:20:00;Strada Urbana;PIAZZA TOMMASO DE CRISTOFORIS;all'intersezione con;VIA ALBERTO POLLIO;VIA ALBERTO POLLIO;;;Scontro frontale/laterale DX fra veicoli in marcia;Incrocio;Una carreggiata a doppio senso;Asciutto;Asfaltata;Verticale ed orizzontale;Sereno;Normale;Sufficiente;;3;0;0;1;12.5347;41.9005;-1;10;Motociclo a solo;Sosta;;;;;;;
5993533;5;05/06/2022 01:20:00;Strada Urbana;PIAZZA TOMMASO DE CRISTOFORIS;all'intersezione con;VIA ALBERTO POLLIO;VIA ALBERTO POLLIO;;;Scontro frontale/laterale DX fra veicoli in marcia;Incrocio;Una carreggiata a doppio senso;Asciutto;Asfaltata;Verticale ed orizzontale;Sereno;Normale;Sufficiente;;3;0;0;1;12.5347;41.9005;-1;11;Velocipede;Sosta;;;;;;;
5993537;19;05/06/2022 12:00:00;Strada Urbana;VIA DELLA PINETA SACCHETTI;all'intersezione con;VIA LUIGI ARBIB PASCUCCI;VIA LUIGI ARBIB PASCUCCI;;;Scontro frontale/laterale SX fra veicoli in marcia;Incrocio;Due carreggiate;Asciutto;Asfaltata;Verticale ed orizzontale;Sereno;Normale;Buona;;1;0;0;2;12.4267;41.9268;-1;1;Autovettura privata;In marcia / fermata / arresto;Conducente;M;Illeso;0;;;
5993537;19;05/06/2022 12:00:00;Strada Urbana;VIA DELLA PINETA SACCHETTI;all'intersezione con;VIA LUIGI ARBIB PASCUCCI;VIA LUIGI ARBIB PASCUCCI;;;Scontro frontale/laterale SX fra veicoli in marcia;Incrocio;Due carreggiate;Asciutto;Asfaltata;Verticale ed orizzontale;Sereno;Normale;Buona;;1;0;0;2;12.4267;41.9268;-1;1;Autovettura privata;In marcia / fermata / arresto;Passeggero;F;Illeso;0;;;
5993537;19;05/06/2022 12:00:00;Strada Urbana;VIA DELLA PINETA SACCHETTI;all'intersezione con;VIA LUIGI ARBIB PASCUCCI;VIA LUIGI ARBIB PASCUCCI;;;Scontro frontale/laterale SX fra veicoli in marcia;Incrocio;Due carreggiate;Asciutto;Asfaltata;Verticale ed orizzontale;Sereno;Normale;Buona;;1;0;0;2;12.4267;41.9268;-1;2;Motociclo a solo;In marcia / fermata / arresto;Conducente;M;Rimandato;0;NON DECEDUTO;;
5993548;18;03/06/2022 17:45:00;Strada Urbana;VIA DI BOCCEA;all'intersezione con;VIA NAZARETH;VIA NAZARETH;;;Scontro laterale fra veicoli in marcia;Incrocio;Due carreggiate;Asciutto;Asfaltata;Verticale ed orizzontale;Sereno;Normale;Buona;;1;0;0;1;12.3847;41.9149;-1;1;Autovettura privata;In marcia / fermata / arresto;Conducente;M;Illeso;0;;Non accertato;
5993548;18;03/06/2022 17:45:00;Strada Urbana;VIA DI BOCCEA;all'intersezione con;VIA NAZARETH;VIA NAZARETH;;;Scontro laterale fra veicoli in marcia;Incrocio;Due carreggiate;Asciutto;Asfaltata;Verticale ed orizzontale;Sereno;Normale;Buona;;1;0;0;1;12.3847;41.9149;-1;2;Motociclo a solo;In marcia / fermata / arresto;Conducente;M;Rimandato;0;NON DECEDUTO;;
5993551;7;05/06/2022 13:45:00;Strada Urbana;VIALE PALMIRO TOGLIATTI;in corrispondenza;;del civico n.;782;;Tamponamento Multiplo;Rettilineo;Due carreggiate;Asciutto;Asfaltata;Verticale ed orizzontale;Sereno;Normale;Buona;;2;0;0;2;12.5737;41.8839;-1;1;Autovettura privata;In marcia / fermata / arresto;Conducente;F;Rimandato;0;NON DECEDUTO;Non accertato;Inesploso
5993551;7;05/06/2022 13:45:00;Strada Urbana;VIALE PALMIRO TOGLIATTI;in corrispondenza;;del civico n.;782;;Tamponamento Multiplo;Rettilineo;Due carreggiate;Asciutto;Asfaltata;Verticale ed orizzontale;Sereno;Normale;Buona;;2;0;0;2;12.5737;41.8839;-1;2;Autovettura privata;In marcia / fermata / arresto;Conducente;M;Rimandato;0;NON DECEDUTO;Non accertato;Inesploso
5993551;7;05/06/2022 13:45:00;Strada Urbana;VIALE PALMIRO TOGLIATTI;in corrispondenza;;del civico n.;782;;Tamponamento Multiplo;Rettilineo;Due carreggiate;Asciutto;Asfaltata;Verticale ed orizzontale;Sereno;Normale;Buona;;2;0;0;2;12.5737;41.8839;-1;3;Autovettura privata;In marcia / fermata / arresto;Conducente;M;Illeso;0;;Non accertato;Inesploso
5993551;7;05/06/2022 13:45:00;Strada Urbana;VIALE PALMIRO TOGLIATTI;in corrispondenza;;del civico n.;782;;Tamponamento Multiplo;Rettilineo;Due carreggiate;Asciutto;Asfaltata;Verticale ed orizzontale;Sereno;Normale;Buona;;2;0;0;2;12.5737;41.8839;-1;3;Autovettura privata;In marcia / fermata / arresto;Passeggero;M;Illeso;0;;Non accertato;Inesploso
5993566;1;06/06/2022 07:05:00;Strada Urbana;LUNGOTEVERE IN AUGUSTA;da specificare;;;;altezza ARA PACIS;Tamponamento Multiplo;Curva a visuale libera;Una carreggiata a senso unico di marcia;Asciutto;Asfaltata;Orizzontale;Sereno;Normale;Buona;;0;0;0;3;12.4752;41.906;-1;1;Autovettura privata;In marcia / fermata / arresto;Conducente;M;Illeso;0;;Non accertato;Inesploso
5993566;1;06/06/2022 07:05:00;Strada Urbana;LUNGOTEVERE IN AUGUSTA;da specificare;;;;altezza ARA PACIS;Tamponamento Multiplo;Curva a visuale libera;Una carreggiata a senso unico di marcia;Asciutto;Asfaltata;Orizzontale;Sereno;Normale;Buona;;0;0;0;3;12.4752;41.906;-1;2;Autovettura privata;In marcia / fermata / arresto;Conducente;M;Illeso;0;;Non accertato;Inesploso
5993566;1;06/06/2022 07:05:00;Strada Urbana;LUNGOTEVERE IN AUGUSTA;da specificare;;;;altezza ARA PACIS;Tamponamento Multiplo;Curva a visuale libera;Una carreggiata a senso unico di marcia;Asciutto;Asfaltata;Orizzontale;Sereno;Normale;Buona;;0;0;0;3;12.4752;41.906;-1;3;Autovettura privata;In marcia / fermata / arresto;Conducente;M;Illeso;0;;Non accertato;Inesploso