Protocollo;Gruppo;DataOraIncidente;Localizzazione1;STRADA1;Localizzazione2;STRADA2;Strada02;Chilometrica;DaSpecificare;NaturaIncidente;particolaritastrade;TipoStrada;FondoStradale;Pavimentazione;Segnaletica;CondizioneAtmosferica;Traffico;Visibilita;Illuminazione;NUM_FERITI;NUM_RISERVATA;NUM_MORTI;NUM_ILLESI;Longitude;Latitude;Confermato;Progressivo;TipoVeicolo;StatoVeicolo;TipoPersona;Sesso;Tipolesione;Deceduto;DecedutoDopo;CinturaCascoUtilizzato;Airbag;
5993585;19;05/06/2022 14:45:00;Strada Urbana;VIA CISLAGO;all'intersezione con;VIA CASOREZZO;VIA CASOREZZO;;;Veicolo in marcia contro veicolo in sosta;Incrocio;Una carreggiata a senso unico di marcia;Asciutto;Asfaltata;Verticale ed orizzontale;Sereno;Scarso;Buona;;0;0;0;1;12.3819;41.9552;-1;1;Autobus di linea;In marcia / fermata / arresto;Conducente;M;Illeso;0;;Non accertato;Inesploso
5993585;19;05/06/2022 14:45:00;Strada Urbana;VIA CISLAGO;all'intersezione con;VIA CASOREZZO;VIA CASOREZZO;;;Veicolo in marcia contro veicolo in sosta;Incrocio;Una carreggiata a senso unico di marcia;Asciutto;Asfaltata;Verticale ed orizzontale;Sereno;Scarso;Buona;;0;0;0;1;12.3819;41.9552;-1;2;Autovettura privata;Sosta;;;;;;;
5993597;23;05/06/2022 03:10:00;Strada Urbana;VIALE DELLO SCALO S. LORENZO;in corrispondenza;;del civico n.;51;;Infortunio per sola frenata improvvisa;Rettilineo;Più di due carreggiate;Asciutto;Asfaltata;Verticale ed orizzontale;Sereno;Scarso;Sufficiente;;1;0;0;0;12.5171;41.8949;-1;1;Motociclo a solo;In marcia / fermata / arresto;Conducente;M;Rimandato;0;NON DECEDUTO;Utilizzato;
5993597;23;05/06/2022 03:10:00;Strada Urbana;VIALE DELLO SCALO S. LORENZO;in corrispondenza;;del civico n.;51;;Infortunio per sola frenata improvvisa;Rettilineo;Più di due carreggiate;Asciutto;Asfaltata;Verticale ed orizzontale;Sereno;Scarso;Sufficiente;;1;0;0;0;12.5171;41.8949;-1;2;Autovettura privata;Allontanatosi;;;;;;;
5993616;19;05/06/2022 17:00:00;Strada Urbana;VIA ARGENTERA;in prossimità;;del civico n.;37;;Veicolo in marcia contro veicolo in sosta;Curva a visuale libera;Una carreggiata a doppio senso;Asciutto;Asfaltata;Assente;Sereno;Scarso;Buona;;0;0;0;0;12.3628;41.9322;-1;1;Autovettura privata;Sosta;;;;;;;
5993616;19;05/06/2022 17:00:00;Strada Urbana;VIA ARGENTERA;in prossimità;;del civico n.;37;;Veicolo in marcia contro veicolo in sosta;Curva a visuale libera;Una carreggiata a doppio senso;Asciutto;Asfaltata;Assente;Sereno;Scarso;Buona;;0;0;0;0;12.3628;41.9322;-1;2;Autovettura privata;Allontanatosi;;;;;;;
5993617;7;05/06/2022 21:00:00;Strada Urbana;VIA TOR DE' SCHIAVI;all'intersezione con;VIA DEI GLICINI;VIA DEI GLICINI;;;Scontro frontale fra veicoli in marcia;Incrocio;Una carreggiata a doppio senso;Asciutto;Asfaltata;Verticale ed orizzontale;Sereno;Normale;Sufficiente;;1;0;0;3;12.5638;41.8797;-1;1;Motociclo a solo;In marcia / fermata / arresto;Conducente;M;Rimandato;0;NON DECEDUTO;Non accertato;
5993617;7;05/06/2022 21:00:00;Strada Urbana;VIA TOR DE' SCHIAVI;all'intersezione con;VIA DEI GLICINI;VIA DEI GLICINI;;;Scontro frontale fra veicoli in marcia;Incrocio;Una carreggiata a doppio senso;Asciutto;Asfaltata;Verticale ed orizzontale;Sereno;Normale;Sufficiente;;1;0;0;3;12.5638;41.8797;-1;2;Autovettura privata;In marcia / fermata / arresto;Conducente;M;Illeso;0;;Non accertato;Inesploso
5993617;7;05/06/2022 21:00:00;Strada Urbana;VIA TOR DE' SCHIAVI;all'intersezione con;VIA DEI GLICINI;VIA DEI GLICINI;;;Scontro frontale fra veicoli in marcia;Incrocio;Una carreggiata a doppio senso;Asciutto;Asfaltata;Verticale ed orizzontale;Sereno;Normale;Sufficiente;;1;0;0;3;12.5638;41.8797;-1;2;Autovettura privata;In marcia / fermata / arresto;Passeggero;M;Illeso;0;;Non accertato;Inesploso
5993617;7;05/06/2022 21:00:00;Strada Urbana;VIA TOR DE' SCHIAVI;all'intersezione con;VIA DEI GLICINI;VIA DEI GLICINI;;;Scontro frontale fra veicoli in marcia;Incrocio;Una carreggiata a doppio senso;Asciutto;Asfaltata;Verticale ed orizzontale;Sereno;Normale;Sufficiente;;1;0;0;3;12.5638;41.8797;-1;2;Autovettura privata;In marcia / fermata / arresto;Passeggero;M;Illeso;0;;Non accertato;Inesploso
5993631;18;04/06/2022 02:30:00;Strada Urbana;VIA DI BOCCEA;da specificare;;;;AREA DI SERVIZIO FELGAS;Veicolo in marcia contro veicolo fermo;Rettilineo;Una carreggiata a senso unico di marcia;Asciutto;Asfaltata;Assente;Sereno;Scarso;Buona;;0;0;0;5;12.3847;41.9149;-1;1;Autovettura privata;In marcia / fermata / arresto;Conducente;M;Illeso;0;;Non accertato;
5993631;18;04/06/2022 02:30:00;Strada Urbana;VIA DI BOCCEA;da specificare;;;;AREA DI SERVIZIO FELGAS;Veicolo in marcia contro veicolo fermo;Rettilineo;Una carreggiata a senso unico di marcia;Asciutto;Asfaltata;Assente;Sereno;Scarso;Buona;;0;0;0;5;12.3847;41.9149;-1;2;Autovettura privata;In marcia / fermata / arresto;Conducente;F;Illeso;0;;Non accertato;
5993631;18;04/06/2022 02:30:00;Strada Urbana;VIA DI BOCCEA;da specificare;;;;AREA DI SERVIZIO FELGAS;Veicolo in marcia contro veicolo fermo;Rettilineo;Una carreggiata a senso unico di marcia;Asciutto;Asfaltata;Assente;Sereno;Scarso;Buona;;0;0;0;5;12.3847;41.9149;-1;2;Autovettura privata;In marcia / fermata / arresto;Passeggero;F;Illeso;0;;Non accertato;
5993631;18;04/06/2022 02:30:00;Strada Urbana;VIA DI BOCCEA;da specificare;;;;AREA DI SERVIZIO FELGAS;Veicolo in marcia contro veicolo fermo;Rettilineo;Una carreggiata a senso unico di marcia;Asciutto;Asfaltata;Assente;Sereno;Scarso;Buona;;0;0;0;5;12.3847;41.9149;-1;2;Autovettura privata;In marcia / fermata / arresto;Passeggero;F;Illeso;0;;Non accertato;
5993631;18;04/06/2022 02:30:00;Strada Urbana;VIA DI BOCCEA;da specificare;;;;AREA DI SERVIZIO FELGAS;Veicolo in marcia contro veicolo fermo;Rettilineo;Una carreggiata a senso unico di marcia;Asciutto;Asfaltata;Assente;Sereno;Scarso;Buona;;0;0;0;5;12.3847;41.9149;-1;2;Autovettura privata;In marcia / fermata / arresto;Passeggero;F;Illeso;0;;Non accertato;
5993676;19;06/06/2022 07:20:00;Strada Urbana;VIA TRIONFALE;all'intersezione con;VIA MARIA MONTESSORI;VIA MARIA MONTESSORI;;;Scontro frontale/laterale SX fra veicoli in marcia;Incrocio;Una carreggiata a doppio senso;Asciutto;Asfaltata;Orizzontale;Sereno;Normale;Buona;;1;0;0;2;12.4229;41.9409;-1;1;Autovettura privata;In marcia / fermata / arresto;Conducente;M;Illeso;0;;;
5993676;19;06/06/2022 07:20:00;Strada Urbana;VIA TRIONFALE;all'intersezione con;VIA MARIA MONTESSORI;VIA MARIA MONTESSORI;;;Scontro frontale/laterale SX fra veicoli in marcia;Incrocio;Una carreggiata a doppio senso;Asciutto;Asfaltata;Orizzontale;Sereno;Normale;Buona;;1;0;0;2;12.4229;41.9409;-1;1;Autovettura privata;In marcia / fermata / arresto;Passeggero;M;Illeso;0;;;
5993676;19;06/06/2022 07:20:00;Strada Urbana;VIA TRIONFALE;all'intersezione con;VIA MARIA MONTESSORI;VIA MARIA MONTESSORI;;;Scontro frontale/laterale SX fra veicoli in marcia;Incrocio;Una carreggiata a doppio senso;Asciutto;Asfaltata;Orizzontale;Sereno;Normale;Buona;;1;0;0;2;12.4229;41.9409;-1;2;Ciclomotore;In marcia / fermata / arresto;Conducente;M;Rimandato;0;NON DECEDUTO;;
5993707;18;04/06/2022 16:50:00;Strada Urbana;VIA DOMENICO TARDINI;in corrispondenza;;del civico n.;25/c;;Scontro laterale fra veicoli in marcia;Rettilineo;Una carreggiata a senso unico di marcia;Asciutto;Asfaltata;Verticale;Sereno;Normale;Buona;;1;0;0;2;12.426;41.9026;-1;1;Motociclo a solo;In marcia / fermata / arresto;Conducente;M;Rimandato;0;NON DECEDUTO;;
5993707;18;04/06/2022 16:50:00;Strada Urbana;VIA DOMENICO TARDINI;in corrispondenza;;del civico n.;25/c;;Scontro laterale fra veicoli in marcia;Rettilineo;Una carreggiata a senso unico di marcia;Asciutto;Asfaltata;Verticale;Sereno;Normale;Buona;;1;0;0;2;12.426;41.9026;-1;2;Autovettura privata;In marcia / fermata / arresto;Conducente;F;Illeso;0;;Non accertato;Inesploso
5993707;18;04/06/2022 16:50:00;Strada Urbana;VIA DOMENICO TARDINI;in corrispondenza;;del civico n.;25/c;;Scontro laterale fra veicoli in marcia;Rettilineo;Una carreggiata a senso unico di marcia;Asciutto;Asfaltata;Verticale;Sereno;Normale;Buona;;1;0;0;2;12.426;41.9026;-1;2;Autovettura privata;In marcia / fermata / arresto;Passeggero;M;Illeso;0;;Non accertato;Inesploso
5993707;18;04/06/2022 16:50:00;Strada Urbana;VIA DOMENICO TARDINI;in corrispondenza;;del civico n.;25/c;;Scontro laterale fra veicoli in marcia;Rettilineo;Una carreggiata a senso unico di marcia;Asciutto;Asfaltata;Verticale;Sereno;Normale;Buona;;1;0;0;2;12.426;41.9026;-1;3;Autovettura privata;Sosta;;;;;;;
5993711;10;06/06/2022 09:30:00;Strada Urbana;VIA DEL FONTANILE ANAGNINO;all'intersezione con;VIA PAPASIDERO;VIA PAPASIDERO;;;Scontro frontale/laterale DX fra veicoli in marcia;Incrocio;Due carreggiate;Asciutto;Asfaltata;Verticale ed orizzontale;Sereno;Normale;Buona;;0;0;0;4;12.6102;41.8112;-1;1;Autovettura privata;In marcia / fermata / arresto;Conducente;F;Illeso;0;;Non accertato;Inesploso
5993711;10;06/06/2022 09:30:00;Strada Urbana;VIA DEL FONTANILE ANAGNINO;all'intersezione con;VIA PAPASIDERO;VIA PAPASIDERO;;;Scontro frontale/laterale DX fra veicoli in marcia;Incrocio;Due carreggiate;Asciutto;Asfaltata;Verticale ed orizzontale;Sereno;Normale;Buona;;0;0;0;4;12.6102;41.8112;-1;2;Autovettura privata;In marcia / fermata / arresto;Conducente;F;Illeso;0;;Non accertato;Inesploso
5993711;10;06/06/2022 09:30:00;Strada Urbana;VIA DEL FONTANILE ANAGNINO;all'intersezione con;VIA PAPASIDERO;VIA PAPASIDERO;;;Scontro frontale/laterale DX fra veicoli in marcia;Incrocio;Due carreggiate;Asciutto;Asfaltata;Verticale ed orizzontale;Sereno;Normale;Buona;;0;0;0;4;12.6102;41.8112;-1;2;Autovettura privata;In marcia / fermata / arresto;Passeggero;M;Illeso;0;;;Inesploso
5993711;10;06/06/2022 09:30:00;Strada Urbana;VIA DEL FONTANILE ANAGNINO;all'intersezione con;VIA PAPASIDERO;VIA PAPASIDERO;;;Scontro frontale/laterale DX fra veicoli in marcia;Incrocio;Due carreggiate;Asciutto;Asfaltata;Verticale ed orizzontale;Sereno;Normale;Buona;;0;0;0;4;12.6102;41.8112;-1;2;Autovettura privata;In marcia / fermata / arresto;Passeggero;M;Illeso;0;;;Inesploso
5993719;16;03/06/2022 07:50:00;Strada Urbana;VIA SILVESTRI;in corrispondenza;;del civico n.;338;;Scontro frontale/laterale SX fra veicoli in marcia;Rettilineo;Una carreggiata a doppio senso;Asciutto;Asfaltata;Verticale ed orizzontale;Sereno;Normale;Buona;;0;0;0;3;12.4268;41.8772;-1;1;Motociclo a solo;In marcia / fermata / arresto;Conducente;F;Illeso;0;;Non accertato;
5993719;16;03/06/2022 07:50:00;Strada Urbana;VIA SILVESTRI;in corrispondenza;;del civico n.;338;;Scontro frontale/laterale SX fra veicoli in marcia;Rettilineo;Una carreggiata a doppio senso;Asciutto;Asfaltata;Verticale ed orizzontale;Sereno;Normale;Buona;;0;0;0;3;12.4268;41.8772;-1;2;Autovettura privata;In marcia / fermata / arresto;Conducente;M;Illeso;0;;Non accertato;Inesploso
5993719;16;03/06/2022 07:50:00;Strada Urbana;VIA SILVESTRI;in corrispondenza;;del civico n.;338;;Scontro frontale/laterale SX fra veicoli in marcia;Rettilineo;Una carreggiata a doppio senso;Asciutto;Asfaltata;Verticale ed orizzontale;Sereno;Normale;Buona;;0;0;0;3;12.4268;41.8772;-1;2;Autovettura privata;In marcia / fermata / arresto;Passeggero;F;Illeso;0;;Non accertato;Inesploso
5993724;12;06/06/2022 09:25:00;Strada Urbana;VIA DI DECIMA;da specificare;;;;pross. via delle comete;Scontro laterale fra veicoli in marcia;Rotatoria;Una carreggiata a senso unico di marcia;Asciutto;Asfaltata;Verticale ed orizzontale;Sereno;Normale;Buona;;1;0;0;1;12.4516;41.8151;-1;1;Autovettura privata;In marcia / fermata / arresto;Conducente;F;Illeso;0;;Non accertato;Inesploso
5993724;12;06/06/2022 09:25:00;Strada Urbana;VIA DI DECIMA;da specificare;;;;pross. via delle comete;Scontro laterale fra veicoli in marcia;Rotatoria;Una carreggiata a senso unico di marcia;Asciutto;Asfaltata;Verticale ed orizzontale;Sereno;Normale;Buona;;1;0;0;1;12.4516;41.8151;-1;2;Velocipede;In marcia / fermata / arresto;Conducente;M;Rimandato;0;NON DECEDUTO;Esente;
5993735;17;03/06/2022 16:45:00;Strada Urbana;VIA DELLA GIULIANA;in prossimità;;del civico n.;33;;Infortunio per sola frenata improvvisa;Rettilineo;Una carreggiata a doppio senso;Asciutto;Asfaltata;Verticale ed orizzontale;Sereno;Normale;Buona;;1;0;0;0;12.4546;41.9117;0;1;Motociclo a solo;In marcia / fermata / arresto;Conducente;M;Rimandato;0;NON DECEDUTO;;
5993746;17;03/06/2022 21:15:00;Strada Urbana;VIA DELLA PINETA SACCHETTI;all'intersezione con;VIA CALISTO II;VIA CALISTO II;;;Veicolo in marcia contro ostacolo accidentale;Incrocio;Una carreggiata a doppio senso;Asciutto;Asfaltata;Verticale ed orizzontale;Sereno;Scarso;Sufficiente;;1;0;0;0;12.425;41.924;-1;1;Motociclo a solo;In marcia / fermata / arresto;Conducente;M;Rimandato;0;NON DECEDUTO;;
5993748;16;03/06/2022 12:00:00;Strada Urbana;VIA DEL FONTANILE DI MEZZALUNA;in prossimità;;del civico n.;321;;Scontro frontale/laterale DX fra veicoli in marcia;Rettilineo;Una carreggiata a doppio senso;Asciutto;Asfaltata;Verticale ed orizzontale;Sereno;Normale;Buona;;1;0;0;2;12.261;41.9071;-1;1;Autovettura privata;In marcia / fermata / arresto;Conducente;M;Illeso;0;;;
5993748;16;03/06/2022 12:00:00;Strada Urbana;VIA DEL FONTANILE DI MEZZALUNA;in prossimità;;del civico n.;321;;Scontro frontale/laterale DX fra veicoli in marcia;Rettilineo;Una carreggiata a doppio senso;Asciutto;Asfaltata;Verticale ed orizzontale;Sereno;Normale;Buona;;1;0;0;2;12.261;41.9071;-1;1;Autovettura privata;In marcia / fermata / arresto;Passeggero;M;Rimandato;0;NON DECEDUTO;;
5993748;16;03/06/2022 12:00:00;Strada Urbana;VIA DEL FONTANILE DI MEZZALUNA;in prossimità;;del civico n.;321;;Scontro frontale/laterale DX fra veicoli in marcia;Rettilineo;Una carreggiata a doppio senso;Asciutto;Asfaltata;Verticale ed orizzontale;Sereno;Normale;Buona;;1;0;0;2;12.261;41.9071;-1;2;Autocarro inferiore 35 q.;In marcia / fermata / arresto;Conducente;M;Illeso;0;;;
5993757;3;05/06/2022 02:20:00;Strada Urbana;PIAZZA SALERNO;in prossimità;;del civico n.;3A;;Veicolo in marcia contro ostacolo fisso;Rotatoria;Una carreggiata a senso unico di marcia;Asciutto;Asfaltata;Verticale ed orizzontale;Sereno;Scarso;Sufficiente;;1;0;0;0;12.5127;41.9106;-1;1;Motociclo a solo;In marcia / fermata / arresto;Conducente;M;Rimandato;0;NON DECEDUTO;Non accertato;
5993758;17;04/06/2022 18:50:00;Strada Urbana;VIA FABIO MASSIMO;all'intersezione semaforizzata con;VIALE GIULIO CESARE;VIALE GIULIO CESARE;;;Investimento di pedone;Intersezione semaforizzata;Una carreggiata a senso unico di marcia;Asciutto;Asfaltata;Verticale ed orizzontale;Sereno;Normale;Buona;;1;0;0;1;12.4622;41.9088;-1;;;;Pedone;M;Rimandato;0;NON DECEDUTO;;
5993758;17;04/06/2022 18:50:00;Strada Urbana;VIA FABIO MASSIMO;all'intersezione semaforizzata con;VIALE GIULIO CESARE;VIALE GIULIO CESARE;;;Investimento di pedone;Intersezione semaforizzata;Una carreggiata a senso unico di marcia;Asciutto;Asfaltata;Verticale ed orizzontale;Sereno;Normale;Buona;;1;0;0;1;12.4622;41.9088;-1;1;Autovettura privata;In marcia / fermata / arresto;Conducente;M;Illeso;0;;;
5993801;16;06/06/2022 11:40:00;Strada Urbana;CIRCONVALLAZIONE GIANICOLENSE;in prossimità;;del civico n.;251;;Scontro frontale fra veicoli in marcia;Rettilineo;Più di due carreggiate;Asciutto;Asfaltata;Verticale ed orizzontale;Sereno;Normale;Buona;;0;0;0;2;12.4436;41.8766;-1;1;Autovettura privata;In marcia / fermata / arresto;Conducente;M;Illeso;0;;Non accertato;
5993801;16;06/06/2022 11:40:00;Strada Urbana;CIRCONVALLAZIONE GIANICOLENSE;in prossimità;;del civico n.;251;;Scontro frontale fra veicoli in marcia;Rettilineo;Più di due carreggiate;Asciutto;Asfaltata;Verticale ed orizzontale;Sereno;Normale;Buona;;0;0;0;2;12.4436;41.8766;-1;2;Autovettura privata;In marcia / fermata / arresto;Conducente;M;Illeso;0;;Non accertato;
5993805;5;04/06/2022 02:25:00;Strada Urbana;VIA TIBURTINA;da specificare;;;;pross. Via L. Lucatelli;Veicolo in marcia contro ostacolo fisso;Rettilineo;Due carreggiate;Asciutto;Asfaltata;Verticale ed orizzontale;Sereno;Scarso;Sufficiente;;0;0;0;1;12.5527;41.9117;-1;1;Autovettura privata;In marcia / fermata / arresto;Conducente;M;Illeso;0;;Non accertato;
5993817;16;06/06/2022 01:10:00;Strada Urbana;VIA GIUSEPPE REVERE;all'intersezione con;VIA GUIDO CAVALCANTI;VIA GUIDO CAVALCANTI;;;Scontro frontale fra veicoli in marcia;Incrocio;Una carreggiata a senso unico di marcia;Asciutto;Asfaltata;Verticale ed orizzontale;Sereno;Scarso;Sufficiente;;0;0;0;2;12.4597;41.8751;-1;1;Autovettura privata;In marcia / fermata / arresto;Conducente;M;Illeso;0;;Non accertato;Inesploso
5993817;16;06/06/2022 01:10:00;Strada Urbana;VIA GIUSEPPE REVERE;all'intersezione con;VIA GUIDO CAVALCANTI;VIA GUIDO CAVALCANTI;;;Scontro frontale fra veicoli in marcia;Incrocio;Una carreggiata a senso unico di marcia;Asciutto;Asfaltata;Verticale ed orizzontale;Sereno;Scarso;Sufficiente;;0;0;0;2;12.4597;41.8751;-1;2;Motociclo a solo;In marcia / fermata / arresto;Conducente;M;Illeso;0;;Non accertato;
5993824;16;03/06/2022 18:20:00;;CIRCONVALLAZIONE GIANICOLENSE;in prossimità;;del civico n.;404;;Scontro laterale fra veicoli in marcia;;;;;;;;;;0;0;0;3;;;0;1;Autovettura privata;In marcia / fermata / arresto;Conducente;;Illeso;0;;;
5993824;16;03/06/2022 18:20:00;;CIRCONVALLAZIONE GIANICOLENSE;in prossimità;;del civico n.;404;;Scontro laterale fra veicoli in marcia;;;;;;;;;;0;0;0;3;;;0;1;Autovettura privata;In marcia / fermata / arresto;Passeggero;M;Illeso;0;;;
5993824;16;03/06/2022 18:20:00;;CIRCONVALLAZIONE GIANICOLENSE;in prossimità;;del civico n.;404;;Scontro laterale fra veicoli in marcia;;;;;;;;;;0;0;0;3;;;0;2;Autobus di linea;In marcia / fermata / arresto;Conducente;M;Illeso;0;;;
5993840;6;06/06/2022 11:45:00;Strada Urbana;VIA GIOVANNI DE AGOSTINI;in corrispondenza;;del civico n.;9;;Veicolo in marcia contro veicolo in sosta;Rettilineo;Una carreggiata a senso unico di marcia;Asciutto;Asfaltata;Verticale ed orizzontale;Sereno;Normale;Buona;;0;0;0;1;12.5294;41.8857;-1;1;Autovettura privata;In marcia / fermata / arresto;Conducente;F;Illeso;0;;Non accertato;Inesploso
5993840;6;06/06/2022 11:45:00;Strada Urbana;VIA GIOVANNI DE AGOSTINI;in corrispondenza;;del civico n.;9;;Veicolo in marcia contro veicolo in sosta;Rettilineo;Una carreggiata a senso unico di marcia;Asciutto;Asfaltata;Verticale ed orizzontale;Sereno;Normale;Buona;;0;0;0;1;12.5294;41.8857;-1;2;Autocarro inferiore 35 q.;Sosta;;;;;;;
5993844;18;05/06/2022 10:15:00;Strada Urbana;VIA DI BOCCEA;in corrispondenza;;del civico n.;625;;Scontro laterale fra veicoli in marcia;Rettilineo;Due carreggiate;Asciutto;Asfaltata;Verticale ed orizzontale;Sereno;Scarso;Buona;;0;0;0;2;12.3763;41.9198;-1;1;Autovettura privata;In marcia / fermata / arresto;Conducente;M;Illeso;0;;Non accertato;Inesploso
5993844;18;05/06/2022 10:15:00;Strada Urbana;VIA DI BOCCEA;in corrispondenza;;del civico n.;625;;Scontro laterale fra veicoli in marcia;Rettilineo;Due carreggiate;Asciutto;Asfaltata;Verticale ed orizzontale;Sereno;Scarso;Buona;;0;0;0;2;12.3763;41.9198;-1;2;Autovettura privata;In marcia / fermata / arresto;Conducente;M;Illeso;0;;Non accertato;Inesploso
5993859;17;04/06/2022 23:35:00;Strada Urbana;VIALE GIULIO CESARE;da specificare;;;;FRONTE CIVICO 97;Scontro frontale/laterale SX fra veicoli in marcia;Rettilineo;Più di due carreggiate;Asciutto;Asfaltata;Verticale ed orizzontale;Sereno;Normale;Sufficiente;;2;0;0;1;12.4627;41.9105;-1;1;Autovettura privata;In marcia / fermata / arresto;Conducente;F;Illeso;0;;;
5993859;17;04/06/2022 23:35:00;Strada Urbana;VIALE GIULIO CESARE;da specificare;;;;FRONTE CIVICO 97;Scontro frontale/laterale SX fra veicoli in marcia;Rettilineo;Più di due carreggiate;Asciutto;Asfaltata;Verticale ed orizzontale;Sereno;Normale;Sufficiente;;2;0;0;1;12.4627;41.9105;-1;2;Motociclo con passeggero;In marcia / fermata / arresto;Conducente;M;Rimandato;0;NON DECEDUTO;;
5993859;17;04/06/2022 23:35:00;Strada Urbana;VIALE GIULIO CESARE;da specificare;;;;FRONTE CIVICO 97;Scontro frontale/laterale SX fra veicoli in marcia;Rettilineo;Più di due carreggiate;Asciutto;Asfaltata;Verticale ed orizzontale;Sereno;Normale;Sufficiente;;2;0;0;1;12.4627;41.9105;-1;2;Motociclo con passeggero;In marcia / fermata / arresto;Passeggero;F;Rimandato;0;NON DECEDUTO;;
5993859;17;04/06/2022 23:35:00;Strada Urbana;VIALE GIULIO CESARE;da specificare;;;;FRONTE CIVICO 97;Scontro frontale/laterale SX fra veicoli in marcia;Rettilineo;Più di due carreggiate;Asciutto;Asfaltata;Verticale ed orizzontale;Sereno;Normale;Sufficiente;;2;0;0;1;12.4627;41.9105;-1;3;Autovettura privata;Sosta;;;;;;;
5993872;12;06/06/2022 10:50:00;Strada Urbana;VIA ANDREA MELDOLA;da specificare;;;;fronte civico 91;Investimento di pedone;Rettilineo;Una carreggiata a doppio senso;Asciutto;Asfaltata;Verticale;Sereno;Normale;Buona;;1;0;0;1;12.5071;41.8235;-1;;;;Pedone;M;Rimandato;0;NON DECEDUTO;;
5993872;12;06/06/2022 10:50:00;Strada Urbana;VIA ANDREA MELDOLA;da specificare;;;;fronte civico 91;Investimento di pedone;Rettilineo;Una carreggiata a doppio senso;Asciutto;Asfaltata;Verticale;Sereno;Normale;Buona;;1;0;0;1;12.5071;41.8235;-1;1;Autovettura privata;In marcia / fermata / arresto;Conducente;M;Illeso;0;;Non accertato;Inesploso
5994001;6;06/06/2022 13:20:00;Strada Urbana;VIA SAMPIERO DI BASTELICA;all'intersezione con;VIA GIACOMO DE' CONTI;VIA GIACOMO DE' CONTI;;;Scontro laterale fra veicoli in marcia;Incrocio;Una carreggiata a senso unico di marcia;Asciutto;Asfaltata;Orizzontale;Sereno;Normale;Buona;;1;0;0;1;12.5398;41.8908;-1;1;Ciclomotore;In marcia / fermata / arresto;Conducente;M;Illeso;0;;Non accertato;
5994001;6;06/06/2022 13:20:00;Strada Urbana;VIA SAMPIERO DI BASTELICA;all'intersezione con;VIA GIACOMO DE' CONTI;VIA GIACOMO DE' CONTI;;;Scontro laterale fra veicoli in marcia;Incrocio;Una carreggiata a senso unico di marcia;Asciutto;Asfaltata;Orizzontale;Sereno;Normale;Buona;;1;0;0;1;12.5398;41.8908;-1;2;Motociclo a solo;In marcia / fermata / arresto;Conducente;F;Rimandato;0;NON DECEDUTO;Non accertato;
5994049;15;06/06/2022 11:55:00;Strada Urbana;VIA DEL FOSSO DELLA MAGLIANA;in corrispondenza;;del civico n.;40;;Tamponamento;Rettilineo;Una carreggiata a doppio senso;Asciutto;Asfaltata;Orizzontale;Sereno;Normale;Buona;;1;0;0;2;12.4154;41.8359;-1;1;Autovettura privata;In marcia / fermata / arresto;Conducente;F;Illeso;0;;Non accertato;
5994049;15;06/06/2022 11:55:00;Strada Urbana;VIA DEL FOSSO DELLA MAGLIANA;in corrispondenza;;del civico n.;40;;Tamponamento;Rettilineo;Una carreggiata a doppio senso;Asciutto;Asfaltata;Orizzontale;Sereno;Normale;Buona;;1;0;0;2;12.4154;41.8359;-1;1;Autovettura privata;In marcia / fermata / arresto;Passeggero;F;Rimandato;0;NON DECEDUTO;Non accertato;
5994049;15;06/06/2022 11:55:00;Strada Urbana;VIA DEL FOSSO DELLA MAGLIANA;in corrispondenza;;del civico n.;40;;Tamponamento;Rettilineo;Una carreggiata a doppio senso;Asciutto;Asfaltata;Orizzontale;Sereno;Normale;Buona;;1;0;0;2;12.4154;41.8359;-1;2;Autovettura privata;In marcia / fermata / arresto;Conducente;M;Illeso;0;;Non accertato;
5994058;15;06/06/2022 09:35:00;Strada Urbana;LUNGOTEVERE DEGLI INVENTORI;da specificare;;;;fronte civico 12;Investimento di pedone;Rettilineo;Una carreggiata a doppio senso;Asciutto;Asfaltata;Verticale ed orizzontale;Sereno;Normale;Buona;;1;0;0;1;12.4671;41.8611;-1;;;;Pedone;F;Rimandato;0;NON DECEDUTO;;
5994058;15;06/06/2022 09:35:00;Strada Urbana;LUNGOTEVERE DEGLI INVENTORI;da specificare;;;;fronte civico 12;Investimento di pedone;Rettilineo;Una carreggiata a doppio senso;Asciutto;Asfaltata;Verticale ed orizzontale;Sereno;Normale;Buona;;1;0;0;1;12.4671;41.8611;-1;1;Motociclo a solo;In marcia / fermata / arresto;Conducente;M;Illeso;0;;Non accertato;
5994075;9;06/06/2022 09:40:00;Strada Urbana;VIA CESARE BARONIO;da specificare;;;;prossimità VIA BERNARDINO CORIO;Scontro frontale fra veicoli in marcia;Rettilineo;Due carreggiate;Asciutto;Asfaltata;Verticale;Sereno;Scarso;Buona;;0;0;0;2;12.517;41.8705;-1;1;Autocarro inferiore 35 q.;Allontanatosi;Conducente;M;Illeso;0;;Non accertato;Inesploso
5994075;9;06/06/2022 09:40:00;Strada Urbana;VIA CESARE BARONIO;da specificare;;;;prossimità VIA BERNARDINO CORIO;Scontro frontale fra veicoli in marcia;Rettilineo;Due carreggiate;Asciutto;Asfaltata;Verticale;Sereno;Scarso;Buona;;0;0;0;2;12.517;41.8705;-1;2;Autovettura privata;In marcia / fermata / arresto;Conducente;M;Illeso;0;;Non accertato;Inesploso