Protocollo;Gruppo;DataOraIncidente;Localizzazione1;STRADA1;Localizzazione2;STRADA2;Strada02;Chilometrica;DaSpecificare;NaturaIncidente;particolaritastrade;TipoStrada;FondoStradale;Pavimentazione;Segnaletica;CondizioneAtmosferica;Traffico;Visibilita;Illuminazione;NUM_FERITI;NUM_RISERVATA;NUM_MORTI;NUM_ILLESI;Longitude;Latitude;Confermato;Progressivo;TipoVeicolo;StatoVeicolo;TipoPersona;Sesso;Tipolesione;Deceduto;DecedutoDopo;CinturaCascoUtilizzato;Airbag;
5995230;7;07/06/2022 00:45:00;Strada Urbana;VIALE PALMIRO TOGLIATTI;in prossimità;;del civico n.;824;;Scontro laterale fra veicoli in marcia;Rettilineo;Una carreggiata a senso unico di marcia;Asciutto;Asfaltata;Verticale ed orizzontale;Sereno;Scarso;Buona;;0;0;0;2;12.5737;41.8865;-1;1;Autovettura privata;In marcia / fermata / arresto;Conducente;M;Illeso;0;;Non accertato;Inesploso
5995230;7;07/06/2022 00:45:00;Strada Urbana;VIALE PALMIRO TOGLIATTI;in prossimità;;del civico n.;824;;Scontro laterale fra veicoli in marcia;Rettilineo;Una carreggiata a senso unico di marcia;Asciutto;Asfaltata;Verticale ed orizzontale;Sereno;Scarso;Buona;;0;0;0;2;12.5737;41.8865;-1;2;Autobus di linea;In marcia / fermata / arresto;Conducente;M;Illeso;0;;Non accertato;Inesploso
5995240;5;06/06/2022 18:40:00;Strada Urbana;VIA TIBURTINA;in corrispondenza;;del civico n.;926;;Tamponamento;Rettilineo;Più di due carreggiate;Asciutto;Asfaltata;Temporanea di cantiere;Sereno;Normale;Buona;;1;0;0;1;12.5716;41.9243;-1;1;Autobus urbano;In marcia / fermata / arresto;Conducente;M;Illeso;0;;Non accertato;Inesploso
5995240;5;06/06/2022 18:40:00;Strada Urbana;VIA TIBURTINA;in corrispondenza;;del civico n.;926;;Tamponamento;Rettilineo;Più di due carreggiate;Asciutto;Asfaltata;Temporanea di cantiere;Sereno;Normale;Buona;;1;0;0;1;12.5716;41.9243;-1;2;Bicicletta elettrica;In marcia / fermata / arresto;Conducente;M;Rimandato;0;NON DECEDUTO;Non accertato;Inesploso
5995262;10;06/06/2022 19:30:00;Strada Urbana;VIA TUSCOLANA;in corrispondenza;;del civico n.;1183;;Tamponamento;Rettilineo;Due carreggiate;Asciutto;Asfaltata;Verticale ed orizzontale;Sereno;Normale;Buona;;1;0;0;2;12.5952;41.8387;-1;1;Autovettura privata;In marcia / fermata / arresto;Conducente;M;Illeso;0;;Non accertato;Inesploso
5995262;10;06/06/2022 19:30:00;Strada Urbana;VIA TUSCOLANA;in corrispondenza;;del civico n.;1183;;Tamponamento;Rettilineo;Due carreggiate;Asciutto;Asfaltata;Verticale ed orizzontale;Sereno;Normale;Buona;;1;0;0;2;12.5952;41.8387;-1;1;Autovettura privata;In marcia / fermata / arresto;Passeggero;F;Illeso;0;;Non accertato;Inesploso
5995262;10;06/06/2022 19:30:00;Strada Urbana;VIA TUSCOLANA;in corrispondenza;;del civico n.;1183;;Tamponamento;Rettilineo;Due carreggiate;Asciutto;Asfaltata;Verticale ed orizzontale;Sereno;Normale;Buona;;1;0;0;2;12.5952;41.8387;-1;2;Motociclo con passeggero;In marcia / fermata / arresto;Conducente;M;Rimandato;0;NON DECEDUTO;Non accertato;
5995267;5;06/06/2022 20:00:00;Strada Urbana;VIA TIBURTINA;all'intersezione con;VIA DI MARCO SIMONE;VIA DI MARCO SIMONE;;;Scontro frontale/laterale DX fra veicoli in marcia;Intersezione stradale segnalata;Una carreggiata a doppio senso;Asciutto;Asfaltata;Verticale ed orizzontale;Sereno;Normale;Buona;;1;0;0;2;12.6451;41.9417;-1;1;Autovettura privata;In marcia / fermata / arresto;Conducente;M;Illeso;0;;;
5995267;5;06/06/2022 20:00:00;Strada Urbana;VIA TIBURTINA;all'intersezione con;VIA DI MARCO SIMONE;VIA DI MARCO SIMONE;;;Scontro frontale/laterale DX fra veicoli in marcia;Intersezione stradale segnalata;Una carreggiata a doppio senso;Asciutto;Asfaltata;Verticale ed orizzontale;Sereno;Normale;Buona;;1;0;0;2;12.6451;41.9417;-1;2;Autovettura privata;In marcia / fermata / arresto;Conducente;M;Illeso;0;;;
5995267;5;06/06/2022 20:00:00;Strada Urbana;VIA TIBURTINA;all'intersezione con;VIA DI MARCO SIMONE;VIA DI MARCO SIMONE;;;Scontro frontale/laterale DX fra veicoli in marcia;Intersezione stradale segnalata;Una carreggiata a doppio senso;Asciutto;Asfaltata;Verticale ed orizzontale;Sereno;Normale;Buona;;1;0;0;2;12.6451;41.9417;-1;2;Autovettura privata;In marcia / fermata / arresto;Passeggero;F;Ricoverato;0;NON DECEDUTO;;
5995292;20;06/06/2022 15:30:00;Strada Urbana;VIA DEL FORO ITALICO;da specificare;;;;100 mt. prima ing. Fall. Fleming dir. Salaria;Scontro frontale/laterale DX fra veicoli in marcia;Rettilineo;Due carreggiate;Asciutto;Asfaltata;Verticale ed orizzontale;Sereno;Intenso;Buona;;0;0;0;4;12.4813;41.9402;-1;1;Autovettura privata;In marcia / fermata / arresto;Conducente;F;Illeso;0;;;
5995292;20;06/06/2022 15:30:00;Strada Urbana;VIA DEL FORO ITALICO;da specificare;;;;100 mt. prima ing. Fall. Fleming dir. Salaria;Scontro frontale/laterale DX fra veicoli in marcia;Rettilineo;Due carreggiate;Asciutto;Asfaltata;Verticale ed orizzontale;Sereno;Intenso;Buona;;0;0;0;4;12.4813;41.9402;-1;2;Autovettura di polizia;In marcia / fermata / arresto;Conducente;M;Illeso;0;;Non accertato;
5995292;20;06/06/2022 15:30:00;Strada Urbana;VIA DEL FORO ITALICO;da specificare;;;;100 mt. prima ing. Fall. Fleming dir. Salaria;Scontro frontale/laterale DX fra veicoli in marcia;Rettilineo;Due carreggiate;Asciutto;Asfaltata;Verticale ed orizzontale;Sereno;Intenso;Buona;;0;0;0;4;12.4813;41.9402;-1;2;Autovettura di polizia;In marcia / fermata / arresto;Passeggero;M;Illeso;0;;;
5995292;20;06/06/2022 15:30:00;Strada Urbana;VIA DEL FORO ITALICO;da specificare;;;;100 mt. prima ing. Fall. Fleming dir. Salaria;Scontro frontale/laterale DX fra veicoli in marcia;Rettilineo;Due carreggiate;Asciutto;Asfaltata;Verticale ed orizzontale;Sereno;Intenso;Buona;;0;0;0;4;12.4813;41.9402;-1;2;Autovettura di polizia;In marcia / fermata / arresto;Passeggero;M;Illeso;0;;;
5995293;12;06/06/2022 18:40:00;Strada Urbana;VIA LAURENTINA;da specificare;;;;prossimità O. Atlantico;Scontro frontale/laterale DX fra veicoli in marcia;Rettilineo;Due carreggiate;Asciutto;Asfaltata;Verticale ed orizzontale;Sereno;Intenso;Buona;;0;0;0;4;12.4856;41.8103;-1;1;Autobus urbano;In marcia / fermata / arresto;Conducente;M;Illeso;0;;;
5995293;12;06/06/2022 18:40:00;Strada Urbana;VIA LAURENTINA;da specificare;;;;prossimità O. Atlantico;Scontro frontale/laterale DX fra veicoli in marcia;Rettilineo;Due carreggiate;Asciutto;Asfaltata;Verticale ed orizzontale;Sereno;Intenso;Buona;;0;0;0;4;12.4856;41.8103;-1;1;Autobus urbano;In marcia / fermata / arresto;Passeggero;F;Illeso;0;;;
5995293;12;06/06/2022 18:40:00;Strada Urbana;VIA LAURENTINA;da specificare;;;;prossimità O. Atlantico;Scontro frontale/laterale DX fra veicoli in marcia;Rettilineo;Due carreggiate;Asciutto;Asfaltata;Verticale ed orizzontale;Sereno;Intenso;Buona;;0;0;0;4;12.4856;41.8103;-1;1;Autobus urbano;In marcia / fermata / arresto;Passeggero;F;Illeso;0;;;
5995293;12;06/06/2022 18:40:00;Strada Urbana;VIA LAURENTINA;da specificare;;;;prossimità O. Atlantico;Scontro frontale/laterale DX fra veicoli in marcia;Rettilineo;Due carreggiate;Asciutto;Asfaltata;Verticale ed orizzontale;Sereno;Intenso;Buona;;0;0;0;4;12.4856;41.8103;-1;2;Autovettura privata;In marcia / fermata / arresto;Conducente;M;Illeso;0;;;
5995299;18;06/06/2022 06:00:00;Statale;VIA AURELIA;in prossimità;;della chilometrica;9.6;;Veicolo in marcia contro ostacolo fisso;Pendenza;Due carreggiate;Asciutto;Asfaltata;Verticale ed orizzontale;Sereno;Intenso;Buona;;1;0;0;0;12.4012;41.8861;-1;1;Autovettura privata;In marcia / fermata / arresto;Conducente;F;Rifiuta cure immediate;0;NON DECEDUTO;Non accertato;
5995300;5;06/06/2022 23:40:00;Strada Urbana;VIA TIBURTINA;all'intersezione con;VIA LUIGI LUCATELLI;VIA LUIGI LUCATELLI;;;Fuoriuscita dalla sede stradale;Intersezione semaforizzata;Due carreggiate;Asciutto;Asfaltata;Verticale ed orizzontale;Sereno;Scarso;Sufficiente;;2;0;0;0;12.5527;41.9116;-1;1;Motociclo con passeggero;In marcia / fermata / arresto;Conducente;M;Rimandato;0;NON DECEDUTO;Non accertato;
5995300;5;06/06/2022 23:40:00;Strada Urbana;VIA TIBURTINA;all'intersezione con;VIA LUIGI LUCATELLI;VIA LUIGI LUCATELLI;;;Fuoriuscita dalla sede stradale;Intersezione semaforizzata;Due carreggiate;Asciutto;Asfaltata;Verticale ed orizzontale;Sereno;Scarso;Sufficiente;;2;0;0;0;12.5527;41.9116;-1;1;Motociclo con passeggero;In marcia / fermata / arresto;Passeggero;M;Rimandato;0;NON DECEDUTO;Non accertato;
5995302;7;06/06/2022 20:00:00;Strada Urbana;VIA PRENESTINA;in corrispondenza;;del civico n.;665;;Scontro frontale/laterale SX fra veicoli in marcia;Rettilineo;Una carreggiata a doppio senso;Asciutto;Asfaltata;Verticale ed orizzontale;Sereno;Normale;Buona;;0;0;0;2;12.587;41.8941;-1;1;Motociclo a solo;In marcia / fermata / arresto;Conducente;M;Illeso;0;;Non accertato;
5995302;7;06/06/2022 20:00:00;Strada Urbana;VIA PRENESTINA;in corrispondenza;;del civico n.;665;;Scontro frontale/laterale SX fra veicoli in marcia;Rettilineo;Una carreggiata a doppio senso;Asciutto;Asfaltata;Verticale ed orizzontale;Sereno;Normale;Buona;;0;0;0;2;12.587;41.8941;-1;2;Autovettura privata;In marcia / fermata / arresto;Conducente;M;Illeso;0;;Non accertato;Inesploso
5995318;18;06/06/2022 15:00:00;Statale entro l'abitato;VIA AURELIA;in corrispondenza;;del civico n.;430;;Scontro laterale fra veicoli in marcia;Rettilineo;Due carreggiate;Asciutto;Asfaltata;Verticale ed orizzontale;Sereno;Normale;Buona;;0;0;0;3;12.427;41.8988;-1;1;Autocarro superiore 35 q.;In marcia / fermata / arresto;Conducente;M;Illeso;0;;;
5995318;18;06/06/2022 15:00:00;Statale entro l'abitato;VIA AURELIA;in corrispondenza;;del civico n.;430;;Scontro laterale fra veicoli in marcia;Rettilineo;Due carreggiate;Asciutto;Asfaltata;Verticale ed orizzontale;Sereno;Normale;Buona;;0;0;0;3;12.427;41.8988;-1;2;Autovettura privata;In marcia / fermata / arresto;Conducente;M;Illeso;0;;Non accertato;Inesploso
5995318;18;06/06/2022 15:00:00;Statale entro l'abitato;VIA AURELIA;in corrispondenza;;del civico n.;430;;Scontro laterale fra veicoli in marcia;Rettilineo;Due carreggiate;Asciutto;Asfaltata;Verticale ed orizzontale;Sereno;Normale;Buona;;0;0;0;3;12.427;41.8988;-1;2;Autovettura privata;In marcia / fermata / arresto;Passeggero;F;Illeso;0;;Non accertato;Inesploso
5995335;12;06/06/2022 19:20:00;Strada Urbana;VIA CRISTOFORO COLOMBO;da specificare;;;;laterale svicolo V.le Agricoltura;Scontro laterale fra veicoli in marcia;Rettilineo;Più di due carreggiate;Asciutto;Asfaltata;Verticale ed orizzontale;Sereno;Intenso;Buona;;0;0;0;3;12.4115;41.7858;-1;1;Autocarro inferiore 35 q.;In marcia / fermata / arresto;Conducente;M;Illeso;0;;;
5995335;12;06/06/2022 19:20:00;Strada Urbana;VIA CRISTOFORO COLOMBO;da specificare;;;;laterale svicolo V.le Agricoltura;Scontro laterale fra veicoli in marcia;Rettilineo;Più di due carreggiate;Asciutto;Asfaltata;Verticale ed orizzontale;Sereno;Intenso;Buona;;0;0;0;3;12.4115;41.7858;-1;2;Autovettura privata;In marcia / fermata / arresto;Conducente;M;Illeso;0;;;
5995335;12;06/06/2022 19:20:00;Strada Urbana;VIA CRISTOFORO COLOMBO;da specificare;;;;laterale svicolo V.le Agricoltura;Scontro laterale fra veicoli in marcia;Rettilineo;Più di due carreggiate;Asciutto;Asfaltata;Verticale ed orizzontale;Sereno;Intenso;Buona;;0;0;0;3;12.4115;41.7858;-1;2;Autovettura privata;In marcia / fermata / arresto;Passeggero;F;Illeso;0;;;
5995342;10;06/06/2022 23:10:00;Strada Urbana;VIA FILIPPO SERAFINI;all'intersezione con;VIALE PALMIRO TOGLIATTI;VIALE PALMIRO TOGLIATTI;;;Scontro frontale/laterale SX fra veicoli in marcia;Intersezione semaforizzata;Una carreggiata a senso unico di marcia;Asciutto;Asfaltata;Verticale ed orizzontale;Sereno;Scarso;Buona;;1;0;0;1;12.5701;41.8607;-1;1;Autovettura privata;In marcia / fermata / arresto;Conducente;F;Rimandato;0;NON DECEDUTO;Non accertato;Inesploso
5995342;10;06/06/2022 23:10:00;Strada Urbana;VIA FILIPPO SERAFINI;all'intersezione con;VIALE PALMIRO TOGLIATTI;VIALE PALMIRO TOGLIATTI;;;Scontro frontale/laterale SX fra veicoli in marcia;Intersezione semaforizzata;Una carreggiata a senso unico di marcia;Asciutto;Asfaltata;Verticale ed orizzontale;Sereno;Scarso;Buona;;1;0;0;1;12.5701;41.8607;-1;1;Autovettura privata;In marcia / fermata / arresto;Passeggero;M;Illeso;0;;Non accertato;Inesploso
5995342;10;06/06/2022 23:10:00;Strada Urbana;VIA FILIPPO SERAFINI;all'intersezione con;VIALE PALMIRO TOGLIATTI;VIALE PALMIRO TOGLIATTI;;;Scontro frontale/laterale SX fra veicoli in marcia;Intersezione semaforizzata;Una carreggiata a senso unico di marcia;Asciutto;Asfaltata;Verticale ed orizzontale;Sereno;Scarso;Buona;;1;0;0;1;12.5701;41.8607;-1;2;Autovettura privata;Allontanatosi;;;;;;;
5995343;6;07/06/2022 08:15:00;Strada Urbana;VIA FORMIA;in prossimità;;del civico n.;1;;Infortunio per caduta del veicolo;Rettilineo;Una carreggiata a doppio senso;Asciutto;Asfaltata;Temporanea di cantiere;Sereno;Intenso;Buona;;1;0;0;0;12.5436;41.886;-1;1;Motociclo a solo;In marcia / fermata / arresto;Conducente;F;Rimandato;0;NON DECEDUTO;Non accertato;
5995351;1;07/06/2022;;VIA CELIO VIBENNA;da specificare;;;;fronte palo luce 2;Infortunio per sola frenata improvvisa;;;;;;;;;;1;0;0;0;;;0;1;Bicicletta elettrica;In marcia / fermata / arresto;Conducente;M;Rimandato;0;NON DECEDUTO;;
5995358;18;06/06/2022 15:25:00;Strada Urbana;VIA DI VAL CANNUTA;all'intersezione con;VIA GIUSEPPE BETTIOL;VIA GIUSEPPE BETTIOL;;;Tamponamento;Incrocio;Una carreggiata a doppio senso;Asciutto;Asfaltata;Verticale ed orizzontale;Sereno;Normale;Buona;;2;0;0;0;12.4103;41.897;-1;1;Autovettura privata;In marcia / fermata / arresto;Conducente;M;Rifiuta cure immediate;0;NON DECEDUTO;;
5995358;18;06/06/2022 15:25:00;Strada Urbana;VIA DI VAL CANNUTA;all'intersezione con;VIA GIUSEPPE BETTIOL;VIA GIUSEPPE BETTIOL;;;Tamponamento;Incrocio;Una carreggiata a doppio senso;Asciutto;Asfaltata;Verticale ed orizzontale;Sereno;Normale;Buona;;2;0;0;0;12.4103;41.897;-1;2;Autovettura privata;In marcia / fermata / arresto;Conducente;M;Rifiuta cure immediate;0;NON DECEDUTO;;
5995369;7;06/06/2022 22:30:00;Strada Urbana;VIA TOR DE' SCHIAVI;all'intersezione con;VIA DELLE ROBINIE;VIA DELLE ROBINIE;;;Scontro laterale fra veicoli in marcia;Intersezione stradale segnalata;Una carreggiata a doppio senso;Asciutto;Asfaltata;Verticale ed orizzontale;Sereno;Scarso;Sufficiente;;0;0;0;4;12.5628;41.8849;-1;1;Autocarro inferiore 35 q.;In marcia / fermata / arresto;Conducente;M;Illeso;0;;Non accertato;Inesploso
5995369;7;06/06/2022 22:30:00;Strada Urbana;VIA TOR DE' SCHIAVI;all'intersezione con;VIA DELLE ROBINIE;VIA DELLE ROBINIE;;;Scontro laterale fra veicoli in marcia;Intersezione stradale segnalata;Una carreggiata a doppio senso;Asciutto;Asfaltata;Verticale ed orizzontale;Sereno;Scarso;Sufficiente;;0;0;0;4;12.5628;41.8849;-1;1;Autocarro inferiore 35 q.;In marcia / fermata / arresto;Passeggero;M;Illeso;0;;Non accertato;Inesploso
5995369;7;06/06/2022 22:30:00;Strada Urbana;VIA TOR DE' SCHIAVI;all'intersezione con;VIA DELLE ROBINIE;VIA DELLE ROBINIE;;;Scontro laterale fra veicoli in marcia;Intersezione stradale segnalata;Una carreggiata a doppio senso;Asciutto;Asfaltata;Verticale ed orizzontale;Sereno;Scarso;Sufficiente;;0;0;0;4;12.5628;41.8849;-1;2;Autovettura privata;In marcia / fermata / arresto;Conducente;F;Illeso;0;;Non accertato;Inesploso
5995369;7;06/06/2022 22:30:00;Strada Urbana;VIA TOR DE' SCHIAVI;all'intersezione con;VIA DELLE ROBINIE;VIA DELLE ROBINIE;;;Scontro laterale fra veicoli in marcia;Intersezione stradale segnalata;Una carreggiata a doppio senso;Asciutto;Asfaltata;Verticale ed orizzontale;Sereno;Scarso;Sufficiente;;0;0;0;4;12.5628;41.8849;-1;2;Autovettura privata;In marcia / fermata / arresto;Passeggero;M;Illeso;0;;Non accertato;Inesploso
5995386;17;06/06/2022 17:15:00;Strada Urbana;CIRCONVALLAZIONE CLODIA;da specificare;;;;via FASANA;Tamponamento Multiplo;Rettilineo;Una carreggiata a senso unico di marcia;Asciutto;Asfaltata;Verticale ed orizzontale;Sereno;Scarso;Buona;;1;0;0;3;12.4561;41.9181;-1;1;Autocarro inferiore 35 q.;In marcia / fermata / arresto;Conducente;M;Illeso;0;;;
5995386;17;06/06/2022 17:15:00;Strada Urbana;CIRCONVALLAZIONE CLODIA;da specificare;;;;via FASANA;Tamponamento Multiplo;Rettilineo;Una carreggiata a senso unico di marcia;Asciutto;Asfaltata;Verticale ed orizzontale;Sereno;Scarso;Buona;;1;0;0;3;12.4561;41.9181;-1;1;Autocarro inferiore 35 q.;In marcia / fermata / arresto;Passeggero;M;Illeso;0;;;
5995386;17;06/06/2022 17:15:00;Strada Urbana;CIRCONVALLAZIONE CLODIA;da specificare;;;;via FASANA;Tamponamento Multiplo;Rettilineo;Una carreggiata a senso unico di marcia;Asciutto;Asfaltata;Verticale ed orizzontale;Sereno;Scarso;Buona;;1;0;0;3;12.4561;41.9181;-1;2;Autovettura privata;In marcia / fermata / arresto;Conducente;F;Illeso;0;;;
5995386;17;06/06/2022 17:15:00;Strada Urbana;CIRCONVALLAZIONE CLODIA;da specificare;;;;via FASANA;Tamponamento Multiplo;Rettilineo;Una carreggiata a senso unico di marcia;Asciutto;Asfaltata;Verticale ed orizzontale;Sereno;Scarso;Buona;;1;0;0;3;12.4561;41.9181;-1;3;Motociclo con passeggero;In marcia / fermata / arresto;Conducente;M;Rimandato;0;NON DECEDUTO;;
5995397;1;06/06/2022 13:30:00;Strada Urbana;VIALE DI TRASTEVERE;in corrispondenza;;del civico n.;18;;Veicolo in marcia contro veicolo arresto;Rettilineo;Più di due carreggiate;Asciutto;Asfaltata;Verticale ed orizzontale;Sereno;Normale;Buona;;0;0;0;1;12.4733;41.8881;0;1;Velocipede;In marcia / fermata / arresto;Conducente;M;Illeso;0;;Esente;
5995397;1;06/06/2022 13:30:00;Strada Urbana;VIALE DI TRASTEVERE;in corrispondenza;;del civico n.;18;;Veicolo in marcia contro veicolo arresto;Rettilineo;Più di due carreggiate;Asciutto;Asfaltata;Verticale ed orizzontale;Sereno;Normale;Buona;;0;0;0;1;12.4733;41.8881;0;2;Autovettura privata;Allontanatosi;;;;;;;
5995436;19;06/06/2022 13:25:00;Strada Urbana;VIA DELLA BALDUINA;in prossimità;;del civico n.;114;;Scontro laterale fra veicoli in marcia;Rettilineo;Una carreggiata a doppio senso;Asciutto;Asfaltata;Orizzontale;Sereno;Normale;Buona;;0;0;0;3;12.4409;41.9203;-1;1;Autovettura privata;In marcia / fermata / arresto;Conducente;M;Illeso;0;;Non accertato;
5995436;19;06/06/2022 13:25:00;Strada Urbana;VIA DELLA BALDUINA;in prossimità;;del civico n.;114;;Scontro laterale fra veicoli in marcia;Rettilineo;Una carreggiata a doppio senso;Asciutto;Asfaltata;Orizzontale;Sereno;Normale;Buona;;0;0;0;3;12.4409;41.9203;-1;2;Autovettura privata;In marcia / fermata / arresto;Conducente;M;Illeso;0;;Non accertato;
5995436;19;06/06/2022 13:25:00;Strada Urbana;VIA DELLA BALDUINA;in prossimità;;del civico n.;114;;Scontro laterale fra veicoli in marcia;Rettilineo;Una carreggiata a doppio senso;Asciutto;Asfaltata;Orizzontale;Sereno;Normale;Buona;;0;0;0;3;12.4409;41.9203;-1;2;Autovettura privata;In marcia / fermata / arresto;Passeggero;F;Illeso;0;;Non accertato;
5995562;17;06/06/2022 11:35:00;Strada Urbana;VIA MARCANTONIO COLONNA;in prossimità;;del civico n.;22;;Veicolo in marcia contro veicolo fermo;Rettilineo;Una carreggiata a doppio senso;Asciutto;Asfaltata;Verticale ed orizzontale;Sereno;Normale;Buona;;0;0;0;4;12.4673;41.9094;-1;1;Autovettura pubblica;In marcia / fermata / arresto;Conducente;M;Illeso;0;;;
5995562;17;06/06/2022 11:35:00;Strada Urbana;VIA MARCANTONIO COLONNA;in prossimità;;del civico n.;22;;Veicolo in marcia contro veicolo fermo;Rettilineo;Una carreggiata a doppio senso;Asciutto;Asfaltata;Verticale ed orizzontale;Sereno;Normale;Buona;;0;0;0;4;12.4673;41.9094;-1;1;Autovettura pubblica;In marcia / fermata / arresto;Passeggero;F;Illeso;0;;;
5995562;17;06/06/2022 11:35:00;Strada Urbana;VIA MARCANTONIO COLONNA;in prossimità;;del civico n.;22;;Veicolo in marcia contro veicolo fermo;Rettilineo;Una carreggiata a doppio senso;Asciutto;Asfaltata;Verticale ed orizzontale;Sereno;Normale;Buona;;0;0;0;4;12.4673;41.9094;-1;1;Autovettura pubblica;In marcia / fermata / arresto;Passeggero;F;Illeso;0;;;
5995562;17;06/06/2022 11:35:00;Strada Urbana;VIA MARCANTONIO COLONNA;in prossimità;;del civico n.;22;;Veicolo in marcia contro veicolo fermo;Rettilineo;Una carreggiata a doppio senso;Asciutto;Asfaltata;Verticale ed orizzontale;Sereno;Normale;Buona;;0;0;0;4;12.4673;41.9094;-1;2;Autovettura privata;In marcia / fermata / arresto;Conducente;M;Illeso;0;;;
5995612;6;07/06/2022 08:50:00;Strada Urbana;VIA CASILINA;all'intersezione con;VIA LEONARDO BUFALINI;VIA LEONARDO BUFALINI;;;Scontro frontale/laterale SX fra veicoli in marcia;Intersezione semaforizzata;Più di due carreggiate;Asciutto;Asfaltata;Verticale ed orizzontale;Sereno;Intenso;Buona;;0;0;0;2;12.5386;41.8815;-1;1;Autovettura privata;In marcia / fermata / arresto;Conducente;M;Illeso;0;;Non accertato;Inesploso
5995612;6;07/06/2022 08:50:00;Strada Urbana;VIA CASILINA;all'intersezione con;VIA LEONARDO BUFALINI;VIA LEONARDO BUFALINI;;;Scontro frontale/laterale SX fra veicoli in marcia;Intersezione semaforizzata;Più di due carreggiate;Asciutto;Asfaltata;Verticale ed orizzontale;Sereno;Intenso;Buona;;0;0;0;2;12.5386;41.8815;-1;2;Motrice;In marcia / fermata / arresto;Conducente;M;Illeso;0;;Non accertato;Inesploso
5995692;17;05/06/2022 22:30:00;Strada Urbana;PIAZZA PIO XI;all'intersezione semaforizzata con;VIA GREGORIO VII;VIA GREGORIO VII;;;Scontro laterale fra veicoli in marcia;Intersezione semaforizzata;Più di due carreggiate;Asciutto;Asfaltata;Verticale ed orizzontale;Sereno;Scarso;Sufficiente;;0;0;0;4;12.4386;41.895;-1;1;Autovettura privata;In marcia / fermata / arresto;Conducente;M;Illeso;0;;;
5995692;17;05/06/2022 22:30:00;Strada Urbana;PIAZZA PIO XI;all'intersezione semaforizzata con;VIA GREGORIO VII;VIA GREGORIO VII;;;Scontro laterale fra veicoli in marcia;Intersezione semaforizzata;Più di due carreggiate;Asciutto;Asfaltata;Verticale ed orizzontale;Sereno;Scarso;Sufficiente;;0;0;0;4;12.4386;41.895;-1;1;Autovettura privata;In marcia / fermata / arresto;Passeggero;M;Illeso;0;;;
5995692;17;05/06/2022 22:30:00;Strada Urbana;PIAZZA PIO XI;all'intersezione semaforizzata con;VIA GREGORIO VII;VIA GREGORIO VII;;;Scontro laterale fra veicoli in marcia;Intersezione semaforizzata;Più di due carreggiate;Asciutto;Asfaltata;Verticale ed orizzontale;Sereno;Scarso;Sufficiente;;0;0;0;4;12.4386;41.895;-1;1;Autovettura privata;In marcia / fermata / arresto;Passeggero;F;Illeso;0;;;
5995692;17;05/06/2022 22:30:00;Strada Urbana;PIAZZA PIO XI;all'intersezione semaforizzata con;VIA GREGORIO VII;VIA GREGORIO VII;;;Scontro laterale fra veicoli in marcia;Intersezione semaforizzata;Più di due carreggiate;Asciutto;Asfaltata;Verticale ed orizzontale;Sereno;Scarso;Sufficiente;;0;0;0;4;12.4386;41.895;-1;2;Autovettura privata;In marcia / fermata / arresto;Conducente;M;Illeso;0;;;
5995739;23;07/06/2022 09:35:00;Statale;VIA APPIA NUOVA;in corrispondenza;;del civico n.;1267;;Scontro laterale fra veicoli in marcia;Rettilineo;Una carreggiata a senso unico di marcia;Asciutto;Asfaltata;Verticale ed orizzontale;Sereno;Intenso;Buona;;0;0;0;2;12.5712;41.8142;-1;1;Motociclo a solo;In marcia / fermata / arresto;Conducente;M;Illeso;0;;Non utilizzato;
5995739;23;07/06/2022 09:35:00;Statale;VIA APPIA NUOVA;in corrispondenza;;del civico n.;1267;;Scontro laterale fra veicoli in marcia;Rettilineo;Una carreggiata a senso unico di marcia;Asciutto;Asfaltata;Verticale ed orizzontale;Sereno;Intenso;Buona;;0;0;0;2;12.5712;41.8142;-1;2;Autocarro inferiore 35 q.;In marcia / fermata / arresto;Conducente;M;Illeso;0;;Esente;Inesploso
5995767;10;07/06/2022 11:25:00;Strada Urbana;VIA EMANUELE CARNEVALE;all'intersezione con;VIA ARRIGO CAVAGLIERI;VIA ARRIGO CAVAGLIERI;;;Scontro laterale fra veicoli in marcia;Intersezione stradale segnalata;Una carreggiata a doppio senso;Asciutto;Asfaltata;Verticale ed orizzontale;Sereno;Normale;Buona;;1;0;0;2;12.604;41.8483;-1;1;Autovettura privata;In marcia / fermata / arresto;Conducente;F;Illeso;0;;Non accertato;Inesploso
5995767;10;07/06/2022 11:25:00;Strada Urbana;VIA EMANUELE CARNEVALE;all'intersezione con;VIA ARRIGO CAVAGLIERI;VIA ARRIGO CAVAGLIERI;;;Scontro laterale fra veicoli in marcia;Intersezione stradale segnalata;Una carreggiata a doppio senso;Asciutto;Asfaltata;Verticale ed orizzontale;Sereno;Normale;Buona;;1;0;0;2;12.604;41.8483;-1;1;Autovettura privata;In marcia / fermata / arresto;Passeggero;F;Illeso;0;;Non accertato;Inesploso
5995767;10;07/06/2022 11:25:00;Strada Urbana;VIA EMANUELE CARNEVALE;all'intersezione con;VIA ARRIGO CAVAGLIERI;VIA ARRIGO CAVAGLIERI;;;Scontro laterale fra veicoli in marcia;Intersezione stradale segnalata;Una carreggiata a doppio senso;Asciutto;Asfaltata;Verticale ed orizzontale;Sereno;Normale;Buona;;1;0;0;2;12.604;41.8483;-1;2;Motociclo a solo;In marcia / fermata / arresto;Conducente;M;Rifiuta cure immediate;0;NON DECEDUTO;Utilizzato;