Protocollo;Gruppo;DataOraIncidente;Localizzazione1;STRADA1;Localizzazione2;STRADA2;Strada02;Chilometrica;DaSpecificare;NaturaIncidente;particolaritastrade;TipoStrada;FondoStradale;Pavimentazione;Segnaletica;CondizioneAtmosferica;Traffico;Visibilita;Illuminazione;NUM_FERITI;NUM_RISERVATA;NUM_MORTI;NUM_ILLESI;Longitude;Latitude;Confermato;Progressivo;TipoVeicolo;StatoVeicolo;TipoPersona;Sesso;Tipolesione;Deceduto;DecedutoDopo;CinturaCascoUtilizzato;Airbag;
5995810;23;06/06/2022 16:30:00;Statale;SS1 AURELIA  ;in prossimità;;della chilometrica;11.5;;Veicolo in marcia contro ostacolo fisso;Curva a visuale libera;Due carreggiate;Asciutto;Asfaltata;Verticale ed orizzontale;Sereno;Normale;Buona;;0;1;0;0;12.0087;42.0031;-1;1;Autovettura privata;In marcia / fermata / arresto;Conducente;M;Prognosi riservata;0;NON DECEDUTO;Non accertato;Inesploso
5995811;6;07/06/2022 10:10:00;Strada Urbana;LARGO PRENESTE;all'intersezione semaforizzata con;VIA DI PORTONACCIO;VIA DI PORTONACCIO;;;Scontro frontale/laterale DX fra veicoli in marcia;Intersezione semaforizzata;Più di due carreggiate;Asciutto;Asfaltata;Verticale ed orizzontale;Sereno;Intenso;Buona;;2;0;0;1;12.5418;41.8928;-1;1;Motociclo con passeggero;In marcia / fermata / arresto;Conducente;M;Rimandato;0;NON DECEDUTO;Non accertato;
5995811;6;07/06/2022 10:10:00;Strada Urbana;LARGO PRENESTE;all'intersezione semaforizzata con;VIA DI PORTONACCIO;VIA DI PORTONACCIO;;;Scontro frontale/laterale DX fra veicoli in marcia;Intersezione semaforizzata;Più di due carreggiate;Asciutto;Asfaltata;Verticale ed orizzontale;Sereno;Intenso;Buona;;2;0;0;1;12.5418;41.8928;-1;1;Motociclo con passeggero;In marcia / fermata / arresto;Passeggero;F;Rimandato;0;NON DECEDUTO;Non accertato;
5995811;6;07/06/2022 10:10:00;Strada Urbana;LARGO PRENESTE;all'intersezione semaforizzata con;VIA DI PORTONACCIO;VIA DI PORTONACCIO;;;Scontro frontale/laterale DX fra veicoli in marcia;Intersezione semaforizzata;Più di due carreggiate;Asciutto;Asfaltata;Verticale ed orizzontale;Sereno;Intenso;Buona;;2;0;0;1;12.5418;41.8928;-1;2;Autovettura privata;In marcia / fermata / arresto;Conducente;M;Illeso;0;;Non accertato;Inesploso
5995829;17;03/06/2022 12:15:00;Strada Urbana;VIA COLA DI RIENZO;in prossimità;;del civico n.;214;;Investimento di pedone;Rettilineo;Una carreggiata a doppio senso;Asciutto;Asfaltata;Verticale ed orizzontale;Sereno;Normale;Buona;;0;0;0;2;12.4624;41.9071;-1;;;;Pedone;M;Illeso;0;;;
5995829;17;03/06/2022 12:15:00;Strada Urbana;VIA COLA DI RIENZO;in prossimità;;del civico n.;214;;Investimento di pedone;Rettilineo;Una carreggiata a doppio senso;Asciutto;Asfaltata;Verticale ed orizzontale;Sereno;Normale;Buona;;0;0;0;2;12.4624;41.9071;-1;1;Autovettura privata;In marcia / fermata / arresto;Conducente;M;Illeso;0;;;
5995831;17;06/06/2022 19:00:00;Strada Urbana;VIA GIORDANO BRUNO;da specificare;;;;fronte civico 15;Scontro laterale fra veicoli in marcia;Rettilineo;Una carreggiata a senso unico di marcia;Asciutto;Asfaltata;Verticale ed orizzontale;Sereno;Scarso;Buona;;0;0;0;1;12.4526;41.9111;0;1;Motociclo a solo;In marcia / fermata / arresto;Conducente;M;Illeso;0;;;
5995831;17;06/06/2022 19:00:00;Strada Urbana;VIA GIORDANO BRUNO;da specificare;;;;fronte civico 15;Scontro laterale fra veicoli in marcia;Rettilineo;Una carreggiata a senso unico di marcia;Asciutto;Asfaltata;Verticale ed orizzontale;Sereno;Scarso;Buona;;0;0;0;1;12.4526;41.9111;0;2;Autovettura privata;Sosta;;;;;;;
5995849;7;06/06/2022 07:40:00;Strada Urbana;VIA GIACOMO BRESADOLA;in prossimità;;del civico n.;104;;Veicolo in marcia contro ostacolo fisso;Rettilineo;Una carreggiata a doppio senso;Asciutto;Asfaltata;Verticale ed orizzontale;Sereno;Normale;Buona;;0;0;0;1;12.5618;41.8914;-1;1;Autocarro inferiore 35 q.;In marcia / fermata / arresto;Conducente;M;Illeso;0;;Non accertato;Inesploso
5995892;8;03/06/2022 19:30:00;Strada Urbana;VIA CASILINA;in corrispondenza;;del civico n.;2065;;Veicolo in marcia contro ostacolo accidentale;Rettilineo;Una carreggiata a doppio senso;Asciutto;Asfaltata;Orizzontale;Sereno;Normale;Buona;;1;0;0;0;12.6924;41.864;0;1;Motociclo a solo;Allontanatosi;Conducente;M;Rimandato;0;NON DECEDUTO;Non accertato;
5995894;16;06/06/2022 09:40:00;Strada Urbana;VIA DEGLI ORTI DI CESARE;all'intersezione con;VIA ETTORE ROLLI;VIA ETTORE ROLLI;;;Scontro laterale fra veicoli in marcia;Intersezione stradale segnalata;Una carreggiata a doppio senso;Asciutto;Asfaltata;Verticale ed orizzontale;Sereno;Normale;Buona;;0;0;0;2;12.4666;41.8732;-1;1;Autovettura privata;In marcia / fermata / arresto;Conducente;M;Illeso;0;;Non accertato;Inesploso
5995894;16;06/06/2022 09:40:00;Strada Urbana;VIA DEGLI ORTI DI CESARE;all'intersezione con;VIA ETTORE ROLLI;VIA ETTORE ROLLI;;;Scontro laterale fra veicoli in marcia;Intersezione stradale segnalata;Una carreggiata a doppio senso;Asciutto;Asfaltata;Verticale ed orizzontale;Sereno;Normale;Buona;;0;0;0;2;12.4666;41.8732;-1;2;Motociclo a solo;In marcia / fermata / arresto;Conducente;M;Illeso;0;;Non accertato;
5995898;16;06/06/2022 16:15:00;;PIAZZA CARLO FORLANINI;in prossimità;;del civico n.;1;;Tamponamento;;;;;;;;;;0;0;0;2;12.4498;41.867;0;1;Autovettura privata;In marcia / fermata / arresto;Conducente;F;Illeso;0;;;
5995898;16;06/06/2022 16:15:00;;PIAZZA CARLO FORLANINI;in prossimità;;del civico n.;1;;Tamponamento;;;;;;;;;;0;0;0;2;12.4498;41.867;0;2;Autobus urbano;In marcia / fermata / arresto;Conducente;M;Illeso;0;;;
5995919;16;06/06/2022 16:30:00;Strada Urbana;VIA DELLA CONSOLATA;all'intersezione con;VIA DEGLI ESTENSI;VIA DEGLI ESTENSI;;;Scontro frontale/laterale SX fra veicoli in marcia;Intersezione stradale segnalata;Una carreggiata a doppio senso;Asciutto;Asfaltata;Verticale ed orizzontale;Sereno;Normale;Buona;;0;0;0;4;12.4217;41.8767;-1;1;Autovettura privata;In marcia / fermata / arresto;Conducente;M;Illeso;0;;Non accertato;
5995919;16;06/06/2022 16:30:00;Strada Urbana;VIA DELLA CONSOLATA;all'intersezione con;VIA DEGLI ESTENSI;VIA DEGLI ESTENSI;;;Scontro frontale/laterale SX fra veicoli in marcia;Intersezione stradale segnalata;Una carreggiata a doppio senso;Asciutto;Asfaltata;Verticale ed orizzontale;Sereno;Normale;Buona;;0;0;0;4;12.4217;41.8767;-1;1;Autovettura privata;In marcia / fermata / arresto;Passeggero;F;Illeso;0;;;
5995919;16;06/06/2022 16:30:00;Strada Urbana;VIA DELLA CONSOLATA;all'intersezione con;VIA DEGLI ESTENSI;VIA DEGLI ESTENSI;;;Scontro frontale/laterale SX fra veicoli in marcia;Intersezione stradale segnalata;Una carreggiata a doppio senso;Asciutto;Asfaltata;Verticale ed orizzontale;Sereno;Normale;Buona;;0;0;0;4;12.4217;41.8767;-1;2;Autovettura privata;In marcia / fermata / arresto;Conducente;M;Illeso;0;;Non accertato;
5995919;16;06/06/2022 16:30:00;Strada Urbana;VIA DELLA CONSOLATA;all'intersezione con;VIA DEGLI ESTENSI;VIA DEGLI ESTENSI;;;Scontro frontale/laterale SX fra veicoli in marcia;Intersezione stradale segnalata;Una carreggiata a doppio senso;Asciutto;Asfaltata;Verticale ed orizzontale;Sereno;Normale;Buona;;0;0;0;4;12.4217;41.8767;-1;2;Autovettura privata;In marcia / fermata / arresto;Passeggero;F;Illeso;0;;Non accertato;
5995930;16;06/06/2022 12:50:00;Strada Urbana;VIA ANTON GIULIO BARRILI;da specificare;;;;intersezione con via Alberto Mario;Scontro frontale/laterale SX fra veicoli in marcia;Rettilineo;Una carreggiata a doppio senso;Asciutto;Asfaltata;Verticale ed orizzontale;Sereno;Normale;Sufficiente;;1;0;0;1;12.4606;41.8787;-1;1;Autovettura privata;In marcia / fermata / arresto;Conducente;M;Illeso;0;;;
5995930;16;06/06/2022 12:50:00;Strada Urbana;VIA ANTON GIULIO BARRILI;da specificare;;;;intersezione con via Alberto Mario;Scontro frontale/laterale SX fra veicoli in marcia;Rettilineo;Una carreggiata a doppio senso;Asciutto;Asfaltata;Verticale ed orizzontale;Sereno;Normale;Sufficiente;;1;0;0;1;12.4606;41.8787;-1;2;Motociclo a solo;In marcia / fermata / arresto;Conducente;M;Rimandato;0;NON DECEDUTO;Non accertato;
5995944;16;06/06/2022 16:45:00;Strada Urbana;VIA PORTUENSE;all'intersezione con;VIA PIETRO RIPARI;VIA PIETRO RIPARI;;;Scontro frontale/laterale DX fra veicoli in marcia;Incrocio;Una carreggiata a doppio senso;Asciutto;Asfaltata;Verticale ed orizzontale;Sereno;Normale;Buona;;0;0;0;2;12.414;41.8469;-1;1;Autovettura privata;In marcia / fermata / arresto;Conducente;M;Illeso;0;;Non accertato;Inesploso
5995944;16;06/06/2022 16:45:00;Strada Urbana;VIA PORTUENSE;all'intersezione con;VIA PIETRO RIPARI;VIA PIETRO RIPARI;;;Scontro frontale/laterale DX fra veicoli in marcia;Incrocio;Una carreggiata a doppio senso;Asciutto;Asfaltata;Verticale ed orizzontale;Sereno;Normale;Buona;;0;0;0;2;12.414;41.8469;-1;2;Motociclo a solo;In marcia / fermata / arresto;Conducente;M;Illeso;0;;Non accertato;
5995946;16;06/06/2022 15:15:00;Strada Urbana;VIA ABATE UGONE;da specificare;;;;fronte civico 8;Scontro laterale fra veicoli in marcia;Rettilineo;Una carreggiata a doppio senso;Asciutto;Asfaltata;Verticale ed orizzontale;Sereno;Normale;Buona;;1;0;0;3;12.4535;41.8781;-1;1;Autovettura privata;In marcia / fermata / arresto;Conducente;M;Illeso;0;;Non accertato;Inesploso
5995946;16;06/06/2022 15:15:00;Strada Urbana;VIA ABATE UGONE;da specificare;;;;fronte civico 8;Scontro laterale fra veicoli in marcia;Rettilineo;Una carreggiata a doppio senso;Asciutto;Asfaltata;Verticale ed orizzontale;Sereno;Normale;Buona;;1;0;0;3;12.4535;41.8781;-1;1;Autovettura privata;In marcia / fermata / arresto;Passeggero;M;Illeso;0;;Non accertato;Inesploso
5995946;16;06/06/2022 15:15:00;Strada Urbana;VIA ABATE UGONE;da specificare;;;;fronte civico 8;Scontro laterale fra veicoli in marcia;Rettilineo;Una carreggiata a doppio senso;Asciutto;Asfaltata;Verticale ed orizzontale;Sereno;Normale;Buona;;1;0;0;3;12.4535;41.8781;-1;1;Autovettura privata;In marcia / fermata / arresto;Passeggero;M;Illeso;0;;Non accertato;Inesploso
5995946;16;06/06/2022 15:15:00;Strada Urbana;VIA ABATE UGONE;da specificare;;;;fronte civico 8;Scontro laterale fra veicoli in marcia;Rettilineo;Una carreggiata a doppio senso;Asciutto;Asfaltata;Verticale ed orizzontale;Sereno;Normale;Buona;;1;0;0;3;12.4535;41.8781;-1;2;Motociclo a solo;In marcia / fermata / arresto;Conducente;F;Rimandato;0;NON DECEDUTO;Non accertato;
5995968;16;06/06/2022 19:25:00;Strada Urbana;VIA DI VAL TELLINA;in prossimità;;del civico n.;fc 102;;Veicolo in marcia contro veicolo in sosta;Rettilineo;Una carreggiata a doppio senso;Asciutto;Asfaltata;Verticale ed orizzontale;Sereno;Normale;Buona;;0;0;0;1;12.4478;41.8676;-1;1;Autovettura privata;In marcia / fermata / arresto;Conducente;F;Illeso;0;;Non accertato;
5995968;16;06/06/2022 19:25:00;Strada Urbana;VIA DI VAL TELLINA;in prossimità;;del civico n.;fc 102;;Veicolo in marcia contro veicolo in sosta;Rettilineo;Una carreggiata a doppio senso;Asciutto;Asfaltata;Verticale ed orizzontale;Sereno;Normale;Buona;;0;0;0;1;12.4478;41.8676;-1;2;Autovettura privata;Sosta;;;;;;;
5996051;16;07/06/2022 06:50:00;Strada Urbana;VIA FONTEIANA;in corrispondenza;;del civico n.;117;;Veicolo in marcia contro veicolo fermo;Rettilineo;Una carreggiata a senso unico di marcia;Asciutto;Asfaltata;Orizzontale;Sereno;Normale;Buona;;1;0;0;1;12.4541;41.8784;-1;1;Autovettura privata;In marcia / fermata / arresto;Conducente;M;Illeso;0;;Non accertato;Inesploso
5996051;16;07/06/2022 06:50:00;Strada Urbana;VIA FONTEIANA;in corrispondenza;;del civico n.;117;;Veicolo in marcia contro veicolo fermo;Rettilineo;Una carreggiata a senso unico di marcia;Asciutto;Asfaltata;Orizzontale;Sereno;Normale;Buona;;1;0;0;1;12.4541;41.8784;-1;2;Motociclo a solo;In marcia / fermata / arresto;Conducente;M;Rimandato;0;NON DECEDUTO;Non accertato;
5996162;10;07/06/2022 14:20:00;Strada Urbana;VIALE BRUNO PELIZZI;in prossimità;;del civico n.;161-169;;Tamponamento Multiplo;Rettilineo;Una carreggiata a doppio senso;Asciutto;Asfaltata;Verticale ed orizzontale;Sereno;Normale;Buona;;1;0;0;3;12.5777;41.8601;-1;1;Autovettura privata;In marcia / fermata / arresto;Conducente;F;Illeso;0;;Non accertato;Inesploso
5996162;10;07/06/2022 14:20:00;Strada Urbana;VIALE BRUNO PELIZZI;in prossimità;;del civico n.;161-169;;Tamponamento Multiplo;Rettilineo;Una carreggiata a doppio senso;Asciutto;Asfaltata;Verticale ed orizzontale;Sereno;Normale;Buona;;1;0;0;3;12.5777;41.8601;-1;2;Autovettura privata;In marcia / fermata / arresto;Conducente;M;Illeso;0;;Non accertato;Inesploso
5996162;10;07/06/2022 14:20:00;Strada Urbana;VIALE BRUNO PELIZZI;in prossimità;;del civico n.;161-169;;Tamponamento Multiplo;Rettilineo;Una carreggiata a doppio senso;Asciutto;Asfaltata;Verticale ed orizzontale;Sereno;Normale;Buona;;1;0;0;3;12.5777;41.8601;-1;3;Autovettura privata;In marcia / fermata / arresto;Conducente;M;Illeso;0;;Non accertato;Inesploso
5996162;10;07/06/2022 14:20:00;Strada Urbana;VIALE BRUNO PELIZZI;in prossimità;;del civico n.;161-169;;Tamponamento Multiplo;Rettilineo;Una carreggiata a doppio senso;Asciutto;Asfaltata;Verticale ed orizzontale;Sereno;Normale;Buona;;1;0;0;3;12.5777;41.8601;-1;4;Autovettura privata;In marcia / fermata / arresto;Conducente;F;Rimandato;0;NON DECEDUTO;Non accertato;Inesploso
5996193;1;06/06/2022 19:35:00;Strada Urbana;PASSEGGIATA DEL GIANICOLO;da specificare;;;;altezza fermata ATAC N.72864;Veicolo in marcia contro veicoli in sosta;Curva a visuale libera;Una carreggiata a doppio senso;Asciutto;Asfaltata;Verticale ed orizzontale;Sereno;Normale;Sufficiente;;0;0;0;1;12.4606;41.8936;-1;1;Autovettura privata;Sosta;;;;;;;
5996193;1;06/06/2022 19:35:00;Strada Urbana;PASSEGGIATA DEL GIANICOLO;da specificare;;;;altezza fermata ATAC N.72864;Veicolo in marcia contro veicoli in sosta;Curva a visuale libera;Una carreggiata a doppio senso;Asciutto;Asfaltata;Verticale ed orizzontale;Sereno;Normale;Sufficiente;;0;0;0;1;12.4606;41.8936;-1;2;Autovettura privata;In marcia / fermata / arresto;Conducente;M;Illeso;0;;Non accertato;Inesploso
5996193;1;06/06/2022 19:35:00;Strada Urbana;PASSEGGIATA DEL GIANICOLO;da specificare;;;;altezza fermata ATAC N.72864;Veicolo in marcia contro veicoli in sosta;Curva a visuale libera;Una carreggiata a doppio senso;Asciutto;Asfaltata;Verticale ed orizzontale;Sereno;Normale;Sufficiente;;0;0;0;1;12.4606;41.8936;-1;3;Autovettura privata;Sosta;;;;;;;
5996195;12;07/06/2022 12:40:00;Strada Urbana;VIALE EGEO;da specificare;;;;pross. civico n. 68 dir Vle della G. Muraglia;Scontro laterale fra veicoli in marcia;Rettilineo;Una carreggiata a doppio senso;Asciutto;Asfaltata;Verticale ed orizzontale;Sereno;Normale;Buona;;0;0;0;3;12.457;41.8325;-1;1;Autovettura privata;In marcia / fermata / arresto;Conducente;M;Illeso;0;;Non accertato;Inesploso
5996195;12;07/06/2022 12:40:00;Strada Urbana;VIALE EGEO;da specificare;;;;pross. civico n. 68 dir Vle della G. Muraglia;Scontro laterale fra veicoli in marcia;Rettilineo;Una carreggiata a doppio senso;Asciutto;Asfaltata;Verticale ed orizzontale;Sereno;Normale;Buona;;0;0;0;3;12.457;41.8325;-1;1;Autovettura privata;In marcia / fermata / arresto;Passeggero;F;Illeso;0;;;Inesploso
5996195;12;07/06/2022 12:40:00;Strada Urbana;VIALE EGEO;da specificare;;;;pross. civico n. 68 dir Vle della G. Muraglia;Scontro laterale fra veicoli in marcia;Rettilineo;Una carreggiata a doppio senso;Asciutto;Asfaltata;Verticale ed orizzontale;Sereno;Normale;Buona;;0;0;0;3;12.457;41.8325;-1;2;Autovettura privata;In marcia / fermata / arresto;Conducente;M;Illeso;0;;Non accertato;Inesploso
5996218;1;07/06/2022 10:05:00;Strada Urbana;LUNGOTEVERE DE' CENCI;all'intersezione semaforizzata con;PONTE GARIBALDI;PONTE GARIBALDI;;;Tamponamento;Intersezione semaforizzata;Una carreggiata a senso unico di marcia;Asciutto;Asfaltata;Verticale ed orizzontale;Sereno;Normale;Buona;;0;0;0;2;12.4746;41.8917;0;1;Autovettura privata;In marcia / fermata / arresto;Conducente;F;Illeso;0;;Non accertato;Inesploso
5996218;1;07/06/2022 10:05:00;Strada Urbana;LUNGOTEVERE DE' CENCI;all'intersezione semaforizzata con;PONTE GARIBALDI;PONTE GARIBALDI;;;Tamponamento;Intersezione semaforizzata;Una carreggiata a senso unico di marcia;Asciutto;Asfaltata;Verticale ed orizzontale;Sereno;Normale;Buona;;0;0;0;2;12.4746;41.8917;0;2;Autovettura privata;In marcia / fermata / arresto;Conducente;M;Illeso;0;;Non accertato;Inesploso
5996223;1;07/06/2022 07:45:00;Strada Urbana;VIA QUATTRO NOVEMBRE;in corrispondenza;;del civico n.;119/A;;Investimento di pedone;Rettilineo;Una carreggiata a doppio senso;Asciutto;Asfaltata;Verticale ed orizzontale;Sereno;Intenso;Buona;;2;0;0;0;12.4836;41.897;-1;;;;Pedone;M;Rimandato;0;NON DECEDUTO;;
5996223;1;07/06/2022 07:45:00;Strada Urbana;VIA QUATTRO NOVEMBRE;in corrispondenza;;del civico n.;119/A;;Investimento di pedone;Rettilineo;Una carreggiata a doppio senso;Asciutto;Asfaltata;Verticale ed orizzontale;Sereno;Intenso;Buona;;2;0;0;0;12.4836;41.897;-1;1;Motociclo a solo;In marcia / fermata / arresto;Conducente;M;Ricoverato;0;NON DECEDUTO;Non accertato;
5996226;6;07/06/2022 15:00:00;Strada Urbana;VIA COLLATINA;in prossimità;;del civico n.;5;;Investimento di pedone;Rettilineo;Una carreggiata a doppio senso;Asciutto;Asfaltata;Orizzontale;Sereno;Normale;Buona;;1;0;0;1;12.5628;41.8954;-1;;;;Pedone;F;Rimandato;0;NON DECEDUTO;;
5996226;6;07/06/2022 15:00:00;Strada Urbana;VIA COLLATINA;in prossimità;;del civico n.;5;;Investimento di pedone;Rettilineo;Una carreggiata a doppio senso;Asciutto;Asfaltata;Orizzontale;Sereno;Normale;Buona;;1;0;0;1;12.5628;41.8954;-1;1;Autovettura privata;In marcia / fermata / arresto;Conducente;M;Illeso;0;;Non accertato;Inesploso
5996247;1;07/06/2022 09:45:00;Strada Urbana;VIA DI S. GREGORIO;in prossimità;;del civico n.;17;;Scontro laterale fra veicoli in marcia;Rettilineo;Due carreggiate;Asciutto;In cubetti di porfido;Verticale ed orizzontale;Sereno;Normale;Buona;;0;0;0;1;12.49;41.8878;0;1;Autovettura privata;In marcia / fermata / arresto;Conducente;;Illeso;0;;;
5996247;1;07/06/2022 09:45:00;Strada Urbana;VIA DI S. GREGORIO;in prossimità;;del civico n.;17;;Scontro laterale fra veicoli in marcia;Rettilineo;Due carreggiate;Asciutto;In cubetti di porfido;Verticale ed orizzontale;Sereno;Normale;Buona;;0;0;0;1;12.49;41.8878;0;2;Altro;Allontanatosi;;;;;;;
5996256;1;07/06/2022 08:10:00;Strada Urbana;VIA GARIBALDI;da specificare;;;;prossimità varco ZTL;Veicolo in marcia contro ostacolo accidentale;Curva senza visuale libera;Una carreggiata a doppio senso;Viscido da liquidi oleosi;Asfaltata;Verticale ed orizzontale;Sereno;Normale;Buona;;2;0;0;1;12.4643;41.889;-1;1;Autovettura privata;In marcia / fermata / arresto;Conducente;M;Illeso;0;;Non accertato;Inesploso
5996256;1;07/06/2022 08:10:00;Strada Urbana;VIA GARIBALDI;da specificare;;;;prossimità varco ZTL;Veicolo in marcia contro ostacolo accidentale;Curva senza visuale libera;Una carreggiata a doppio senso;Viscido da liquidi oleosi;Asfaltata;Verticale ed orizzontale;Sereno;Normale;Buona;;2;0;0;1;12.4643;41.889;-1;2;Motociclo con passeggero;In marcia / fermata / arresto;Conducente;M;Rifiuta cure immediate;0;NON DECEDUTO;Non accertato;
5996256;1;07/06/2022 08:10:00;Strada Urbana;VIA GARIBALDI;da specificare;;;;prossimità varco ZTL;Veicolo in marcia contro ostacolo accidentale;Curva senza visuale libera;Una carreggiata a doppio senso;Viscido da liquidi oleosi;Asfaltata;Verticale ed orizzontale;Sereno;Normale;Buona;;2;0;0;1;12.4643;41.889;-1;2;Motociclo con passeggero;In marcia / fermata / arresto;Passeggero;F;Rimandato;0;NON DECEDUTO;;
5996259;1;06/06/2022 16:20:00;Strada Urbana;VIA FARINI;in prossimità;;del civico n.;54;;Veicolo in marcia contro veicolo arresto;Rettilineo;Una carreggiata a doppio senso;Asciutto;Asfaltata;Verticale ed orizzontale;Sereno;Normale;Buona;;0;0;0;2;12.4993;41.8984;0;1;Autovettura privata;In marcia / fermata / arresto;Conducente;M;Illeso;0;;Non accertato;Inesploso
5996259;1;06/06/2022 16:20:00;Strada Urbana;VIA FARINI;in prossimità;;del civico n.;54;;Veicolo in marcia contro veicolo arresto;Rettilineo;Una carreggiata a doppio senso;Asciutto;Asfaltata;Verticale ed orizzontale;Sereno;Normale;Buona;;0;0;0;2;12.4993;41.8984;0;2;Autovettura privata;In marcia / fermata / arresto;Conducente;M;Illeso;0;;Non accertato;Inesploso
5996263;1;06/06/2022 18:10:00;Strada Urbana;PORTA S. GIOVANNI;in prossimità;;del civico n.;50;;Scontro laterale fra veicoli in marcia;Rettilineo;Una carreggiata a doppio senso;Asciutto;Asfaltata;Verticale ed orizzontale;Sereno;Normale;Sufficiente;;1;0;0;1;12.4952;41.8899;-1;1;Motociclo a solo;In marcia / fermata / arresto;Conducente;M;Rimandato;0;NON DECEDUTO;Non accertato;
5996263;1;06/06/2022 18:10:00;Strada Urbana;PORTA S. GIOVANNI;in prossimità;;del civico n.;50;;Scontro laterale fra veicoli in marcia;Rettilineo;Una carreggiata a doppio senso;Asciutto;Asfaltata;Verticale ed orizzontale;Sereno;Normale;Sufficiente;;1;0;0;1;12.4952;41.8899;-1;2;Autovettura privata;In marcia / fermata / arresto;Conducente;M;Illeso;0;;Non accertato;Inesploso
5996286;7;07/06/2022 14:55:00;Strada Urbana;VIA DI CASA CALDA;all'intersezione con;VIA DEI FIORRANCINI;VIA DEI FIORRANCINI;;;Tamponamento;Incrocio;Una carreggiata a doppio senso;Asciutto;Asfaltata;Verticale ed orizzontale;Sereno;Normale;Buona;;0;0;0;2;12.59;41.8731;-1;1;Autocarro inferiore 35 q.;In marcia / fermata / arresto;Conducente;M;Illeso;0;;;
5996286;7;07/06/2022 14:55:00;Strada Urbana;VIA DI CASA CALDA;all'intersezione con;VIA DEI FIORRANCINI;VIA DEI FIORRANCINI;;;Tamponamento;Incrocio;Una carreggiata a doppio senso;Asciutto;Asfaltata;Verticale ed orizzontale;Sereno;Normale;Buona;;0;0;0;2;12.59;41.8731;-1;2;Autovettura privata;In marcia / fermata / arresto;Conducente;M;Illeso;0;;;
5996287;9;07/06/2022 10:05:00;Strada Urbana;VIA TUSCOLANA;all'intersezione con;VIA GELA;VIA GELA;;;Scontro laterale fra veicoli in marcia;Intersezione semaforizzata;Una carreggiata a doppio senso;Asciutto;Asfaltata;Verticale ed orizzontale;Sereno;Intenso;Buona;;1;0;0;1;12.5217;41.8794;-1;1;Autovettura privata;In marcia / fermata / arresto;Conducente;M;Illeso;0;;Non accertato;Inesploso
5996287;9;07/06/2022 10:05:00;Strada Urbana;VIA TUSCOLANA;all'intersezione con;VIA GELA;VIA GELA;;;Scontro laterale fra veicoli in marcia;Intersezione semaforizzata;Una carreggiata a doppio senso;Asciutto;Asfaltata;Verticale ed orizzontale;Sereno;Intenso;Buona;;1;0;0;1;12.5217;41.8794;-1;2;Motociclo a solo;In marcia / fermata / arresto;Conducente;M;Rimandato;0;NON DECEDUTO;Non utilizzato;
5996296;18;06/06/2022 15:00:00;Strada Urbana;VIA ANASTASIO II;da specificare;;;;in prossimita' dei civici 81/83;Veicolo in marcia contro veicoli in sosta;Rettilineo;Due carreggiate;Asciutto;Asfaltata;Verticale ed orizzontale;Sereno;Normale;Buona;;0;0;0;0;12.4425;41.8999;-1;1;Autovettura privata;In marcia / fermata / arresto;;;;;;;
5996296;18;06/06/2022 15:00:00;Strada Urbana;VIA ANASTASIO II;da specificare;;;;in prossimita' dei civici 81/83;Veicolo in marcia contro veicoli in sosta;Rettilineo;Due carreggiate;Asciutto;Asfaltata;Verticale ed orizzontale;Sereno;Normale;Buona;;0;0;0;0;12.4425;41.8999;-1;2;Autovettura privata;Sosta;;;;;;;
5996296;18;06/06/2022 15:00:00;Strada Urbana;VIA ANASTASIO II;da specificare;;;;in prossimita' dei civici 81/83;Veicolo in marcia contro veicoli in sosta;Rettilineo;Due carreggiate;Asciutto;Asfaltata;Verticale ed orizzontale;Sereno;Normale;Buona;;0;0;0;0;12.4425;41.8999;-1;3;Autovettura privata;Sosta;;;;;;;
5996296;18;06/06/2022 15:00:00;Strada Urbana;VIA ANASTASIO II;da specificare;;;;in prossimita' dei civici 81/83;Veicolo in marcia contro veicoli in sosta;Rettilineo;Due carreggiate;Asciutto;Asfaltata;Verticale ed orizzontale;Sereno;Normale;Buona;;0;0;0;0;12.4425;41.8999;-1;4;Autovettura privata;Sosta;;;;;;;
5996322;9;07/06/2022 10:15:00;Strada Urbana;VIA ALBALONGA;all'intersezione con;VIA ETRURIA;VIA ETRURIA;;;Investimento di pedone;Intersezione stradale segnalata;Una carreggiata a senso unico di marcia;Asciutto;Asfaltata;Verticale ed orizzontale;Sereno;Normale;Buona;;2;0;0;1;12.5133;41.88;-1;;;;Pedone;F;Rimandato;0;NON DECEDUTO;;