Protocollo;Gruppo;DataOraIncidente;Localizzazione1;STRADA1;Localizzazione2;STRADA2;Strada02;Chilometrica;DaSpecificare;NaturaIncidente;particolaritastrade;TipoStrada;FondoStradale;Pavimentazione;Segnaletica;CondizioneAtmosferica;Traffico;Visibilita;Illuminazione;NUM_FERITI;NUM_RISERVATA;NUM_MORTI;NUM_ILLESI;Longitude;Latitude;Confermato;Progressivo;TipoVeicolo;StatoVeicolo;TipoPersona;Sesso;Tipolesione;Deceduto;DecedutoDopo;CinturaCascoUtilizzato;Airbag;
5996322;9;07/06/2022 10:15:00;Strada Urbana;VIA ALBALONGA;all'intersezione con;VIA ETRURIA;VIA ETRURIA;;;Investimento di pedone;Intersezione stradale segnalata;Una carreggiata a senso unico di marcia;Asciutto;Asfaltata;Verticale ed orizzontale;Sereno;Normale;Buona;;2;0;0;1;12.5133;41.88;-1;;;;Pedone;F;Rimandato;0;NON DECEDUTO;;
5996322;9;07/06/2022 10:15:00;Strada Urbana;VIA ALBALONGA;all'intersezione con;VIA ETRURIA;VIA ETRURIA;;;Investimento di pedone;Intersezione stradale segnalata;Una carreggiata a senso unico di marcia;Asciutto;Asfaltata;Verticale ed orizzontale;Sereno;Normale;Buona;;2;0;0;1;12.5133;41.88;-1;1;Autovettura privata;In marcia / fermata / arresto;Conducente;M;Illeso;0;;Non accertato;Inesploso
5996323;18;06/06/2022 12:40:00;Strada Urbana;VIA CARLO ZUCCHI;in corrispondenza;;del civico n.;28;;Veicolo in marcia contro veicolo in sosta;Rettilineo;Una carreggiata a doppio senso;Asciutto;Asfaltata;Verticale ed orizzontale;Sereno;Normale;Buona;;0;0;0;1;12.4334;41.895;-1;1;Autovettura privata;In marcia / fermata / arresto;Conducente;F;Illeso;0;;Non accertato;Inesploso
5996323;18;06/06/2022 12:40:00;Strada Urbana;VIA CARLO ZUCCHI;in corrispondenza;;del civico n.;28;;Veicolo in marcia contro veicolo in sosta;Rettilineo;Una carreggiata a doppio senso;Asciutto;Asfaltata;Verticale ed orizzontale;Sereno;Normale;Buona;;0;0;0;1;12.4334;41.895;-1;2;Autovettura privata;Sosta;;;;;;;
5996343;9;06/06/2022 19:40:00;Strada Urbana;VIA ALTAMURA;all'intersezione con;LARGO BRINDISI;LARGO BRINDISI;;;Veicolo in marcia contro veicolo fermo;Intersezione stradale segnalata;Una carreggiata a senso unico di marcia;Asciutto;Asfaltata;Verticale ed orizzontale;Sereno;Normale;Buona;;0;0;0;1;12.5115;41.886;-1;1;Autovettura privata;In marcia / fermata / arresto;;;;;;;
5996343;9;06/06/2022 19:40:00;Strada Urbana;VIA ALTAMURA;all'intersezione con;LARGO BRINDISI;LARGO BRINDISI;;;Veicolo in marcia contro veicolo fermo;Intersezione stradale segnalata;Una carreggiata a senso unico di marcia;Asciutto;Asfaltata;Verticale ed orizzontale;Sereno;Normale;Buona;;0;0;0;1;12.5115;41.886;-1;2;Autovettura privata;In marcia / fermata / arresto;Conducente;M;Illeso;0;;;
5996363;18;06/06/2022 18:20:00;Strada Urbana;CIRCONVALLAZIONE AURELIA;all'intersezione semaforizzata con;PIAZZA S. GIOVANNI BATTISTA DE LA SALLE;PIAZZA S. GIOVANNI BATTISTA DE LA SALLE;;;Scontro laterale fra veicoli in marcia;Intersezione semaforizzata;Più di due carreggiate;Asciutto;Asfaltata;Verticale ed orizzontale;Sereno;Normale;Buona;;1;0;0;1;12.4282;41.8971;-1;1;Motociclo a solo;In marcia / fermata / arresto;Conducente;M;Rimandato;0;NON DECEDUTO;Non accertato;
5996363;18;06/06/2022 18:20:00;Strada Urbana;CIRCONVALLAZIONE AURELIA;all'intersezione semaforizzata con;PIAZZA S. GIOVANNI BATTISTA DE LA SALLE;PIAZZA S. GIOVANNI BATTISTA DE LA SALLE;;;Scontro laterale fra veicoli in marcia;Intersezione semaforizzata;Più di due carreggiate;Asciutto;Asfaltata;Verticale ed orizzontale;Sereno;Normale;Buona;;1;0;0;1;12.4282;41.8971;-1;2;Autovettura privata;In marcia / fermata / arresto;Conducente;F;Illeso;0;;Non accertato;Inesploso
5996388;18;07/06/2022 16:15:00;Strada Urbana;VIA LEONE XIII;in corrispondenza;;del civico n.;464;;Tamponamento;Rettilineo;Due carreggiate;Asciutto;Asfaltata;Verticale ed orizzontale;Sereno;Normale;Buona;;1;0;0;3;12.4379;41.8943;-1;1;Autovettura privata;In marcia / fermata / arresto;Conducente;M;Illeso;0;;Non accertato;Inesploso
5996388;18;07/06/2022 16:15:00;Strada Urbana;VIA LEONE XIII;in corrispondenza;;del civico n.;464;;Tamponamento;Rettilineo;Due carreggiate;Asciutto;Asfaltata;Verticale ed orizzontale;Sereno;Normale;Buona;;1;0;0;3;12.4379;41.8943;-1;2;Autovettura pubblica;In marcia / fermata / arresto;Conducente;M;Illeso;0;;Non accertato;Inesploso
5996388;18;07/06/2022 16:15:00;Strada Urbana;VIA LEONE XIII;in corrispondenza;;del civico n.;464;;Tamponamento;Rettilineo;Due carreggiate;Asciutto;Asfaltata;Verticale ed orizzontale;Sereno;Normale;Buona;;1;0;0;3;12.4379;41.8943;-1;2;Autovettura pubblica;In marcia / fermata / arresto;Passeggero;M;Illeso;0;;Non accertato;Inesploso
5996388;18;07/06/2022 16:15:00;Strada Urbana;VIA LEONE XIII;in corrispondenza;;del civico n.;464;;Tamponamento;Rettilineo;Due carreggiate;Asciutto;Asfaltata;Verticale ed orizzontale;Sereno;Normale;Buona;;1;0;0;3;12.4379;41.8943;-1;2;Autovettura pubblica;In marcia / fermata / arresto;Passeggero;F;Rimandato;0;NON DECEDUTO;Non accertato;Inesploso
5996417;18;06/06/2022 23:50:00;Strada Urbana;VIA DOMENICO TARDINI;all'intersezione con;VIA NOSTRA SIGNORA DI LOURDES;VIA NOSTRA SIGNORA DI LOURDES;;;Scontro laterale fra veicoli in marcia;Intersezione stradale segnalata;Una carreggiata a senso unico di marcia;Asciutto;Asfaltata;Verticale ed orizzontale;Sereno;Scarso;Sufficiente;;0;0;0;2;12.4254;41.9045;-1;1;Autovettura privata;In marcia / fermata / arresto;Conducente;M;Illeso;0;;Non accertato;Inesploso
5996417;18;06/06/2022 23:50:00;Strada Urbana;VIA DOMENICO TARDINI;all'intersezione con;VIA NOSTRA SIGNORA DI LOURDES;VIA NOSTRA SIGNORA DI LOURDES;;;Scontro laterale fra veicoli in marcia;Intersezione stradale segnalata;Una carreggiata a senso unico di marcia;Asciutto;Asfaltata;Verticale ed orizzontale;Sereno;Scarso;Sufficiente;;0;0;0;2;12.4254;41.9045;-1;2;Autovettura privata;In marcia / fermata / arresto;Conducente;M;Illeso;0;;Non accertato;Inesploso
5996440;6;07/06/2022 15:00:00;Strada Urbana;VIA GALEAZZO ALESSI;all'intersezione con;VIA GABRIO SERBELLONI;VIA GABRIO SERBELLONI;;;Scontro frontale/laterale DX fra veicoli in marcia;Incrocio;Una carreggiata a senso unico di marcia;Asciutto;Asfaltata;Verticale ed orizzontale;Sereno;Normale;Buona;;0;0;0;3;12.5411;41.8793;-1;1;Autovettura privata;In marcia / fermata / arresto;Conducente;M;Illeso;0;;Non accertato;Inesploso
5996440;6;07/06/2022 15:00:00;Strada Urbana;VIA GALEAZZO ALESSI;all'intersezione con;VIA GABRIO SERBELLONI;VIA GABRIO SERBELLONI;;;Scontro frontale/laterale DX fra veicoli in marcia;Incrocio;Una carreggiata a senso unico di marcia;Asciutto;Asfaltata;Verticale ed orizzontale;Sereno;Normale;Buona;;0;0;0;3;12.5411;41.8793;-1;2;Autovettura privata;In marcia / fermata / arresto;Conducente;M;Illeso;0;;Non accertato;Inesploso
5996440;6;07/06/2022 15:00:00;Strada Urbana;VIA GALEAZZO ALESSI;all'intersezione con;VIA GABRIO SERBELLONI;VIA GABRIO SERBELLONI;;;Scontro frontale/laterale DX fra veicoli in marcia;Incrocio;Una carreggiata a senso unico di marcia;Asciutto;Asfaltata;Verticale ed orizzontale;Sereno;Normale;Buona;;0;0;0;3;12.5411;41.8793;-1;2;Autovettura privata;In marcia / fermata / arresto;Passeggero;F;Illeso;0;;Non accertato;Inesploso
5996465;7;07/06/2022 17:00:00;Strada Urbana;VIALE GIORGIO DE CHIRICO;all'intersezione con;VIALE FILIPPO DE PISIS;VIALE FILIPPO DE PISIS;;;Veicolo in marcia contro ostacolo fisso;Incrocio;Due carreggiate;Asciutto;Asfaltata;Verticale ed orizzontale;Sereno;Scarso;Buona;;0;0;0;3;12.5874;41.8987;-1;1;Autovettura privata;In marcia / fermata / arresto;Conducente;M;Illeso;0;;;
5996465;7;07/06/2022 17:00:00;Strada Urbana;VIALE GIORGIO DE CHIRICO;all'intersezione con;VIALE FILIPPO DE PISIS;VIALE FILIPPO DE PISIS;;;Veicolo in marcia contro ostacolo fisso;Incrocio;Due carreggiate;Asciutto;Asfaltata;Verticale ed orizzontale;Sereno;Scarso;Buona;;0;0;0;3;12.5874;41.8987;-1;1;Autovettura privata;In marcia / fermata / arresto;Passeggero;F;Illeso;0;;;
5996465;7;07/06/2022 17:00:00;Strada Urbana;VIALE GIORGIO DE CHIRICO;all'intersezione con;VIALE FILIPPO DE PISIS;VIALE FILIPPO DE PISIS;;;Veicolo in marcia contro ostacolo fisso;Incrocio;Due carreggiate;Asciutto;Asfaltata;Verticale ed orizzontale;Sereno;Scarso;Buona;;0;0;0;3;12.5874;41.8987;-1;2;Autovettura privata;In marcia / fermata / arresto;Conducente;M;Illeso;0;;;
5996488;18;03/06/2022 13:30:00;Strada Urbana;VIA DEI CASALI SANTOVETTI;da specificare;;;;CAVALCAVIA AURELIA;Scontro frontale/laterale SX fra veicoli in marcia;Rettilineo;Una carreggiata a doppio senso;Asciutto;Asfaltata;Verticale ed orizzontale;Sereno;Normale;Buona;;0;0;0;2;12.4039;41.8895;0;1;Autovettura privata;In marcia / fermata / arresto;Conducente;M;Illeso;0;;;
5996488;18;03/06/2022 13:30:00;Strada Urbana;VIA DEI CASALI SANTOVETTI;da specificare;;;;CAVALCAVIA AURELIA;Scontro frontale/laterale SX fra veicoli in marcia;Rettilineo;Una carreggiata a doppio senso;Asciutto;Asfaltata;Verticale ed orizzontale;Sereno;Normale;Buona;;0;0;0;2;12.4039;41.8895;0;2;Autovettura privata;In marcia / fermata / arresto;Conducente;M;Illeso;0;;;
5996527;18;07/06/2022 11:30:00;Strada Urbana;VIA DI VAL CANNUTA;da specificare;;;;FRONTE CIV. 37;Veicolo in marcia contro veicoli in sosta;Rettilineo;Una carreggiata a doppio senso;Asciutto;Asfaltata;Verticale ed orizzontale;Sereno;Normale;Buona;;0;0;0;1;12.4103;41.897;-1;1;Autovettura privata;In marcia / fermata / arresto;Conducente;F;Illeso;0;;;
5996527;18;07/06/2022 11:30:00;Strada Urbana;VIA DI VAL CANNUTA;da specificare;;;;FRONTE CIV. 37;Veicolo in marcia contro veicoli in sosta;Rettilineo;Una carreggiata a doppio senso;Asciutto;Asfaltata;Verticale ed orizzontale;Sereno;Normale;Buona;;0;0;0;1;12.4103;41.897;-1;2;Motociclo a solo;Sosta;;;;;;;
5996527;18;07/06/2022 11:30:00;Strada Urbana;VIA DI VAL CANNUTA;da specificare;;;;FRONTE CIV. 37;Veicolo in marcia contro veicoli in sosta;Rettilineo;Una carreggiata a doppio senso;Asciutto;Asfaltata;Verticale ed orizzontale;Sereno;Normale;Buona;;0;0;0;1;12.4103;41.897;-1;3;Motociclo a solo;Sosta;;;;;;;
5996527;18;07/06/2022 11:30:00;Strada Urbana;VIA DI VAL CANNUTA;da specificare;;;;FRONTE CIV. 37;Veicolo in marcia contro veicoli in sosta;Rettilineo;Una carreggiata a doppio senso;Asciutto;Asfaltata;Verticale ed orizzontale;Sereno;Normale;Buona;;0;0;0;1;12.4103;41.897;-1;4;Motociclo a solo;Sosta;;;;;;;
5996557;18;06/06/2022 15:44:00;Strada Urbana;VIA BALDO DEGLI UBALDI;in prossimità;;del civico n.;354;;Ribaltamento senza urto contro ostacolo fisso;Rettilineo;Due carreggiate;Asciutto;Asfaltata;Verticale ed orizzontale;Sereno;Normale;Buona;;1;0;0;1;12.4404;41.9021;-1;1;Motociclo a solo;In marcia / fermata / arresto;Conducente;M;Rimandato;0;NON DECEDUTO;Non accertato;
5996557;18;06/06/2022 15:44:00;Strada Urbana;VIA BALDO DEGLI UBALDI;in prossimità;;del civico n.;354;;Ribaltamento senza urto contro ostacolo fisso;Rettilineo;Due carreggiate;Asciutto;Asfaltata;Verticale ed orizzontale;Sereno;Normale;Buona;;1;0;0;1;12.4404;41.9021;-1;2;Autovettura privata;In marcia / fermata / arresto;Conducente;M;Illeso;0;;Non accertato;Inesploso
5996564;10;07/06/2022 17:35:00;Strada Urbana;VIA TUSCOLANA;da specificare;;;;40 mt prima di via capistrano;Tamponamento;Rettilineo;Una carreggiata a senso unico di marcia;Asciutto;Asfaltata;Verticale ed orizzontale;Sereno;Normale;Buona;;1;0;0;1;12.5923;41.8396;-1;1;Motociclo con passeggero;In marcia / fermata / arresto;Conducente;M;Rimandato;0;NON DECEDUTO;;
5996564;10;07/06/2022 17:35:00;Strada Urbana;VIA TUSCOLANA;da specificare;;;;40 mt prima di via capistrano;Tamponamento;Rettilineo;Una carreggiata a senso unico di marcia;Asciutto;Asfaltata;Verticale ed orizzontale;Sereno;Normale;Buona;;1;0;0;1;12.5923;41.8396;-1;2;Autocarro inferiore 35 q.;In marcia / fermata / arresto;Conducente;M;Illeso;0;;;Inesploso
5996586;18;07/06/2022 11:30:00;Strada Urbana;VIA DI TORREVECCHIA;in prossimità;;del civico n.;859;;Scontro laterale fra veicoli in marcia;Rettilineo;Due carreggiate;Asciutto;Asfaltata;Verticale ed orizzontale;Sereno;Normale;Buona;;0;0;0;2;12.4085;41.9168;-1;1;Motociclo a solo;In marcia / fermata / arresto;Conducente;M;Illeso;0;;Non accertato;
5996586;18;07/06/2022 11:30:00;Strada Urbana;VIA DI TORREVECCHIA;in prossimità;;del civico n.;859;;Scontro laterale fra veicoli in marcia;Rettilineo;Due carreggiate;Asciutto;Asfaltata;Verticale ed orizzontale;Sereno;Normale;Buona;;0;0;0;2;12.4085;41.9168;-1;2;Autovettura privata;In marcia / fermata / arresto;Conducente;F;Illeso;0;;Non accertato;Inesploso
5996591;12;07/06/2022 13:15:00;Strada Urbana;VIA CRISTOFORO COLOMBO;da specificare;;;;LATERALE PALO ACEA 357;Tamponamento Multiplo;Rettilineo;Più di due carreggiate;Asciutto;Asfaltata;Verticale ed orizzontale;Sereno;Normale;Buona;;0;0;0;9;12.4115;41.7858;-1;1;Autovettura privata;In marcia / fermata / arresto;Conducente;F;Illeso;0;;Non accertato;Inesploso
5996591;12;07/06/2022 13:15:00;Strada Urbana;VIA CRISTOFORO COLOMBO;da specificare;;;;LATERALE PALO ACEA 357;Tamponamento Multiplo;Rettilineo;Più di due carreggiate;Asciutto;Asfaltata;Verticale ed orizzontale;Sereno;Normale;Buona;;0;0;0;9;12.4115;41.7858;-1;1;Autovettura privata;In marcia / fermata / arresto;Passeggero;F;Illeso;0;;Non accertato;Inesploso
5996591;12;07/06/2022 13:15:00;Strada Urbana;VIA CRISTOFORO COLOMBO;da specificare;;;;LATERALE PALO ACEA 357;Tamponamento Multiplo;Rettilineo;Più di due carreggiate;Asciutto;Asfaltata;Verticale ed orizzontale;Sereno;Normale;Buona;;0;0;0;9;12.4115;41.7858;-1;1;Autovettura privata;In marcia / fermata / arresto;Passeggero;F;Illeso;0;;Non accertato;Inesploso
5996591;12;07/06/2022 13:15:00;Strada Urbana;VIA CRISTOFORO COLOMBO;da specificare;;;;LATERALE PALO ACEA 357;Tamponamento Multiplo;Rettilineo;Più di due carreggiate;Asciutto;Asfaltata;Verticale ed orizzontale;Sereno;Normale;Buona;;0;0;0;9;12.4115;41.7858;-1;2;Motociclo a solo;In marcia / fermata / arresto;Conducente;M;Illeso;0;;Non accertato;
5996591;12;07/06/2022 13:15:00;Strada Urbana;VIA CRISTOFORO COLOMBO;da specificare;;;;LATERALE PALO ACEA 357;Tamponamento Multiplo;Rettilineo;Più di due carreggiate;Asciutto;Asfaltata;Verticale ed orizzontale;Sereno;Normale;Buona;;0;0;0;9;12.4115;41.7858;-1;3;Autovettura privata;In marcia / fermata / arresto;Conducente;F;Illeso;0;;Non accertato;Inesploso
5996591;12;07/06/2022 13:15:00;Strada Urbana;VIA CRISTOFORO COLOMBO;da specificare;;;;LATERALE PALO ACEA 357;Tamponamento Multiplo;Rettilineo;Più di due carreggiate;Asciutto;Asfaltata;Verticale ed orizzontale;Sereno;Normale;Buona;;0;0;0;9;12.4115;41.7858;-1;4;Autovettura privata;In marcia / fermata / arresto;Conducente;F;Illeso;0;;Non accertato;Inesploso
5996591;12;07/06/2022 13:15:00;Strada Urbana;VIA CRISTOFORO COLOMBO;da specificare;;;;LATERALE PALO ACEA 357;Tamponamento Multiplo;Rettilineo;Più di due carreggiate;Asciutto;Asfaltata;Verticale ed orizzontale;Sereno;Normale;Buona;;0;0;0;9;12.4115;41.7858;-1;5;Autovettura privata;In marcia / fermata / arresto;Conducente;M;Illeso;0;;Non accertato;Inesploso
5996591;12;07/06/2022 13:15:00;Strada Urbana;VIA CRISTOFORO COLOMBO;da specificare;;;;LATERALE PALO ACEA 357;Tamponamento Multiplo;Rettilineo;Più di due carreggiate;Asciutto;Asfaltata;Verticale ed orizzontale;Sereno;Normale;Buona;;0;0;0;9;12.4115;41.7858;-1;6;Autovettura privata;In marcia / fermata / arresto;Conducente;M;Illeso;0;;Non accertato;Inesploso
5996591;12;07/06/2022 13:15:00;Strada Urbana;VIA CRISTOFORO COLOMBO;da specificare;;;;LATERALE PALO ACEA 357;Tamponamento Multiplo;Rettilineo;Più di due carreggiate;Asciutto;Asfaltata;Verticale ed orizzontale;Sereno;Normale;Buona;;0;0;0;9;12.4115;41.7858;-1;6;Autovettura privata;In marcia / fermata / arresto;Passeggero;M;Illeso;0;;Non accertato;Inesploso
5996620;15;07/06/2022 08:15:00;Strada Urbana;VIA MASSA MARITTIMA;all'intersezione con;VIA CAMPAGNATICO;VIA CAMPAGNATICO;;;Scontro frontale/laterale DX fra veicoli in marcia;Incrocio;Una carreggiata a senso unico di marcia;Asciutto;Asfaltata;Verticale;Sereno;Normale;Buona;;0;0;0;2;12.4376;41.842;-1;1;Autovettura privata;In marcia / fermata / arresto;Conducente;M;Illeso;0;;Non accertato;Inesploso
5996620;15;07/06/2022 08:15:00;Strada Urbana;VIA MASSA MARITTIMA;all'intersezione con;VIA CAMPAGNATICO;VIA CAMPAGNATICO;;;Scontro frontale/laterale DX fra veicoli in marcia;Incrocio;Una carreggiata a senso unico di marcia;Asciutto;Asfaltata;Verticale;Sereno;Normale;Buona;;0;0;0;2;12.4376;41.842;-1;2;Autovettura privata;In marcia / fermata / arresto;Conducente;M;Illeso;0;;Non accertato;Inesploso
5996634;18;07/06/2022 06:45:00;Strada Urbana;VIA NAZARETH;in prossimità;;del civico n.;400;;Tamponamento Multiplo;Rettilineo;Una carreggiata a doppio senso;Asciutto;Asfaltata;Verticale ed orizzontale;Sereno;Normale;Buona;;0;0;0;3;12.3976;41.9016;-1;1;Autovettura privata;In marcia / fermata / arresto;Conducente;M;Illeso;0;;Non accertato;Inesploso
5996634;18;07/06/2022 06:45:00;Strada Urbana;VIA NAZARETH;in prossimità;;del civico n.;400;;Tamponamento Multiplo;Rettilineo;Una carreggiata a doppio senso;Asciutto;Asfaltata;Verticale ed orizzontale;Sereno;Normale;Buona;;0;0;0;3;12.3976;41.9016;-1;2;Autovettura privata;In marcia / fermata / arresto;Conducente;M;Illeso;0;;Non accertato;
5996634;18;07/06/2022 06:45:00;Strada Urbana;VIA NAZARETH;in prossimità;;del civico n.;400;;Tamponamento Multiplo;Rettilineo;Una carreggiata a doppio senso;Asciutto;Asfaltata;Verticale ed orizzontale;Sereno;Normale;Buona;;0;0;0;3;12.3976;41.9016;-1;3;Autovettura privata;In marcia / fermata / arresto;Conducente;M;Illeso;0;;Non accertato;Inesploso
5996648;15;07/06/2022 09:30:00;Strada Urbana;VIA DELLA CASETTA MATTEI;da specificare;;;;fronte civico 359;Veicolo in marcia contro veicoli in sosta;Rettilineo;Una carreggiata a doppio senso;Asciutto;Asfaltata;Orizzontale;Sereno;Normale;Buona;;0;0;0;1;12.4196;41.8579;-1;1;Autocarro inferiore 35 q.;In marcia / fermata / arresto;Conducente;M;Illeso;0;;Non accertato;Inesploso
5996648;15;07/06/2022 09:30:00;Strada Urbana;VIA DELLA CASETTA MATTEI;da specificare;;;;fronte civico 359;Veicolo in marcia contro veicoli in sosta;Rettilineo;Una carreggiata a doppio senso;Asciutto;Asfaltata;Orizzontale;Sereno;Normale;Buona;;0;0;0;1;12.4196;41.8579;-1;2;Autovettura privata;Sosta;;;;;;;
5996648;15;07/06/2022 09:30:00;Strada Urbana;VIA DELLA CASETTA MATTEI;da specificare;;;;fronte civico 359;Veicolo in marcia contro veicoli in sosta;Rettilineo;Una carreggiata a doppio senso;Asciutto;Asfaltata;Orizzontale;Sereno;Normale;Buona;;0;0;0;1;12.4196;41.8579;-1;3;Autovettura privata;Sosta;;;;;;;
5996648;15;07/06/2022 09:30:00;Strada Urbana;VIA DELLA CASETTA MATTEI;da specificare;;;;fronte civico 359;Veicolo in marcia contro veicoli in sosta;Rettilineo;Una carreggiata a doppio senso;Asciutto;Asfaltata;Orizzontale;Sereno;Normale;Buona;;0;0;0;1;12.4196;41.8579;-1;4;Autovettura privata;Sosta;;;;;;;
5996648;15;07/06/2022 09:30:00;Strada Urbana;VIA DELLA CASETTA MATTEI;da specificare;;;;fronte civico 359;Veicolo in marcia contro veicoli in sosta;Rettilineo;Una carreggiata a doppio senso;Asciutto;Asfaltata;Orizzontale;Sereno;Normale;Buona;;0;0;0;1;12.4196;41.8579;-1;5;Autovettura privata;Sosta;;;;;;;
5996648;15;07/06/2022 09:30:00;Strada Urbana;VIA DELLA CASETTA MATTEI;da specificare;;;;fronte civico 359;Veicolo in marcia contro veicoli in sosta;Rettilineo;Una carreggiata a doppio senso;Asciutto;Asfaltata;Orizzontale;Sereno;Normale;Buona;;0;0;0;1;12.4196;41.8579;-1;6;Autovettura privata;Sosta;;;;;;;
5996648;15;07/06/2022 09:30:00;Strada Urbana;VIA DELLA CASETTA MATTEI;da specificare;;;;fronte civico 359;Veicolo in marcia contro veicoli in sosta;Rettilineo;Una carreggiata a doppio senso;Asciutto;Asfaltata;Orizzontale;Sereno;Normale;Buona;;0;0;0;1;12.4196;41.8579;-1;7;Autovettura privata;Sosta;;;;;;;
5996648;15;07/06/2022 09:30:00;Strada Urbana;VIA DELLA CASETTA MATTEI;da specificare;;;;fronte civico 359;Veicolo in marcia contro veicoli in sosta;Rettilineo;Una carreggiata a doppio senso;Asciutto;Asfaltata;Orizzontale;Sereno;Normale;Buona;;0;0;0;1;12.4196;41.8579;-1;8;Autovettura privata;Sosta;;;;;;;
5996672;18;07/06/2022 09:50:00;;VIA DELLA MADONNA DEL RIPOSO;in corrispondenza;;del civico n.;99;;Investimento di pedone;;;;;;;;;;0;0;0;2;12.4322;41.8964;0;;;;Pedone;F;Illeso;0;;;
5996672;18;07/06/2022 09:50:00;;VIA DELLA MADONNA DEL RIPOSO;in corrispondenza;;del civico n.;99;;Investimento di pedone;;;;;;;;;;0;0;0;2;12.4322;41.8964;0;1;Autovettura privata;In marcia / fermata / arresto;Conducente;F;Illeso;0;;;
5996723;15;07/06/2022 14:20:00;Strada Urbana;VIA ENRICO FERMI;in corrispondenza;;del civico n.;95;;Veicolo in marcia contro veicolo in sosta;Rettilineo;Due carreggiate;Asciutto;Asfaltata;Assente;Sereno;Scarso;Buona;;0;0;0;1;12.4726;41.8649;-1;1;Autovettura privata;In marcia / fermata / arresto;Conducente;F;Illeso;0;;Non accertato;Inesploso
5996723;15;07/06/2022 14:20:00;Strada Urbana;VIA ENRICO FERMI;in corrispondenza;;del civico n.;95;;Veicolo in marcia contro veicolo in sosta;Rettilineo;Due carreggiate;Asciutto;Asfaltata;Assente;Sereno;Scarso;Buona;;0;0;0;1;12.4726;41.8649;-1;2;Macchina operatrice;Sosta;;;;;;;
5996727;1;07/06/2022 13:10:00;Strada Urbana;PIAZZA D'ARACOELI;in prossimità;;del civico n.;1;;Veicolo in marcia contro ostacolo accidentale;Rettilineo;Una carreggiata a senso unico di marcia;Viscido da liquidi oleosi;In cubetti di porfido;Verticale ed orizzontale;Sereno;Intenso;Buona;;1;0;0;0;12.4816;41.8939;-1;1;Motociclo a solo;In marcia / fermata / arresto;Conducente;M;Rimandato;0;NON DECEDUTO;;
5996728;1;07/06/2022 13:15:00;Strada Urbana;PIAZZA D'ARACOELI;in prossimità;;del civico n.;1;;Veicolo in marcia contro ostacolo accidentale;Rettilineo;Una carreggiata a senso unico di marcia;Viscido da liquidi oleosi;In cubetti di porfido;Verticale ed orizzontale;Sereno;Intenso;Buona;;1;0;0;0;12.4816;41.8939;-1;1;Motociclo a solo;In marcia / fermata / arresto;Conducente;M;Rimandato;0;NON DECEDUTO;Non accertato;
5996755;15;07/06/2022 16:00:00;Strada Urbana;VIA PORTUENSE;in corrispondenza;;del civico n.;764;;Scontro frontale/laterale SX fra veicoli in marcia;Rettilineo;Una carreggiata a doppio senso;Asciutto;Asfaltata;Orizzontale;Sereno;Intenso;Buona;;2;0;0;3;12.4245;41.8512;-1;1;Motociclo con passeggero;In marcia / fermata / arresto;Conducente;M;Rimandato;0;NON DECEDUTO;Non accertato;
5996755;15;07/06/2022 16:00:00;Strada Urbana;VIA PORTUENSE;in corrispondenza;;del civico n.;764;;Scontro frontale/laterale SX fra veicoli in marcia;Rettilineo;Una carreggiata a doppio senso;Asciutto;Asfaltata;Orizzontale;Sereno;Intenso;Buona;;2;0;0;3;12.4245;41.8512;-1;1;Motociclo con passeggero;In marcia / fermata / arresto;Passeggero;M;Rimandato;0;NON DECEDUTO;Non accertato;
5996755;15;07/06/2022 16:00:00;Strada Urbana;VIA PORTUENSE;in corrispondenza;;del civico n.;764;;Scontro frontale/laterale SX fra veicoli in marcia;Rettilineo;Una carreggiata a doppio senso;Asciutto;Asfaltata;Orizzontale;Sereno;Intenso;Buona;;2;0;0;3;12.4245;41.8512;-1;2;Autovettura privata;In marcia / fermata / arresto;Conducente;M;Illeso;0;;Non accertato;Inesploso
5996755;15;07/06/2022 16:00:00;Strada Urbana;VIA PORTUENSE;in corrispondenza;;del civico n.;764;;Scontro frontale/laterale SX fra veicoli in marcia;Rettilineo;Una carreggiata a doppio senso;Asciutto;Asfaltata;Orizzontale;Sereno;Intenso;Buona;;2;0;0;3;12.4245;41.8512;-1;2;Autovettura privata;In marcia / fermata / arresto;Passeggero;F;Illeso;0;;Non accertato;Inesploso
5996755;15;07/06/2022 16:00:00;Strada Urbana;VIA PORTUENSE;in corrispondenza;;del civico n.;764;;Scontro frontale/laterale SX fra veicoli in marcia;Rettilineo;Una carreggiata a doppio senso;Asciutto;Asfaltata;Orizzontale;Sereno;Intenso;Buona;;2;0;0;3;12.4245;41.8512;-1;2;Autovettura privata;In marcia / fermata / arresto;Passeggero;F;Illeso;0;;Non accertato;Inesploso
5996770;15;07/06/2022 18:40:00;Strada Urbana;VIA DELLA CASETTA MATTEI;da specificare;;;;fronte civico 239;Scontro frontale/laterale DX fra veicoli in marcia;Rettilineo;Una carreggiata a doppio senso;Asciutto;Asfaltata;Orizzontale;Sereno;Intenso;Buona;;0;0;0;3;12.4196;41.8579;-1;1;Motociclo a solo;In marcia / fermata / arresto;Conducente;M;Illeso;0;;Non accertato;
5996770;15;07/06/2022 18:40:00;Strada Urbana;VIA DELLA CASETTA MATTEI;da specificare;;;;fronte civico 239;Scontro frontale/laterale DX fra veicoli in marcia;Rettilineo;Una carreggiata a doppio senso;Asciutto;Asfaltata;Orizzontale;Sereno;Intenso;Buona;;0;0;0;3;12.4196;41.8579;-1;2;Quadriciclo leggero;In marcia / fermata / arresto;Conducente;F;Illeso;0;;Non accertato;Inesistente