Protocollo;Gruppo;DataOraIncidente;Localizzazione1;STRADA1;Localizzazione2;STRADA2;Strada02;Chilometrica;DaSpecificare;NaturaIncidente;particolaritastrade;TipoStrada;FondoStradale;Pavimentazione;Segnaletica;CondizioneAtmosferica;Traffico;Visibilita;Illuminazione;NUM_FERITI;NUM_RISERVATA;NUM_MORTI;NUM_ILLESI;Longitude;Latitude;Confermato;Progressivo;TipoVeicolo;StatoVeicolo;TipoPersona;Sesso;Tipolesione;Deceduto;DecedutoDopo;CinturaCascoUtilizzato;Airbag;
6002692;16;09/06/2022 20:35:00;Strada Urbana;VIA FONTEIANA;in corrispondenza;;del civico n.;135;;Veicolo in marcia contro veicoli in sosta;Rettilineo;Una carreggiata a senso unico di marcia;Asciutto;Asfaltata;Verticale ed orizzontale;Sereno;Scarso;Sufficiente;;0;0;0;1;12.454;41.877;-1;1;Autovettura privata;Sosta;;;;;;;
6002692;16;09/06/2022 20:35:00;Strada Urbana;VIA FONTEIANA;in corrispondenza;;del civico n.;135;;Veicolo in marcia contro veicoli in sosta;Rettilineo;Una carreggiata a senso unico di marcia;Asciutto;Asfaltata;Verticale ed orizzontale;Sereno;Scarso;Sufficiente;;0;0;0;1;12.454;41.877;-1;2;Autovettura privata;Sosta;;;;;;;
6002692;16;09/06/2022 20:35:00;Strada Urbana;VIA FONTEIANA;in corrispondenza;;del civico n.;135;;Veicolo in marcia contro veicoli in sosta;Rettilineo;Una carreggiata a senso unico di marcia;Asciutto;Asfaltata;Verticale ed orizzontale;Sereno;Scarso;Sufficiente;;0;0;0;1;12.454;41.877;-1;3;Autovettura privata;In marcia / fermata / arresto;Conducente;M;Illeso;0;;Non accertato;Inesploso
6002700;19;10/06/2022 18:00:00;Strada Urbana;VIA TRIONFALE;da specificare;;;;prossimità Via Allievo;Scontro laterale fra veicoli in marcia;Rettilineo;Due carreggiate;Asciutto;Asfaltata;Orizzontale;Sereno;Intenso;Buona;;0;0;0;4;12.4229;41.9409;-1;1;Autovettura privata;In marcia / fermata / arresto;Conducente;M;Illeso;0;;;
6002700;19;10/06/2022 18:00:00;Strada Urbana;VIA TRIONFALE;da specificare;;;;prossimità Via Allievo;Scontro laterale fra veicoli in marcia;Rettilineo;Due carreggiate;Asciutto;Asfaltata;Orizzontale;Sereno;Intenso;Buona;;0;0;0;4;12.4229;41.9409;-1;1;Autovettura privata;In marcia / fermata / arresto;Passeggero;F;Illeso;0;;;
6002700;19;10/06/2022 18:00:00;Strada Urbana;VIA TRIONFALE;da specificare;;;;prossimità Via Allievo;Scontro laterale fra veicoli in marcia;Rettilineo;Due carreggiate;Asciutto;Asfaltata;Orizzontale;Sereno;Intenso;Buona;;0;0;0;4;12.4229;41.9409;-1;2;Autovettura privata;In marcia / fermata / arresto;Conducente;M;Illeso;0;;;
6002700;19;10/06/2022 18:00:00;Strada Urbana;VIA TRIONFALE;da specificare;;;;prossimità Via Allievo;Scontro laterale fra veicoli in marcia;Rettilineo;Due carreggiate;Asciutto;Asfaltata;Orizzontale;Sereno;Intenso;Buona;;0;0;0;4;12.4229;41.9409;-1;2;Autovettura privata;In marcia / fermata / arresto;Passeggero;F;Illeso;0;;;
6002718;15;10/06/2022 16:00:00;Strada Urbana;VIA DEI PRATI DEI PAPA;all'intersezione con;VIA CARLO SERENI;VIA CARLO SERENI;;;Scontro frontale/laterale DX fra veicoli in marcia;Intersezione stradale segnalata;Una carreggiata a doppio senso;Asciutto;Asfaltata;Verticale;Sereno;Normale;Buona;;0;0;0;3;12.467;41.8661;-1;1;Autocarro inferiore 35 q.;In marcia / fermata / arresto;Conducente;M;Illeso;0;;Non accertato;Inesploso
6002718;15;10/06/2022 16:00:00;Strada Urbana;VIA DEI PRATI DEI PAPA;all'intersezione con;VIA CARLO SERENI;VIA CARLO SERENI;;;Scontro frontale/laterale DX fra veicoli in marcia;Intersezione stradale segnalata;Una carreggiata a doppio senso;Asciutto;Asfaltata;Verticale;Sereno;Normale;Buona;;0;0;0;3;12.467;41.8661;-1;2;Autovettura privata;In marcia / fermata / arresto;Conducente;M;Illeso;0;;Non accertato;Inesploso
6002718;15;10/06/2022 16:00:00;Strada Urbana;VIA DEI PRATI DEI PAPA;all'intersezione con;VIA CARLO SERENI;VIA CARLO SERENI;;;Scontro frontale/laterale DX fra veicoli in marcia;Intersezione stradale segnalata;Una carreggiata a doppio senso;Asciutto;Asfaltata;Verticale;Sereno;Normale;Buona;;0;0;0;3;12.467;41.8661;-1;2;Autovettura privata;In marcia / fermata / arresto;Passeggero;F;Illeso;0;;Non accertato;Inesploso
6002731;15;10/06/2022 16:30:00;Strada Urbana;VIA GIUSEPPE BELLUZZO;in corrispondenza;;del civico n.;57;;Scontro frontale/laterale SX fra veicoli in marcia;Rettilineo;Una carreggiata a doppio senso;Asciutto;Asfaltata;Verticale ed orizzontale;Sereno;Scarso;Buona;;1;0;0;1;12.4623;41.8626;-1;1;Autovettura privata;In marcia / fermata / arresto;Conducente;F;Illeso;0;;Non accertato;Inesploso
6002731;15;10/06/2022 16:30:00;Strada Urbana;VIA GIUSEPPE BELLUZZO;in corrispondenza;;del civico n.;57;;Scontro frontale/laterale SX fra veicoli in marcia;Rettilineo;Una carreggiata a doppio senso;Asciutto;Asfaltata;Verticale ed orizzontale;Sereno;Scarso;Buona;;1;0;0;1;12.4623;41.8626;-1;2;Motociclo a solo;In marcia / fermata / arresto;Conducente;M;Rimandato;0;NON DECEDUTO;Non accertato;
6002779;15;10/06/2022 16:46:00;Strada Urbana;VIA DEI BUONVISI;da specificare;;;;prossimità civico 3;Investimento di pedone;Rettilineo;Una carreggiata a senso unico di marcia;Asciutto;Asfaltata;Verticale ed orizzontale;Sereno;Scarso;Buona;;1;0;0;1;12.4274;41.8534;-1;;;;Pedone;F;Rimandato;0;NON DECEDUTO;;
6002779;15;10/06/2022 16:46:00;Strada Urbana;VIA DEI BUONVISI;da specificare;;;;prossimità civico 3;Investimento di pedone;Rettilineo;Una carreggiata a senso unico di marcia;Asciutto;Asfaltata;Verticale ed orizzontale;Sereno;Scarso;Buona;;1;0;0;1;12.4274;41.8534;-1;1;Autovettura privata;In marcia / fermata / arresto;Conducente;F;Illeso;0;;Non accertato;Inesploso
6002779;15;10/06/2022 16:46:00;Strada Urbana;VIA DEI BUONVISI;da specificare;;;;prossimità civico 3;Investimento di pedone;Rettilineo;Una carreggiata a senso unico di marcia;Asciutto;Asfaltata;Verticale ed orizzontale;Sereno;Scarso;Buona;;1;0;0;1;12.4274;41.8534;-1;2;Autovettura privata;Sosta;;;;;;;
6003094;11;10/06/2022 11:30:00;Strada Urbana;VIALE DEL CARAVAGGIO;in prossimità;;del civico n.;79;;Investimento di pedone;Rettilineo;Due carreggiate;Asciutto;Asfaltata;Verticale ed orizzontale;Sereno;Normale;Buona;;1;0;0;1;12.4961;41.8515;-1;;;;Pedone;F;Rimandato;0;NON DECEDUTO;;
6003094;11;10/06/2022 11:30:00;Strada Urbana;VIALE DEL CARAVAGGIO;in prossimità;;del civico n.;79;;Investimento di pedone;Rettilineo;Due carreggiate;Asciutto;Asfaltata;Verticale ed orizzontale;Sereno;Normale;Buona;;1;0;0;1;12.4961;41.8515;-1;1;Autocarro inferiore 35 q.;In marcia / fermata / arresto;Conducente;M;Illeso;0;;Non accertato;
6003103;11;10/06/2022 15:00:00;Strada Urbana;VIA DEL PORTO FLUVIALE;all'intersezione con;VIA GIUSEPPE ACERBI;VIA GIUSEPPE ACERBI;;;Scontro frontale/laterale SX fra veicoli in marcia;Incrocio;Una carreggiata a doppio senso;Asciutto;Asfaltata;Verticale ed orizzontale;Sereno;Intenso;Buona;;1;0;0;1;12.4775;41.8723;-1;1;Autovettura privata;In marcia / fermata / arresto;Conducente;M;Illeso;0;;;
6003103;11;10/06/2022 15:00:00;Strada Urbana;VIA DEL PORTO FLUVIALE;all'intersezione con;VIA GIUSEPPE ACERBI;VIA GIUSEPPE ACERBI;;;Scontro frontale/laterale SX fra veicoli in marcia;Incrocio;Una carreggiata a doppio senso;Asciutto;Asfaltata;Verticale ed orizzontale;Sereno;Intenso;Buona;;1;0;0;1;12.4775;41.8723;-1;2;Motociclo a solo;In marcia / fermata / arresto;Conducente;M;Rimandato;0;NON DECEDUTO;;
6003111;11;10/06/2022 23:55:00;Strada Urbana;VIALE GIUSTINIANO IMPERATORE;da specificare;;;;PROSSIMITA' VIA OSTIENSE;Scontro frontale fra veicoli in marcia;Rettilineo;Due carreggiate;Asciutto;Asfaltata;Verticale ed orizzontale;Sereno;Normale;Sufficiente;;1;0;0;0;12.4772;41.8568;-1;1;Autovettura privata;Allontanatosi;;;;;;;
6003111;11;10/06/2022 23:55:00;Strada Urbana;VIALE GIUSTINIANO IMPERATORE;da specificare;;;;PROSSIMITA' VIA OSTIENSE;Scontro frontale fra veicoli in marcia;Rettilineo;Due carreggiate;Asciutto;Asfaltata;Verticale ed orizzontale;Sereno;Normale;Sufficiente;;1;0;0;0;12.4772;41.8568;-1;2;Monopattino elettrico;In marcia / fermata / arresto;Conducente;M;Rimandato;0;NON DECEDUTO;Non accertato;
6003188;20;10/06/2022 12:40:00;Strada Urbana;VIA CASSIA;all'intersezione con;VIA GIACOMO ANDREASSI;VIA GIACOMO ANDREASSI;;;Scontro frontale/laterale DX fra veicoli in marcia;Incrocio;Una carreggiata a doppio senso;Asciutto;Asfaltata;Orizzontale;Sereno;Normale;Buona;;0;0;0;2;12.4137;41.9828;-1;1;Motociclo a solo;In marcia / fermata / arresto;Conducente;M;Illeso;0;;Non accertato;
6003188;20;10/06/2022 12:40:00;Strada Urbana;VIA CASSIA;all'intersezione con;VIA GIACOMO ANDREASSI;VIA GIACOMO ANDREASSI;;;Scontro frontale/laterale DX fra veicoli in marcia;Incrocio;Una carreggiata a doppio senso;Asciutto;Asfaltata;Orizzontale;Sereno;Normale;Buona;;0;0;0;2;12.4137;41.9828;-1;2;Autovettura privata;In marcia / fermata / arresto;Conducente;M;Illeso;0;;Non accertato;
6003192;20;10/06/2022 21:20:00;Strada Urbana;VIA ALESSANDRO FLEMING;in corrispondenza;;del civico n.;122;;Veicolo in marcia contro veicolo in sosta;Rettilineo;Una carreggiata a senso unico di marcia;Asciutto;Asfaltata;Orizzontale;Sereno;Scarso;Buona;;0;0;0;1;12.4744;41.9402;-1;1;Autovettura privata;In marcia / fermata / arresto;Conducente;M;Illeso;0;;Non accertato;
6003192;20;10/06/2022 21:20:00;Strada Urbana;VIA ALESSANDRO FLEMING;in corrispondenza;;del civico n.;122;;Veicolo in marcia contro veicolo in sosta;Rettilineo;Una carreggiata a senso unico di marcia;Asciutto;Asfaltata;Orizzontale;Sereno;Scarso;Buona;;0;0;0;1;12.4744;41.9402;-1;2;Autovettura privata;Sosta;;;;;;;
6003222;20;10/06/2022 09:15:00;Strada Urbana;VIA DEL FORO ITALICO;da specificare;;;;inter rampa im. C.so Francia dir. Giovanni XXIII;Tamponamento Multiplo;Rettilineo;Una carreggiata a senso unico di marcia;Asciutto;Asfaltata;Verticale ed orizzontale;Sereno;Normale;Buona;;1;0;0;3;12.4813;41.9402;-1;1;Autovettura privata;In marcia / fermata / arresto;Conducente;M;Illeso;0;;Non accertato;
6003222;20;10/06/2022 09:15:00;Strada Urbana;VIA DEL FORO ITALICO;da specificare;;;;inter rampa im. C.so Francia dir. Giovanni XXIII;Tamponamento Multiplo;Rettilineo;Una carreggiata a senso unico di marcia;Asciutto;Asfaltata;Verticale ed orizzontale;Sereno;Normale;Buona;;1;0;0;3;12.4813;41.9402;-1;2;Autovettura privata;In marcia / fermata / arresto;Conducente;M;Illeso;0;;Non accertato;
6003222;20;10/06/2022 09:15:00;Strada Urbana;VIA DEL FORO ITALICO;da specificare;;;;inter rampa im. C.so Francia dir. Giovanni XXIII;Tamponamento Multiplo;Rettilineo;Una carreggiata a senso unico di marcia;Asciutto;Asfaltata;Verticale ed orizzontale;Sereno;Normale;Buona;;1;0;0;3;12.4813;41.9402;-1;2;Autovettura privata;In marcia / fermata / arresto;Passeggero;F;Illeso;0;;Non accertato;
6003222;20;10/06/2022 09:15:00;Strada Urbana;VIA DEL FORO ITALICO;da specificare;;;;inter rampa im. C.so Francia dir. Giovanni XXIII;Tamponamento Multiplo;Rettilineo;Una carreggiata a senso unico di marcia;Asciutto;Asfaltata;Verticale ed orizzontale;Sereno;Normale;Buona;;1;0;0;3;12.4813;41.9402;-1;3;Autovettura privata;In marcia / fermata / arresto;Conducente;M;Rimandato;0;NON DECEDUTO;Non accertato;
6003223;12;10/06/2022 13:45:00;Strada Urbana;VIADOTTO DELLA MAGLIANA;da specificare;;;;dir. Fiumicino 1 km dopo Sheraton;Tamponamento Multiplo;Curva senza visuale libera;Due carreggiate;Asciutto;Asfaltata;Orizzontale;Sereno;Normale;Buona;;2;0;0;1;12.4634;41.842;-1;1;Autovettura privata;In marcia / fermata / arresto;Conducente;M;Illeso;0;;Non accertato;Inesploso
6003223;12;10/06/2022 13:45:00;Strada Urbana;VIADOTTO DELLA MAGLIANA;da specificare;;;;dir. Fiumicino 1 km dopo Sheraton;Tamponamento Multiplo;Curva senza visuale libera;Due carreggiate;Asciutto;Asfaltata;Orizzontale;Sereno;Normale;Buona;;2;0;0;1;12.4634;41.842;-1;2;Autovettura privata;In marcia / fermata / arresto;Conducente;F;Rimandato;0;NON DECEDUTO;Non accertato;Esploso
6003223;12;10/06/2022 13:45:00;Strada Urbana;VIADOTTO DELLA MAGLIANA;da specificare;;;;dir. Fiumicino 1 km dopo Sheraton;Tamponamento Multiplo;Curva senza visuale libera;Due carreggiate;Asciutto;Asfaltata;Orizzontale;Sereno;Normale;Buona;;2;0;0;1;12.4634;41.842;-1;3;Autovettura privata;In marcia / fermata / arresto;Conducente;F;Rimandato;0;NON DECEDUTO;;
6003243;20;10/06/2022 12:45:00;Strada Urbana;VIA VITO SINISI;all'intersezione con;VIA CARLO PIRZIO BIROLI;VIA CARLO PIRZIO BIROLI;;;Scontro frontale/laterale DX fra veicoli in marcia;Incrocio;Una carreggiata a doppio senso;Asciutto;Asfaltata;Verticale;Sereno;Scarso;Buona;;0;0;0;2;12.4533;41.9673;-1;1;Autovettura privata;In marcia / fermata / arresto;Conducente;F;Illeso;0;;;
6003243;20;10/06/2022 12:45:00;Strada Urbana;VIA VITO SINISI;all'intersezione con;VIA CARLO PIRZIO BIROLI;VIA CARLO PIRZIO BIROLI;;;Scontro frontale/laterale DX fra veicoli in marcia;Incrocio;Una carreggiata a doppio senso;Asciutto;Asfaltata;Verticale;Sereno;Scarso;Buona;;0;0;0;2;12.4533;41.9673;-1;2;Autovettura privata;In marcia / fermata / arresto;Conducente;M;Illeso;0;;Non accertato;Inesploso
6003244;12;10/06/2022 15:00:00;Statale entro l'abitato;VIA OSTIENSE;all'intersezione con;VIA DEL RISARO;VIA DEL RISARO;;;Scontro laterale fra veicoli in marcia;Incrocio;Una carreggiata a senso unico di marcia;Asciutto;Asfaltata;Verticale ed orizzontale;Sereno;Normale;Buona;;3;0;0;1;12.4229;41.8109;-1;1;Autovettura di polizia;In marcia / fermata / arresto;Conducente;M;Rimandato;0;NON DECEDUTO;Non accertato;Inesploso
6003244;12;10/06/2022 15:00:00;Statale entro l'abitato;VIA OSTIENSE;all'intersezione con;VIA DEL RISARO;VIA DEL RISARO;;;Scontro laterale fra veicoli in marcia;Incrocio;Una carreggiata a senso unico di marcia;Asciutto;Asfaltata;Verticale ed orizzontale;Sereno;Normale;Buona;;3;0;0;1;12.4229;41.8109;-1;1;Autovettura di polizia;In marcia / fermata / arresto;Passeggero;M;Rimandato;0;NON DECEDUTO;Non accertato;Inesploso
6003244;12;10/06/2022 15:00:00;Statale entro l'abitato;VIA OSTIENSE;all'intersezione con;VIA DEL RISARO;VIA DEL RISARO;;;Scontro laterale fra veicoli in marcia;Incrocio;Una carreggiata a senso unico di marcia;Asciutto;Asfaltata;Verticale ed orizzontale;Sereno;Normale;Buona;;3;0;0;1;12.4229;41.8109;-1;1;Autovettura di polizia;In marcia / fermata / arresto;Passeggero;M;Rimandato;0;NON DECEDUTO;;
6003244;12;10/06/2022 15:00:00;Statale entro l'abitato;VIA OSTIENSE;all'intersezione con;VIA DEL RISARO;VIA DEL RISARO;;;Scontro laterale fra veicoli in marcia;Incrocio;Una carreggiata a senso unico di marcia;Asciutto;Asfaltata;Verticale ed orizzontale;Sereno;Normale;Buona;;3;0;0;1;12.4229;41.8109;-1;2;Autovettura privata;In marcia / fermata / arresto;Conducente;M;Illeso;0;;Non accertato;Inesploso
6003260;12;10/06/2022 06:45:00;Strada Urbana;VIA DELLA CECCHIGNOLA;in prossimità;;del civico n.;253;;Tamponamento;Rettilineo;Una carreggiata a doppio senso;Asciutto;Asfaltata;Verticale ed orizzontale;Sereno;Normale;Buona;;0;0;0;4;12.5074;41.8047;-1;1;Autovettura privata;In marcia / fermata / arresto;Conducente;F;Illeso;0;;Non accertato;Inesploso
6003260;12;10/06/2022 06:45:00;Strada Urbana;VIA DELLA CECCHIGNOLA;in prossimità;;del civico n.;253;;Tamponamento;Rettilineo;Una carreggiata a doppio senso;Asciutto;Asfaltata;Verticale ed orizzontale;Sereno;Normale;Buona;;0;0;0;4;12.5074;41.8047;-1;1;Autovettura privata;In marcia / fermata / arresto;Passeggero;M;Illeso;0;;Utilizzato;
6003260;12;10/06/2022 06:45:00;Strada Urbana;VIA DELLA CECCHIGNOLA;in prossimità;;del civico n.;253;;Tamponamento;Rettilineo;Una carreggiata a doppio senso;Asciutto;Asfaltata;Verticale ed orizzontale;Sereno;Normale;Buona;;0;0;0;4;12.5074;41.8047;-1;1;Autovettura privata;In marcia / fermata / arresto;Passeggero;M;Illeso;0;;Utilizzato;Inesploso
6003260;12;10/06/2022 06:45:00;Strada Urbana;VIA DELLA CECCHIGNOLA;in prossimità;;del civico n.;253;;Tamponamento;Rettilineo;Una carreggiata a doppio senso;Asciutto;Asfaltata;Verticale ed orizzontale;Sereno;Normale;Buona;;0;0;0;4;12.5074;41.8047;-1;2;Autovettura privata;In marcia / fermata / arresto;Conducente;F;Illeso;0;;Non accertato;Inesploso
6003261;20;10/06/2022 15:00:00;Strada Urbana;PIAZZA LAURO DE BOSIS;da specificare;;;;alt.Obelisco del Foro Italico;Veicolo in marcia contro ostacolo fisso;Rettilineo;Una carreggiata a senso unico di marcia;Asciutto;Asfaltata;Verticale ed orizzontale;Vento forte;Normale;Buona;;0;0;0;0;12.4586;41.9317;0;1;Autovettura privata;Allontanatosi;;;;;;;
6003270;12;10/06/2022 18:15:00;Strada Urbana;VIALE CESARE PAVESE;in prossimità;;del civico n.;376;;Investimento di pedone;Rettilineo;Due carreggiate;Asciutto;Asfaltata;Verticale ed orizzontale;Sereno;Normale;Buona;;3;0;0;1;12.4689;41.8172;-1;;;;Pedone;M;Rimandato;0;NON DECEDUTO;;
6003270;12;10/06/2022 18:15:00;Strada Urbana;VIALE CESARE PAVESE;in prossimità;;del civico n.;376;;Investimento di pedone;Rettilineo;Due carreggiate;Asciutto;Asfaltata;Verticale ed orizzontale;Sereno;Normale;Buona;;3;0;0;1;12.4689;41.8172;-1;;;;Pedone;F;Rimandato;0;NON DECEDUTO;;
6003270;12;10/06/2022 18:15:00;Strada Urbana;VIALE CESARE PAVESE;in prossimità;;del civico n.;376;;Investimento di pedone;Rettilineo;Due carreggiate;Asciutto;Asfaltata;Verticale ed orizzontale;Sereno;Normale;Buona;;3;0;0;1;12.4689;41.8172;-1;;;;Pedone;F;Ricoverato;0;NON DECEDUTO;;
6003270;12;10/06/2022 18:15:00;Strada Urbana;VIALE CESARE PAVESE;in prossimità;;del civico n.;376;;Investimento di pedone;Rettilineo;Due carreggiate;Asciutto;Asfaltata;Verticale ed orizzontale;Sereno;Normale;Buona;;3;0;0;1;12.4689;41.8172;-1;1;Autovettura privata;In marcia / fermata / arresto;Conducente;M;Illeso;0;;;
6003291;20;10/06/2022 13:15:00;Strada Urbana;VIA CASSIA;da specificare;;;;fronte civ. 1690;Tamponamento Multiplo;Rettilineo;Una carreggiata a doppio senso;Asciutto;Asfaltata;Verticale ed orizzontale;Sereno;Normale;Buona;;1;0;0;5;12.4137;41.9828;-1;1;Quadriciclo leggero;In marcia / fermata / arresto;Conducente;M;Illeso;0;;Non accertato;
6003291;20;10/06/2022 13:15:00;Strada Urbana;VIA CASSIA;da specificare;;;;fronte civ. 1690;Tamponamento Multiplo;Rettilineo;Una carreggiata a doppio senso;Asciutto;Asfaltata;Verticale ed orizzontale;Sereno;Normale;Buona;;1;0;0;5;12.4137;41.9828;-1;1;Quadriciclo leggero;In marcia / fermata / arresto;Passeggero;M;Illeso;0;;Non accertato;
6003291;20;10/06/2022 13:15:00;Strada Urbana;VIA CASSIA;da specificare;;;;fronte civ. 1690;Tamponamento Multiplo;Rettilineo;Una carreggiata a doppio senso;Asciutto;Asfaltata;Verticale ed orizzontale;Sereno;Normale;Buona;;1;0;0;5;12.4137;41.9828;-1;2;Autovettura privata;In marcia / fermata / arresto;Conducente;M;Illeso;0;;Non accertato;
6003291;20;10/06/2022 13:15:00;Strada Urbana;VIA CASSIA;da specificare;;;;fronte civ. 1690;Tamponamento Multiplo;Rettilineo;Una carreggiata a doppio senso;Asciutto;Asfaltata;Verticale ed orizzontale;Sereno;Normale;Buona;;1;0;0;5;12.4137;41.9828;-1;2;Autovettura privata;In marcia / fermata / arresto;Passeggero;F;Illeso;0;;Non accertato;
6003291;20;10/06/2022 13:15:00;Strada Urbana;VIA CASSIA;da specificare;;;;fronte civ. 1690;Tamponamento Multiplo;Rettilineo;Una carreggiata a doppio senso;Asciutto;Asfaltata;Verticale ed orizzontale;Sereno;Normale;Buona;;1;0;0;5;12.4137;41.9828;-1;3;Quadriciclo leggero;In marcia / fermata / arresto;Conducente;M;Rimandato;0;NON DECEDUTO;Non accertato;
6003291;20;10/06/2022 13:15:00;Strada Urbana;VIA CASSIA;da specificare;;;;fronte civ. 1690;Tamponamento Multiplo;Rettilineo;Una carreggiata a doppio senso;Asciutto;Asfaltata;Verticale ed orizzontale;Sereno;Normale;Buona;;1;0;0;5;12.4137;41.9828;-1;4;Autovettura privata;In marcia / fermata / arresto;Conducente;M;Illeso;0;;;
6003304;12;10/06/2022 19:15:00;Strada Urbana;VIA CAPO DELLE ARMI;in corrispondenza;;del civico n.;58;;Veicolo in marcia contro veicolo in sosta;Rettilineo;Una carreggiata a senso unico di marcia;Asciutto;Asfaltata;Verticale ed orizzontale;Sereno;Normale;Buona;;0;0;0;3;12.2864;41.742;-1;1;Autovettura di polizia;In marcia / fermata / arresto;Conducente;F;Illeso;0;;;Inesploso
6003304;12;10/06/2022 19:15:00;Strada Urbana;VIA CAPO DELLE ARMI;in corrispondenza;;del civico n.;58;;Veicolo in marcia contro veicolo in sosta;Rettilineo;Una carreggiata a senso unico di marcia;Asciutto;Asfaltata;Verticale ed orizzontale;Sereno;Normale;Buona;;0;0;0;3;12.2864;41.742;-1;1;Autovettura di polizia;In marcia / fermata / arresto;Passeggero;M;Illeso;0;;Non accertato;Inesploso
6003304;12;10/06/2022 19:15:00;Strada Urbana;VIA CAPO DELLE ARMI;in corrispondenza;;del civico n.;58;;Veicolo in marcia contro veicolo in sosta;Rettilineo;Una carreggiata a senso unico di marcia;Asciutto;Asfaltata;Verticale ed orizzontale;Sereno;Normale;Buona;;0;0;0;3;12.2864;41.742;-1;1;Autovettura di polizia;In marcia / fermata / arresto;Passeggero;F;Illeso;0;;Non accertato;
6003304;12;10/06/2022 19:15:00;Strada Urbana;VIA CAPO DELLE ARMI;in corrispondenza;;del civico n.;58;;Veicolo in marcia contro veicolo in sosta;Rettilineo;Una carreggiata a senso unico di marcia;Asciutto;Asfaltata;Verticale ed orizzontale;Sereno;Normale;Buona;;0;0;0;3;12.2864;41.742;-1;2;Autovettura privata;Sosta;;;;;;;
6003354;20;10/06/2022 08:40:00;Strada Urbana;VIALE CORTINA D'AMPEZZO;all'intersezione con;VIA ROCCARASO;VIA ROCCARASO;;;Scontro frontale/laterale SX fra veicoli in marcia;Intersezione stradale segnalata;Una carreggiata a doppio senso;Asciutto;Asfaltata;Verticale ed orizzontale;Sereno;Normale;Buona;;2;0;0;1;12.4437;41.9478;-1;1;Autocarro inferiore 35 q.;In marcia / fermata / arresto;Conducente;M;Illeso;0;;Non accertato;Inesploso
6003354;20;10/06/2022 08:40:00;Strada Urbana;VIALE CORTINA D'AMPEZZO;all'intersezione con;VIA ROCCARASO;VIA ROCCARASO;;;Scontro frontale/laterale SX fra veicoli in marcia;Intersezione stradale segnalata;Una carreggiata a doppio senso;Asciutto;Asfaltata;Verticale ed orizzontale;Sereno;Normale;Buona;;2;0;0;1;12.4437;41.9478;-1;2;Autovettura privata;In marcia / fermata / arresto;Conducente;F;Rimandato;0;NON DECEDUTO;Non accertato;Inesploso
6003354;20;10/06/2022 08:40:00;Strada Urbana;VIALE CORTINA D'AMPEZZO;all'intersezione con;VIA ROCCARASO;VIA ROCCARASO;;;Scontro frontale/laterale SX fra veicoli in marcia;Intersezione stradale segnalata;Una carreggiata a doppio senso;Asciutto;Asfaltata;Verticale ed orizzontale;Sereno;Normale;Buona;;2;0;0;1;12.4437;41.9478;-1;2;Autovettura privata;In marcia / fermata / arresto;Passeggero;F;Rimandato;0;NON DECEDUTO;Non accertato;Inesploso
6003403;20;11/06/2022 00:50:00;Strada Urbana;VIA DEL FORO ITALICO;da specificare;;;;rampa uscita dir. Via A. di S. Giuliano;Veicolo in marcia contro ostacolo fisso;Rettilineo;Una carreggiata a senso unico di marcia;Asciutto;Asfaltata;Verticale ed orizzontale;Sereno;Scarso;Insufficiente;;1;0;0;3;12.4813;41.9402;-1;1;Autovettura privata;In marcia / fermata / arresto;Conducente;M;Illeso;0;;;
6003403;20;11/06/2022 00:50:00;Strada Urbana;VIA DEL FORO ITALICO;da specificare;;;;rampa uscita dir. Via A. di S. Giuliano;Veicolo in marcia contro ostacolo fisso;Rettilineo;Una carreggiata a senso unico di marcia;Asciutto;Asfaltata;Verticale ed orizzontale;Sereno;Scarso;Insufficiente;;1;0;0;3;12.4813;41.9402;-1;1;Autovettura privata;In marcia / fermata / arresto;Passeggero;F;Rimandato;0;NON DECEDUTO;;
6003403;20;11/06/2022 00:50:00;Strada Urbana;VIA DEL FORO ITALICO;da specificare;;;;rampa uscita dir. Via A. di S. Giuliano;Veicolo in marcia contro ostacolo fisso;Rettilineo;Una carreggiata a senso unico di marcia;Asciutto;Asfaltata;Verticale ed orizzontale;Sereno;Scarso;Insufficiente;;1;0;0;3;12.4813;41.9402;-1;1;Autovettura privata;In marcia / fermata / arresto;Passeggero;M;Illeso;0;;;
6003478;12;11/06/2022 11:00:00;Strada Urbana;VIA FRANCESCO TUMIATI;all'intersezione con;VIA PONTINA;VIA PONTINA;;;Tamponamento;Intersezione stradale segnalata;Due carreggiate;Asciutto;Asfaltata;Verticale ed orizzontale;Sereno;Intenso;Buona;;0;0;0;2;12.4525;41.796;-1;1;Autovettura privata;In marcia / fermata / arresto;Conducente;F;Illeso;0;;;
6003478;12;11/06/2022 11:00:00;Strada Urbana;VIA FRANCESCO TUMIATI;all'intersezione con;VIA PONTINA;VIA PONTINA;;;Tamponamento;Intersezione stradale segnalata;Due carreggiate;Asciutto;Asfaltata;Verticale ed orizzontale;Sereno;Intenso;Buona;;0;0;0;2;12.4525;41.796;-1;2;Autovettura privata;In marcia / fermata / arresto;Conducente;F;Illeso;0;;;