Protocollo;Gruppo;DataOraIncidente;Localizzazione1;STRADA1;Localizzazione2;STRADA2;Strada02;Chilometrica;DaSpecificare;NaturaIncidente;particolaritastrade;TipoStrada;FondoStradale;Pavimentazione;Segnaletica;CondizioneAtmosferica;Traffico;Visibilita;Illuminazione;NUM_FERITI;NUM_RISERVATA;NUM_MORTI;NUM_ILLESI;Longitude;Latitude;Confermato;Progressivo;TipoVeicolo;StatoVeicolo;TipoPersona;Sesso;Tipolesione;Deceduto;DecedutoDopo;CinturaCascoUtilizzato;Airbag;
6005702;18;10/06/2022 15:50:00;Strada Urbana;PIAZZA PIO XI;all'intersezione semaforizzata con;VIA ANASTASIO II;VIA ANASTASIO II;;;Scontro frontale/laterale DX fra veicoli in marcia;Intersezione semaforizzata;Più di due carreggiate;Asciutto;Asfaltata;Verticale ed orizzontale;Sereno;Intenso;Buona;;1;0;0;1;12.4386;41.895;-1;2;Motociclo a solo;In marcia / fermata / arresto;Conducente;M;Rimandato;0;NON DECEDUTO;Non accertato;
6005705;1;11/06/2022 15:30:00;Strada Urbana;PIAZZA VITTORIO EMANUELE II;in corrispondenza;;del civico n.;39;;Investimento di pedone;Rettilineo;Due carreggiate;Asciutto;Asfaltata;Verticale ed orizzontale;Sereno;Normale;Buona;;1;0;0;1;12.5049;41.8952;-1;;;;Pedone;M;Rimandato;0;NON DECEDUTO;;
6005705;1;11/06/2022 15:30:00;Strada Urbana;PIAZZA VITTORIO EMANUELE II;in corrispondenza;;del civico n.;39;;Investimento di pedone;Rettilineo;Due carreggiate;Asciutto;Asfaltata;Verticale ed orizzontale;Sereno;Normale;Buona;;1;0;0;1;12.5049;41.8952;-1;1;Autovettura pubblica;In marcia / fermata / arresto;Conducente;M;Illeso;0;;;
6005708;19;11/06/2022 16:44:00;Strada Urbana;VIA DELL'ACQUEDOTTO DEL PESCHIERA;in prossimità;;del civico n.;175;;Veicolo in marcia contro veicolo in sosta;Rettilineo;Due carreggiate;Asciutto;Asfaltata;Assente;Sereno;Scarso;Buona;;0;0;0;1;12.4251;41.9371;-1;1;Autovettura privata;In marcia / fermata / arresto;Conducente;M;Illeso;0;;Non accertato;Inesploso
6005708;19;11/06/2022 16:44:00;Strada Urbana;VIA DELL'ACQUEDOTTO DEL PESCHIERA;in prossimità;;del civico n.;175;;Veicolo in marcia contro veicolo in sosta;Rettilineo;Due carreggiate;Asciutto;Asfaltata;Assente;Sereno;Scarso;Buona;;0;0;0;1;12.4251;41.9371;-1;2;Autovettura privata;Sosta;;;;;;;
6005727;23;11/06/2022 17:45:00;Strada Urbana;VIA GIOVANNI GIOLITTI;all'intersezione con; Sottovia Cappellini; Sottovia Cappellini;;;Scontro laterale fra veicoli in marcia;Intersezione non regolata/non segnalata;Una carreggiata a senso unico di marcia;Asciutto;Asfaltata;Verticale ed orizzontale;Sereno;Intenso;Buona;;0;0;0;2;12.507;41.8965;-1;1;Autovettura privata;In marcia / fermata / arresto;Conducente;F;Illeso;0;;Utilizzato;Inesploso
6005727;23;11/06/2022 17:45:00;Strada Urbana;VIA GIOVANNI GIOLITTI;all'intersezione con; Sottovia Cappellini; Sottovia Cappellini;;;Scontro laterale fra veicoli in marcia;Intersezione non regolata/non segnalata;Una carreggiata a senso unico di marcia;Asciutto;Asfaltata;Verticale ed orizzontale;Sereno;Intenso;Buona;;0;0;0;2;12.507;41.8965;-1;2;Autobus in extraurbana;In marcia / fermata / arresto;Conducente;M;Illeso;0;;Utilizzato;Inesploso
6005736;5;11/06/2022 19:30:00;Strada Urbana;VIA GENNARO CASSIANI;da specificare;;;;fronte civ. 108;Veicolo in marcia contro veicolo fermo;Rettilineo;Una carreggiata a doppio senso;Asciutto;Asfaltata;Verticale ed orizzontale;Sereno;Normale;Buona;;0;0;0;5;12.5682;41.9162;-1;1;Autovettura privata;In marcia / fermata / arresto;Conducente;M;Illeso;0;;Non accertato;Inesploso
6005736;5;11/06/2022 19:30:00;Strada Urbana;VIA GENNARO CASSIANI;da specificare;;;;fronte civ. 108;Veicolo in marcia contro veicolo fermo;Rettilineo;Una carreggiata a doppio senso;Asciutto;Asfaltata;Verticale ed orizzontale;Sereno;Normale;Buona;;0;0;0;5;12.5682;41.9162;-1;1;Autovettura privata;In marcia / fermata / arresto;Passeggero;M;Illeso;0;;Non accertato;Inesploso
6005736;5;11/06/2022 19:30:00;Strada Urbana;VIA GENNARO CASSIANI;da specificare;;;;fronte civ. 108;Veicolo in marcia contro veicolo fermo;Rettilineo;Una carreggiata a doppio senso;Asciutto;Asfaltata;Verticale ed orizzontale;Sereno;Normale;Buona;;0;0;0;5;12.5682;41.9162;-1;1;Autovettura privata;In marcia / fermata / arresto;Passeggero;M;Illeso;0;;Non accertato;Inesploso
6005736;5;11/06/2022 19:30:00;Strada Urbana;VIA GENNARO CASSIANI;da specificare;;;;fronte civ. 108;Veicolo in marcia contro veicolo fermo;Rettilineo;Una carreggiata a doppio senso;Asciutto;Asfaltata;Verticale ed orizzontale;Sereno;Normale;Buona;;0;0;0;5;12.5682;41.9162;-1;1;Autovettura privata;In marcia / fermata / arresto;Passeggero;M;Illeso;0;;Non accertato;Inesploso
6005736;5;11/06/2022 19:30:00;Strada Urbana;VIA GENNARO CASSIANI;da specificare;;;;fronte civ. 108;Veicolo in marcia contro veicolo fermo;Rettilineo;Una carreggiata a doppio senso;Asciutto;Asfaltata;Verticale ed orizzontale;Sereno;Normale;Buona;;0;0;0;5;12.5682;41.9162;-1;2;Autovettura privata;In marcia / fermata / arresto;Conducente;M;Illeso;0;;Non accertato;Inesploso
6005755;1;11/06/2022 06:50:00;Strada Urbana;LUNGOTEVERE AVENTINO;in corrispondenza;;del civico n.;6;;Scontro laterale fra veicoli in marcia;Curva a visuale libera;Due carreggiate;Asciutto;Asfaltata;Verticale ed orizzontale;Sereno;Normale;Buona;;0;0;0;2;12.476;41.883;-1;1;Motociclo a solo;In marcia / fermata / arresto;Conducente;M;Illeso;0;;;
6005755;1;11/06/2022 06:50:00;Strada Urbana;LUNGOTEVERE AVENTINO;in corrispondenza;;del civico n.;6;;Scontro laterale fra veicoli in marcia;Curva a visuale libera;Due carreggiate;Asciutto;Asfaltata;Verticale ed orizzontale;Sereno;Normale;Buona;;0;0;0;2;12.476;41.883;-1;2;Autovettura privata;In marcia / fermata / arresto;Conducente;F;Illeso;0;;;
6005756;5;12/06/2022 00:30:00;Strada Urbana;VIA NOMENTANA;in corrispondenza;;del civico n.;990;;Scontro frontale fra veicoli in marcia;Rettilineo;Due carreggiate;Asciutto;Asfaltata;Verticale ed orizzontale;Sereno;Normale;Buona;;2;0;0;4;12.5654;41.946;-1;1;Autovettura privata;In marcia / fermata / arresto;Conducente;M;Rimandato;0;NON DECEDUTO;Non accertato;Esploso
6005756;5;12/06/2022 00:30:00;Strada Urbana;VIA NOMENTANA;in corrispondenza;;del civico n.;990;;Scontro frontale fra veicoli in marcia;Rettilineo;Due carreggiate;Asciutto;Asfaltata;Verticale ed orizzontale;Sereno;Normale;Buona;;2;0;0;4;12.5654;41.946;-1;1;Autovettura privata;In marcia / fermata / arresto;Passeggero;F;Illeso;0;;Non accertato;Esploso
6005756;5;12/06/2022 00:30:00;Strada Urbana;VIA NOMENTANA;in corrispondenza;;del civico n.;990;;Scontro frontale fra veicoli in marcia;Rettilineo;Due carreggiate;Asciutto;Asfaltata;Verticale ed orizzontale;Sereno;Normale;Buona;;2;0;0;4;12.5654;41.946;-1;1;Autovettura privata;In marcia / fermata / arresto;Passeggero;M;Illeso;0;;Non accertato;Inesistente
6005756;5;12/06/2022 00:30:00;Strada Urbana;VIA NOMENTANA;in corrispondenza;;del civico n.;990;;Scontro frontale fra veicoli in marcia;Rettilineo;Due carreggiate;Asciutto;Asfaltata;Verticale ed orizzontale;Sereno;Normale;Buona;;2;0;0;4;12.5654;41.946;-1;2;Autovettura privata;In marcia / fermata / arresto;Conducente;M;Illeso;0;;Non accertato;Inesploso
6005756;5;12/06/2022 00:30:00;Strada Urbana;VIA NOMENTANA;in corrispondenza;;del civico n.;990;;Scontro frontale fra veicoli in marcia;Rettilineo;Due carreggiate;Asciutto;Asfaltata;Verticale ed orizzontale;Sereno;Normale;Buona;;2;0;0;4;12.5654;41.946;-1;2;Autovettura privata;In marcia / fermata / arresto;Passeggero;M;Illeso;0;;;
6005756;5;12/06/2022 00:30:00;Strada Urbana;VIA NOMENTANA;in corrispondenza;;del civico n.;990;;Scontro frontale fra veicoli in marcia;Rettilineo;Due carreggiate;Asciutto;Asfaltata;Verticale ed orizzontale;Sereno;Normale;Buona;;2;0;0;4;12.5654;41.946;-1;2;Autovettura privata;In marcia / fermata / arresto;Passeggero;M;Ricoverato;0;NON DECEDUTO;Non accertato;Inesploso
6005773;12;13/06/2022 01:20:00;Strada Urbana;VIA CRISTOFORO COLOMBO;da specificare;;;;in prossimità Svincolo VIADOTTO DELLA MAGLIANA;Tamponamento;Rettilineo;Più di due carreggiate;Asciutto;Asfaltata;Verticale ed orizzontale;Sereno;Scarso;Buona;;0;0;0;2;12.476;41.8432;-1;1;Autovettura privata;In marcia / fermata / arresto;Conducente;M;Illeso;0;;Utilizzato;Inesploso
6005773;12;13/06/2022 01:20:00;Strada Urbana;VIA CRISTOFORO COLOMBO;da specificare;;;;in prossimità Svincolo VIADOTTO DELLA MAGLIANA;Tamponamento;Rettilineo;Più di due carreggiate;Asciutto;Asfaltata;Verticale ed orizzontale;Sereno;Scarso;Buona;;0;0;0;2;12.476;41.8432;-1;2;Autovettura privata;In marcia / fermata / arresto;Conducente;M;Illeso;0;;Non accertato;Inesploso
6005779;19;12/06/2022 17:30:00;Strada Urbana;VIA TRIONFALE;in corrispondenza;;del civico n.;7400;;Scontro laterale fra veicoli in marcia;Rettilineo;Una carreggiata a doppio senso;Asciutto;Asfaltata;Verticale ed orizzontale;Sereno;Scarso;Buona;;0;0;0;4;12.435;41.9355;-1;1;Autovettura privata;In marcia / fermata / arresto;Conducente;M;Illeso;0;;Non accertato;Inesploso
6005779;19;12/06/2022 17:30:00;Strada Urbana;VIA TRIONFALE;in corrispondenza;;del civico n.;7400;;Scontro laterale fra veicoli in marcia;Rettilineo;Una carreggiata a doppio senso;Asciutto;Asfaltata;Verticale ed orizzontale;Sereno;Scarso;Buona;;0;0;0;4;12.435;41.9355;-1;1;Autovettura privata;In marcia / fermata / arresto;Passeggero;M;Illeso;0;;Non accertato;Inesploso
6005779;19;12/06/2022 17:30:00;Strada Urbana;VIA TRIONFALE;in corrispondenza;;del civico n.;7400;;Scontro laterale fra veicoli in marcia;Rettilineo;Una carreggiata a doppio senso;Asciutto;Asfaltata;Verticale ed orizzontale;Sereno;Scarso;Buona;;0;0;0;4;12.435;41.9355;-1;2;Autovettura privata;In marcia / fermata / arresto;Conducente;F;Illeso;0;;Non accertato;Inesploso
6005779;19;12/06/2022 17:30:00;Strada Urbana;VIA TRIONFALE;in corrispondenza;;del civico n.;7400;;Scontro laterale fra veicoli in marcia;Rettilineo;Una carreggiata a doppio senso;Asciutto;Asfaltata;Verticale ed orizzontale;Sereno;Scarso;Buona;;0;0;0;4;12.435;41.9355;-1;3;Autovettura privata;In marcia / fermata / arresto;Conducente;M;Illeso;0;;Non accertato;Inesploso
6005781;5;12/06/2022 03:00:00;Strada Urbana;VIA TIBURTINA;all'intersezione semaforizzata con;VIA DEI DURANTINI;VIA DEI DURANTINI;;;Scontro frontale/laterale DX fra veicoli in marcia;Intersezione semaforizzata;Più di due carreggiate;Asciutto;Asfaltata;Verticale ed orizzontale;Sereno;Scarso;Sufficiente;;0;0;0;5;12.5425;41.9087;-1;1;Autovettura privata;In marcia / fermata / arresto;Conducente;M;Illeso;0;;Non accertato;Inesploso
6005781;5;12/06/2022 03:00:00;Strada Urbana;VIA TIBURTINA;all'intersezione semaforizzata con;VIA DEI DURANTINI;VIA DEI DURANTINI;;;Scontro frontale/laterale DX fra veicoli in marcia;Intersezione semaforizzata;Più di due carreggiate;Asciutto;Asfaltata;Verticale ed orizzontale;Sereno;Scarso;Sufficiente;;0;0;0;5;12.5425;41.9087;-1;1;Autovettura privata;In marcia / fermata / arresto;Passeggero;F;Illeso;0;;Non utilizzato;Inesploso
6005781;5;12/06/2022 03:00:00;Strada Urbana;VIA TIBURTINA;all'intersezione semaforizzata con;VIA DEI DURANTINI;VIA DEI DURANTINI;;;Scontro frontale/laterale DX fra veicoli in marcia;Intersezione semaforizzata;Più di due carreggiate;Asciutto;Asfaltata;Verticale ed orizzontale;Sereno;Scarso;Sufficiente;;0;0;0;5;12.5425;41.9087;-1;2;Autovettura privata;In marcia / fermata / arresto;Conducente;M;Illeso;0;;Non accertato;Inesploso
6005781;5;12/06/2022 03:00:00;Strada Urbana;VIA TIBURTINA;all'intersezione semaforizzata con;VIA DEI DURANTINI;VIA DEI DURANTINI;;;Scontro frontale/laterale DX fra veicoli in marcia;Intersezione semaforizzata;Più di due carreggiate;Asciutto;Asfaltata;Verticale ed orizzontale;Sereno;Scarso;Sufficiente;;0;0;0;5;12.5425;41.9087;-1;2;Autovettura privata;In marcia / fermata / arresto;Passeggero;M;Illeso;0;;;
6005781;5;12/06/2022 03:00:00;Strada Urbana;VIA TIBURTINA;all'intersezione semaforizzata con;VIA DEI DURANTINI;VIA DEI DURANTINI;;;Scontro frontale/laterale DX fra veicoli in marcia;Intersezione semaforizzata;Più di due carreggiate;Asciutto;Asfaltata;Verticale ed orizzontale;Sereno;Scarso;Sufficiente;;0;0;0;5;12.5425;41.9087;-1;2;Autovettura privata;In marcia / fermata / arresto;Passeggero;M;Illeso;0;;Non accertato;Inesploso
6005789;23;10/06/2022 22:05:00;Strada Urbana;PIAZZA DEL PIGNETO;in prossimità;;del palo luce n.;12;;Veicolo in marcia contro veicolo in sosta;Rettilineo;Due carreggiate;Asciutto;Asfaltata;Verticale ed orizzontale;Sereno;Scarso;Sufficiente;;0;0;0;1;12.5228;41.8896;-1;1;Autovettura privata;In marcia / fermata / arresto;Conducente;M;Illeso;0;;Non accertato;Inesploso
6005789;23;10/06/2022 22:05:00;Strada Urbana;PIAZZA DEL PIGNETO;in prossimità;;del palo luce n.;12;;Veicolo in marcia contro veicolo in sosta;Rettilineo;Due carreggiate;Asciutto;Asfaltata;Verticale ed orizzontale;Sereno;Scarso;Sufficiente;;0;0;0;1;12.5228;41.8896;-1;2;Autovettura privata;Sosta;;;;;;;
6005790;5;12/06/2022 09:10:00;Strada Urbana;VIA NICOLA MARIA NICOLAI;all'intersezione con;VIA POGGIO BRACCIOLINI;VIA POGGIO BRACCIOLINI;;;Scontro frontale/laterale DX fra veicoli in marcia;Incrocio;Una carreggiata a doppio senso;Asciutto;Asfaltata;Verticale ed orizzontale;Sereno;Scarso;Buona;;0;0;0;2;12.5703;41.9461;-1;1;Autovettura privata;In marcia / fermata / arresto;Conducente;F;Illeso;0;;Non accertato;Inesploso
6005790;5;12/06/2022 09:10:00;Strada Urbana;VIA NICOLA MARIA NICOLAI;all'intersezione con;VIA POGGIO BRACCIOLINI;VIA POGGIO BRACCIOLINI;;;Scontro frontale/laterale DX fra veicoli in marcia;Incrocio;Una carreggiata a doppio senso;Asciutto;Asfaltata;Verticale ed orizzontale;Sereno;Scarso;Buona;;0;0;0;2;12.5703;41.9461;-1;2;Autovettura privata;In marcia / fermata / arresto;Conducente;M;Illeso;0;;Non accertato;Inesploso
6005801;18;10/06/2022 17:45:00;Strada Urbana;VIA DOMENICO TARDINI;in prossimità;;del civico n.;3;;Scontro laterale fra veicoli in marcia;Rettilineo;Una carreggiata a senso unico di marcia;Asciutto;Asfaltata;Verticale ed orizzontale;Sereno;Intenso;Buona;;0;0;0;4;12.4266;41.9018;-1;1;Autovettura privata;In marcia / fermata / arresto;Conducente;M;Illeso;0;;Non accertato;Inesploso
6005801;18;10/06/2022 17:45:00;Strada Urbana;VIA DOMENICO TARDINI;in prossimità;;del civico n.;3;;Scontro laterale fra veicoli in marcia;Rettilineo;Una carreggiata a senso unico di marcia;Asciutto;Asfaltata;Verticale ed orizzontale;Sereno;Intenso;Buona;;0;0;0;4;12.4266;41.9018;-1;1;Autovettura privata;In marcia / fermata / arresto;Passeggero;F;Illeso;0;;Non accertato;Inesploso
6005801;18;10/06/2022 17:45:00;Strada Urbana;VIA DOMENICO TARDINI;in prossimità;;del civico n.;3;;Scontro laterale fra veicoli in marcia;Rettilineo;Una carreggiata a senso unico di marcia;Asciutto;Asfaltata;Verticale ed orizzontale;Sereno;Intenso;Buona;;0;0;0;4;12.4266;41.9018;-1;2;Autovettura privata;In marcia / fermata / arresto;Conducente;M;Illeso;0;;Non accertato;Inesploso
6005801;18;10/06/2022 17:45:00;Strada Urbana;VIA DOMENICO TARDINI;in prossimità;;del civico n.;3;;Scontro laterale fra veicoli in marcia;Rettilineo;Una carreggiata a senso unico di marcia;Asciutto;Asfaltata;Verticale ed orizzontale;Sereno;Intenso;Buona;;0;0;0;4;12.4266;41.9018;-1;2;Autovettura privata;In marcia / fermata / arresto;Passeggero;M;Illeso;0;;;
6005809;5;12/06/2022 21:45:00;Strada Urbana;VIA DEL CASALE DI S. BASILIO;all'intersezione semaforizzata con;VIA POLLENZA;VIA POLLENZA;;;Scontro laterale fra veicoli in marcia;Incrocio;Una carreggiata a doppio senso;Asciutto;Asfaltata;Verticale ed orizzontale;Sereno;Scarso;Insufficiente;;0;0;0;6;12.5749;41.9408;-1;1;Autovettura privata;In marcia / fermata / arresto;Conducente;F;Illeso;0;;Non accertato;
6005809;5;12/06/2022 21:45:00;Strada Urbana;VIA DEL CASALE DI S. BASILIO;all'intersezione semaforizzata con;VIA POLLENZA;VIA POLLENZA;;;Scontro laterale fra veicoli in marcia;Incrocio;Una carreggiata a doppio senso;Asciutto;Asfaltata;Verticale ed orizzontale;Sereno;Scarso;Insufficiente;;0;0;0;6;12.5749;41.9408;-1;1;Autovettura privata;In marcia / fermata / arresto;Passeggero;F;Illeso;0;;Non accertato;
6005809;5;12/06/2022 21:45:00;Strada Urbana;VIA DEL CASALE DI S. BASILIO;all'intersezione semaforizzata con;VIA POLLENZA;VIA POLLENZA;;;Scontro laterale fra veicoli in marcia;Incrocio;Una carreggiata a doppio senso;Asciutto;Asfaltata;Verticale ed orizzontale;Sereno;Scarso;Insufficiente;;0;0;0;6;12.5749;41.9408;-1;1;Autovettura privata;In marcia / fermata / arresto;Passeggero;F;Illeso;0;;Non accertato;
6005809;5;12/06/2022 21:45:00;Strada Urbana;VIA DEL CASALE DI S. BASILIO;all'intersezione semaforizzata con;VIA POLLENZA;VIA POLLENZA;;;Scontro laterale fra veicoli in marcia;Incrocio;Una carreggiata a doppio senso;Asciutto;Asfaltata;Verticale ed orizzontale;Sereno;Scarso;Insufficiente;;0;0;0;6;12.5749;41.9408;-1;1;Autovettura privata;In marcia / fermata / arresto;Passeggero;F;Illeso;0;;Non accertato;
6005809;5;12/06/2022 21:45:00;Strada Urbana;VIA DEL CASALE DI S. BASILIO;all'intersezione semaforizzata con;VIA POLLENZA;VIA POLLENZA;;;Scontro laterale fra veicoli in marcia;Incrocio;Una carreggiata a doppio senso;Asciutto;Asfaltata;Verticale ed orizzontale;Sereno;Scarso;Insufficiente;;0;0;0;6;12.5749;41.9408;-1;1;Autovettura privata;In marcia / fermata / arresto;Passeggero;M;Illeso;0;;Non accertato;
6005809;5;12/06/2022 21:45:00;Strada Urbana;VIA DEL CASALE DI S. BASILIO;all'intersezione semaforizzata con;VIA POLLENZA;VIA POLLENZA;;;Scontro laterale fra veicoli in marcia;Incrocio;Una carreggiata a doppio senso;Asciutto;Asfaltata;Verticale ed orizzontale;Sereno;Scarso;Insufficiente;;0;0;0;6;12.5749;41.9408;-1;2;Autovettura privata;In marcia / fermata / arresto;Conducente;M;Illeso;0;;Non accertato;
6005819;19;12/06/2022 17:20:00;Strada Urbana;VIA CESIO BASSO;in prossimità;;del civico n.;7;;Veicolo in marcia contro veicolo in sosta;Curva a visuale libera;Una carreggiata a senso unico di marcia;Asciutto;Asfaltata;Assente;Sereno;Scarso;Buona;;0;0;0;0;12.4417;41.9238;-1;1;Autovettura privata;Sosta;;;;;;;
6005819;19;12/06/2022 17:20:00;Strada Urbana;VIA CESIO BASSO;in prossimità;;del civico n.;7;;Veicolo in marcia contro veicolo in sosta;Curva a visuale libera;Una carreggiata a senso unico di marcia;Asciutto;Asfaltata;Assente;Sereno;Scarso;Buona;;0;0;0;0;12.4417;41.9238;-1;2;Autovettura privata;Allontanatosi;;;;;;;
6005845;1;12/06/2022 17:00:00;Strada Urbana;VIA DI S. GREGORIO;in corrispondenza;;del palo luce n.;18;;Tamponamento;Rettilineo;Due carreggiate;Asciutto;In cubetti di porfido;Verticale;Sereno;Normale;Buona;;2;0;0;2;12.4899;41.8866;-1;1;Autovettura di polizia;In marcia / fermata / arresto;Conducente;M;Rimandato;0;NON DECEDUTO;;
6005845;1;12/06/2022 17:00:00;Strada Urbana;VIA DI S. GREGORIO;in corrispondenza;;del palo luce n.;18;;Tamponamento;Rettilineo;Due carreggiate;Asciutto;In cubetti di porfido;Verticale;Sereno;Normale;Buona;;2;0;0;2;12.4899;41.8866;-1;1;Autovettura di polizia;In marcia / fermata / arresto;Passeggero;M;Rimandato;0;NON DECEDUTO;;
6005845;1;12/06/2022 17:00:00;Strada Urbana;VIA DI S. GREGORIO;in corrispondenza;;del palo luce n.;18;;Tamponamento;Rettilineo;Due carreggiate;Asciutto;In cubetti di porfido;Verticale;Sereno;Normale;Buona;;2;0;0;2;12.4899;41.8866;-1;2;Autovettura privata;In marcia / fermata / arresto;Conducente;F;Illeso;0;;;
6005845;1;12/06/2022 17:00:00;Strada Urbana;VIA DI S. GREGORIO;in corrispondenza;;del palo luce n.;18;;Tamponamento;Rettilineo;Due carreggiate;Asciutto;In cubetti di porfido;Verticale;Sereno;Normale;Buona;;2;0;0;2;12.4899;41.8866;-1;2;Autovettura privata;In marcia / fermata / arresto;Passeggero;F;Illeso;0;;;
6005849;19;12/06/2022 13:41:00;Strada Urbana;VIALE TITO LIVIO;in prossimità;;del civico n.;34;;Infortunio per caduta del veicolo;Rettilineo;Una carreggiata a senso unico di marcia;Asciutto;Asfaltata;Assente;Sereno;Scarso;Buona;;1;0;0;0;12.4441;41.9159;-1;1;Motociclo a solo;In marcia / fermata / arresto;Conducente;F;Rimandato;0;NON DECEDUTO;Non accertato;
6005852;18;10/06/2022 13:40:00;Strada Urbana;VIA CARDINAL PASSIONEI;da specificare;;;;in prossimità di via Sisto IV;Veicolo in marcia contro veicolo in sosta;Rettilineo;Una carreggiata a senso unico di marcia;Asciutto;Asfaltata;Assente;Sereno;Scarso;Buona;;0;0;0;0;12.4218;41.911;-1;1;Autocarro inferiore 35 q.;In marcia / fermata / arresto;;;;;;;
6005852;18;10/06/2022 13:40:00;Strada Urbana;VIA CARDINAL PASSIONEI;da specificare;;;;in prossimità di via Sisto IV;Veicolo in marcia contro veicolo in sosta;Rettilineo;Una carreggiata a senso unico di marcia;Asciutto;Asfaltata;Assente;Sereno;Scarso;Buona;;0;0;0;0;12.4218;41.911;-1;2;Autovettura privata;Sosta;;;;;;;
6005887;19;12/06/2022 11:35:00;Strada Urbana;VIA ALBERTO CADLOLO;in prossimità;;del civico n.;92;;Veicolo in marcia contro veicoli in sosta;Rettilineo;Una carreggiata a doppio senso;Asciutto;Asfaltata;Assente;Sereno;Scarso;Buona;;0;0;0;0;12.4456;41.9184;-1;1;Autovettura privata;Sosta;;;;;;;
6005887;19;12/06/2022 11:35:00;Strada Urbana;VIA ALBERTO CADLOLO;in prossimità;;del civico n.;92;;Veicolo in marcia contro veicoli in sosta;Rettilineo;Una carreggiata a doppio senso;Asciutto;Asfaltata;Assente;Sereno;Scarso;Buona;;0;0;0;0;12.4456;41.9184;-1;2;Motociclo a solo;Sosta;;;;;;;
6005891;10;13/06/2022 01:50:00;Strada Urbana;VIA QUINTILIO VARO;all'intersezione semaforizzata con;VIALE TITO LABIENO;VIALE TITO LABIENO;;;Scontro frontale/laterale DX fra veicoli in marcia;Intersezione semaforizzata;Una carreggiata a senso unico di marcia;Asciutto;Asfaltata;Verticale ed orizzontale;Sereno;Scarso;Sufficiente;;0;0;0;3;12.5664;41.8528;-1;1;Autovettura privata;In marcia / fermata / arresto;Conducente;M;Illeso;0;;Non accertato;Inesploso
6005891;10;13/06/2022 01:50:00;Strada Urbana;VIA QUINTILIO VARO;all'intersezione semaforizzata con;VIALE TITO LABIENO;VIALE TITO LABIENO;;;Scontro frontale/laterale DX fra veicoli in marcia;Intersezione semaforizzata;Una carreggiata a senso unico di marcia;Asciutto;Asfaltata;Verticale ed orizzontale;Sereno;Scarso;Sufficiente;;0;0;0;3;12.5664;41.8528;-1;1;Autovettura privata;In marcia / fermata / arresto;Passeggero;F;Illeso;0;;Non accertato;Inesploso
6005891;10;13/06/2022 01:50:00;Strada Urbana;VIA QUINTILIO VARO;all'intersezione semaforizzata con;VIALE TITO LABIENO;VIALE TITO LABIENO;;;Scontro frontale/laterale DX fra veicoli in marcia;Intersezione semaforizzata;Una carreggiata a senso unico di marcia;Asciutto;Asfaltata;Verticale ed orizzontale;Sereno;Scarso;Sufficiente;;0;0;0;3;12.5664;41.8528;-1;2;Autovettura privata;Allontanatosi;Conducente;M;Illeso;0;;Non accertato;Inesploso
6005902;18;09/06/2022 09:00:00;Strada Urbana;CIRCONVALLAZIONE CORNELIA;all'intersezione semaforizzata con;PIAZZA S. GIOVANNI BATTISTA DE LA SALLE;PIAZZA S. GIOVANNI BATTISTA DE LA SALLE;;;Scontro laterale fra veicoli in marcia;Incrocio;Due carreggiate;Asciutto;Asfaltata;Verticale ed orizzontale;Sereno;Intenso;Buona;;0;0;0;2;12.4259;41.902;-1;1;Autobus di linea;In marcia / fermata / arresto;Conducente;M;Illeso;0;;Non accertato;Inesploso
6005902;18;09/06/2022 09:00:00;Strada Urbana;CIRCONVALLAZIONE CORNELIA;all'intersezione semaforizzata con;PIAZZA S. GIOVANNI BATTISTA DE LA SALLE;PIAZZA S. GIOVANNI BATTISTA DE LA SALLE;;;Scontro laterale fra veicoli in marcia;Incrocio;Due carreggiate;Asciutto;Asfaltata;Verticale ed orizzontale;Sereno;Intenso;Buona;;0;0;0;2;12.4259;41.902;-1;2;Autovettura privata;In marcia / fermata / arresto;Conducente;M;Illeso;0;;Non accertato;Inesploso
6005929;19;12/06/2022 01:00:00;Strada Urbana;VIA FRANCESCO MENGOTTI;in prossimità;;del civico n.;34;;Veicolo in marcia contro veicoli in sosta;Rettilineo;Una carreggiata a senso unico di marcia;Asciutto;Asfaltata;Verticale;Sereno;Normale;Buona;;1;0;0;0;12.4673;41.9438;-1;1;Autovettura privata;In marcia / fermata / arresto;Conducente;M;Rimandato;0;NON DECEDUTO;Non accertato;Esploso
6005929;19;12/06/2022 01:00:00;Strada Urbana;VIA FRANCESCO MENGOTTI;in prossimità;;del civico n.;34;;Veicolo in marcia contro veicoli in sosta;Rettilineo;Una carreggiata a senso unico di marcia;Asciutto;Asfaltata;Verticale;Sereno;Normale;Buona;;1;0;0;0;12.4673;41.9438;-1;2;Autovettura privata;Sosta;;;;;;;
6005929;19;12/06/2022 01:00:00;Strada Urbana;VIA FRANCESCO MENGOTTI;in prossimità;;del civico n.;34;;Veicolo in marcia contro veicoli in sosta;Rettilineo;Una carreggiata a senso unico di marcia;Asciutto;Asfaltata;Verticale;Sereno;Normale;Buona;;1;0;0;0;12.4673;41.9438;-1;3;Autovettura privata;Sosta;;;;;;;