Protocollo;Gruppo;DataOraIncidente;Localizzazione1;STRADA1;Localizzazione2;STRADA2;Strada02;Chilometrica;DaSpecificare;NaturaIncidente;particolaritastrade;TipoStrada;FondoStradale;Pavimentazione;Segnaletica;CondizioneAtmosferica;Traffico;Visibilita;Illuminazione;NUM_FERITI;NUM_RISERVATA;NUM_MORTI;NUM_ILLESI;Longitude;Latitude;Confermato;Progressivo;TipoVeicolo;StatoVeicolo;TipoPersona;Sesso;Tipolesione;Deceduto;DecedutoDopo;CinturaCascoUtilizzato;Airbag;
6007746;1;14/06/2022 08:00:00;Strada Urbana;LARGO ENZO FIORITTO;in corrispondenza;;del civico n.;6;;Tamponamento;Rotatoria;Una carreggiata a senso unico di marcia;Asciutto;Asfaltata;Verticale ed orizzontale;Sereno;Normale;Buona;;1;0;0;1;12.4895;41.879;-1;2;Motociclo a solo;In marcia / fermata / arresto;Conducente;M;Rimandato;0;NON DECEDUTO;;
6007753;18;14/06/2022 11:15:00;Strada Urbana;VIA AURELIA;in corrispondenza;;del civico n.;283;;Scontro frontale/laterale DX fra veicoli in marcia;Rettilineo;Una carreggiata a doppio senso;Asciutto;Asfaltata;Verticale ed orizzontale;Sereno;Normale;Buona;;1;0;0;2;12.4381;41.898;-1;1;Autovettura privata;In marcia / fermata / arresto;Conducente;F;Illeso;0;;Utilizzato;Inesploso
6007753;18;14/06/2022 11:15:00;Strada Urbana;VIA AURELIA;in corrispondenza;;del civico n.;283;;Scontro frontale/laterale DX fra veicoli in marcia;Rettilineo;Una carreggiata a doppio senso;Asciutto;Asfaltata;Verticale ed orizzontale;Sereno;Normale;Buona;;1;0;0;2;12.4381;41.898;-1;1;Autovettura privata;In marcia / fermata / arresto;Passeggero;F;Illeso;0;;Non accertato;Inesploso
6007753;18;14/06/2022 11:15:00;Strada Urbana;VIA AURELIA;in corrispondenza;;del civico n.;283;;Scontro frontale/laterale DX fra veicoli in marcia;Rettilineo;Una carreggiata a doppio senso;Asciutto;Asfaltata;Verticale ed orizzontale;Sereno;Normale;Buona;;1;0;0;2;12.4381;41.898;-1;2;Motociclo a solo;In marcia / fermata / arresto;Conducente;M;Rimandato;0;NON DECEDUTO;Non accertato;
6007797;12;14/06/2022 08:55:00;Provinciale;VIA OSTIENSE;in prossimità;;del civico n.;803;;Scontro frontale/laterale SX fra veicoli in marcia;Rettilineo;Una carreggiata a doppio senso;Asciutto;Asfaltata;Verticale ed orizzontale;Sereno;Normale;Buona;;1;0;0;1;12.4618;41.839;-1;1;Autovettura privata;In marcia / fermata / arresto;Conducente;M;Illeso;0;;Non accertato;Inesploso
6007797;12;14/06/2022 08:55:00;Provinciale;VIA OSTIENSE;in prossimità;;del civico n.;803;;Scontro frontale/laterale SX fra veicoli in marcia;Rettilineo;Una carreggiata a doppio senso;Asciutto;Asfaltata;Verticale ed orizzontale;Sereno;Normale;Buona;;1;0;0;1;12.4618;41.839;-1;2;Motociclo a solo;In marcia / fermata / arresto;Conducente;M;Rimandato;0;NON DECEDUTO;;
6007805;16;12/06/2022 15:00:00;Strada Urbana;VIA DEI MALATESTA;in prossimità;;del civico n.;8/B;;Veicolo in marcia contro veicolo in sosta;Rettilineo;Una carreggiata a senso unico di marcia;Asciutto;Asfaltata;Verticale ed orizzontale;Sereno;Normale;Buona;;0;0;0;1;12.4252;41.8815;-1;1;Autovettura privata;Sosta;;;;;;;
6007805;16;12/06/2022 15:00:00;Strada Urbana;VIA DEI MALATESTA;in prossimità;;del civico n.;8/B;;Veicolo in marcia contro veicolo in sosta;Rettilineo;Una carreggiata a senso unico di marcia;Asciutto;Asfaltata;Verticale ed orizzontale;Sereno;Normale;Buona;;0;0;0;1;12.4252;41.8815;-1;2;Autovettura privata;In marcia / fermata / arresto;Conducente;M;Illeso;0;;Non accertato;Inesploso
6007818;3;10/06/2022 16:20:00;Strada Urbana;CIRCONVALLAZIONE TIBURTINA;in prossimità;;del civico n.;4;;Tamponamento;Rettilineo;Una carreggiata a senso unico di marcia;Asciutto;Asfaltata;Verticale ed orizzontale;Sereno;Intenso;Buona;;1;0;0;2;12.5197;41.8966;-1;1;Autovettura privata;In marcia / fermata / arresto;Conducente;M;Illeso;0;;;
6007818;3;10/06/2022 16:20:00;Strada Urbana;CIRCONVALLAZIONE TIBURTINA;in prossimità;;del civico n.;4;;Tamponamento;Rettilineo;Una carreggiata a senso unico di marcia;Asciutto;Asfaltata;Verticale ed orizzontale;Sereno;Intenso;Buona;;1;0;0;2;12.5197;41.8966;-1;1;Autovettura privata;In marcia / fermata / arresto;Passeggero;M;Ricoverato;0;NON DECEDUTO;;
6007818;3;10/06/2022 16:20:00;Strada Urbana;CIRCONVALLAZIONE TIBURTINA;in prossimità;;del civico n.;4;;Tamponamento;Rettilineo;Una carreggiata a senso unico di marcia;Asciutto;Asfaltata;Verticale ed orizzontale;Sereno;Intenso;Buona;;1;0;0;2;12.5197;41.8966;-1;2;Autovettura privata;In marcia / fermata / arresto;Conducente;F;Illeso;0;;;
6007823;17;08/06/2022 18:15:00;Strada Urbana;VIA CIPRO;in corrispondenza;;del civico n.;47;;Scontro laterale fra veicoli in marcia;Rettilineo;Una carreggiata a senso unico di marcia;Asciutto;Asfaltata;Verticale ed orizzontale;Sereno;Intenso;Buona;;0;0;0;2;12.4463;41.9066;-1;1;Autocarro superiore 35 q.;In marcia / fermata / arresto;Conducente;M;Illeso;0;;;
6007823;17;08/06/2022 18:15:00;Strada Urbana;VIA CIPRO;in corrispondenza;;del civico n.;47;;Scontro laterale fra veicoli in marcia;Rettilineo;Una carreggiata a senso unico di marcia;Asciutto;Asfaltata;Verticale ed orizzontale;Sereno;Intenso;Buona;;0;0;0;2;12.4463;41.9066;-1;2;Autovettura privata;In marcia / fermata / arresto;Conducente;M;Illeso;0;;;
6007845;10;14/06/2022 11:45:00;Strada Urbana;PIAZZA QUINTO CURZIO;in prossimità;;del civico n.;31;;Scontro laterale fra veicoli in marcia;Rettilineo;Una carreggiata a senso unico di marcia;Asciutto;Asfaltata;Verticale ed orizzontale;Sereno;Normale;Buona;;1;0;0;2;12.5684;41.8557;-1;1;Autovettura privata;In marcia / fermata / arresto;Conducente;F;Illeso;0;;Non accertato;Inesploso
6007845;10;14/06/2022 11:45:00;Strada Urbana;PIAZZA QUINTO CURZIO;in prossimità;;del civico n.;31;;Scontro laterale fra veicoli in marcia;Rettilineo;Una carreggiata a senso unico di marcia;Asciutto;Asfaltata;Verticale ed orizzontale;Sereno;Normale;Buona;;1;0;0;2;12.5684;41.8557;-1;2;Motociclo con passeggero;In marcia / fermata / arresto;Conducente;M;Rifiuta cure immediate;0;NON DECEDUTO;Utilizzato;
6007845;10;14/06/2022 11:45:00;Strada Urbana;PIAZZA QUINTO CURZIO;in prossimità;;del civico n.;31;;Scontro laterale fra veicoli in marcia;Rettilineo;Una carreggiata a senso unico di marcia;Asciutto;Asfaltata;Verticale ed orizzontale;Sereno;Normale;Buona;;1;0;0;2;12.5684;41.8557;-1;3;Autovettura privata;In marcia / fermata / arresto;Conducente;F;Illeso;0;;Non accertato;Inesploso
6007881;1;13/06/2022 23:40:00;Strada Urbana;PONTE SUBLICIO;all'intersezione semaforizzata con;LUNGOTEVERE AVENTINO;LUNGOTEVERE AVENTINO;;;Veicolo in marcia contro ostacolo accidentale;Intersezione semaforizzata;Una carreggiata a doppio senso;Asciutto;Asfaltata;Verticale ed orizzontale;Sereno;Scarso;Buona;;1;0;0;0;12.4752;41.8833;-1;1;Motociclo a solo;In marcia / fermata / arresto;Conducente;M;Rimandato;0;NON DECEDUTO;;
6007911;9;14/06/2022 09:50:00;Strada Urbana;VIA TARANTO;all'intersezione semaforizzata con;PIAZZA CASALMAGGIORE;PIAZZA CASALMAGGIORE;;;Tamponamento;Intersezione semaforizzata;Una carreggiata a doppio senso;Asciutto;Asfaltata;Verticale ed orizzontale;Sereno;Normale;Buona;;0;0;0;4;12.517;41.8836;-1;1;Autovettura privata;In marcia / fermata / arresto;Conducente;M;Illeso;0;;Non accertato;Inesploso
6007911;9;14/06/2022 09:50:00;Strada Urbana;VIA TARANTO;all'intersezione semaforizzata con;PIAZZA CASALMAGGIORE;PIAZZA CASALMAGGIORE;;;Tamponamento;Intersezione semaforizzata;Una carreggiata a doppio senso;Asciutto;Asfaltata;Verticale ed orizzontale;Sereno;Normale;Buona;;0;0;0;4;12.517;41.8836;-1;1;Autovettura privata;In marcia / fermata / arresto;Passeggero;F;Illeso;0;;Non accertato;Inesploso
6007911;9;14/06/2022 09:50:00;Strada Urbana;VIA TARANTO;all'intersezione semaforizzata con;PIAZZA CASALMAGGIORE;PIAZZA CASALMAGGIORE;;;Tamponamento;Intersezione semaforizzata;Una carreggiata a doppio senso;Asciutto;Asfaltata;Verticale ed orizzontale;Sereno;Normale;Buona;;0;0;0;4;12.517;41.8836;-1;1;Autovettura privata;In marcia / fermata / arresto;Passeggero;M;Illeso;0;;Non accertato;Inesploso
6007911;9;14/06/2022 09:50:00;Strada Urbana;VIA TARANTO;all'intersezione semaforizzata con;PIAZZA CASALMAGGIORE;PIAZZA CASALMAGGIORE;;;Tamponamento;Intersezione semaforizzata;Una carreggiata a doppio senso;Asciutto;Asfaltata;Verticale ed orizzontale;Sereno;Normale;Buona;;0;0;0;4;12.517;41.8836;-1;2;Autovettura privata;In marcia / fermata / arresto;Conducente;M;Illeso;0;;Non accertato;Inesploso
6007913;9;14/06/2022 09:50:00;Strada Urbana;PIAZZA CASTROREALE;da specificare;;;;fronte VIA VOGHERA;Scontro laterale fra veicoli in marcia;Rotatoria;Una carreggiata a senso unico di marcia;Asciutto;Asfaltata;Verticale ed orizzontale;Sereno;Normale;Buona;;0;0;0;3;12.5216;41.8859;-1;1;Autocarro inferiore 35 q.;In marcia / fermata / arresto;Conducente;M;Illeso;0;;Non accertato;Inesploso
6007913;9;14/06/2022 09:50:00;Strada Urbana;PIAZZA CASTROREALE;da specificare;;;;fronte VIA VOGHERA;Scontro laterale fra veicoli in marcia;Rotatoria;Una carreggiata a senso unico di marcia;Asciutto;Asfaltata;Verticale ed orizzontale;Sereno;Normale;Buona;;0;0;0;3;12.5216;41.8859;-1;1;Autocarro inferiore 35 q.;In marcia / fermata / arresto;Passeggero;M;Illeso;0;;Non accertato;Inesploso
6007913;9;14/06/2022 09:50:00;Strada Urbana;PIAZZA CASTROREALE;da specificare;;;;fronte VIA VOGHERA;Scontro laterale fra veicoli in marcia;Rotatoria;Una carreggiata a senso unico di marcia;Asciutto;Asfaltata;Verticale ed orizzontale;Sereno;Normale;Buona;;0;0;0;3;12.5216;41.8859;-1;2;Autovettura privata;In marcia / fermata / arresto;Conducente;F;Illeso;0;;Non accertato;Inesploso
6007957;10;13/06/2022 20:05:00;Strada Urbana;VIA ANAGNINA;in prossimità;;del civico n.;520;;Tamponamento;Rettilineo;Due carreggiate;Asciutto;Asfaltata;Verticale ed orizzontale;Sereno;Normale;Buona;;0;0;0;2;12.5963;41.8319;-1;1;Autovettura privata;In marcia / fermata / arresto;Conducente;F;Illeso;0;;Non accertato;Inesploso
6007957;10;13/06/2022 20:05:00;Strada Urbana;VIA ANAGNINA;in prossimità;;del civico n.;520;;Tamponamento;Rettilineo;Due carreggiate;Asciutto;Asfaltata;Verticale ed orizzontale;Sereno;Normale;Buona;;0;0;0;2;12.5963;41.8319;-1;2;Autovettura privata;In marcia / fermata / arresto;Conducente;M;Illeso;0;;Non accertato;Inesploso
6007988;1;12/06/2022 02:10:00;Strada Urbana;LUNGOTEVERE RIPA;in corrispondenza;;del civico n.;3/b;;Veicolo in marcia contro veicolo in sosta;Curva a visuale libera;Una carreggiata a senso unico di marcia;Asciutto;Asfaltata;Verticale ed orizzontale;Sereno;Scarso;Sufficiente;;1;0;0;1;;;0;1;Motociclo con passeggero;In marcia / fermata / arresto;Conducente;M;Illeso;0;;;
6007988;1;12/06/2022 02:10:00;Strada Urbana;LUNGOTEVERE RIPA;in corrispondenza;;del civico n.;3/b;;Veicolo in marcia contro veicolo in sosta;Curva a visuale libera;Una carreggiata a senso unico di marcia;Asciutto;Asfaltata;Verticale ed orizzontale;Sereno;Scarso;Sufficiente;;1;0;0;1;;;0;1;Motociclo con passeggero;In marcia / fermata / arresto;Passeggero;M;Rifiuta cure immediate;0;NON DECEDUTO;;
6007988;1;12/06/2022 02:10:00;Strada Urbana;LUNGOTEVERE RIPA;in corrispondenza;;del civico n.;3/b;;Veicolo in marcia contro veicolo in sosta;Curva a visuale libera;Una carreggiata a senso unico di marcia;Asciutto;Asfaltata;Verticale ed orizzontale;Sereno;Scarso;Sufficiente;;1;0;0;1;;;0;2;Autovettura privata;Sosta;;;;;;;
6007994;17;10/06/2022 20:25:00;Strada Urbana;VIALE DELLO STADIO OLIMPICO;da specificare;;;;fronte palo luce 18;Fuoriuscita dalla sede stradale;Rettilineo;Una carreggiata a senso unico di marcia;Asciutto;Asfaltata;Verticale ed orizzontale;Sereno;Scarso;Buona;;1;0;0;0;12.454;41.9301;0;1;Motociclo a solo;In marcia / fermata / arresto;Conducente;M;Rimandato;0;NON DECEDUTO;;
6008047;1;10/06/2022 12:00:00;Strada Urbana;PIAZZA DI S. GIOVANNI IN LATERANO;all'intersezione con;VIA MERULANA;VIA MERULANA;;;Scontro laterale fra veicoli in marcia;Incrocio;Una carreggiata a senso unico di marcia;Asciutto;Asfaltata;Verticale ed orizzontale;Sereno;Normale;Buona;;0;0;0;5;12.5072;41.8867;-1;1;Autovettura privata;In marcia / fermata / arresto;Conducente;M;Illeso;0;;;
6008047;1;10/06/2022 12:00:00;Strada Urbana;PIAZZA DI S. GIOVANNI IN LATERANO;all'intersezione con;VIA MERULANA;VIA MERULANA;;;Scontro laterale fra veicoli in marcia;Incrocio;Una carreggiata a senso unico di marcia;Asciutto;Asfaltata;Verticale ed orizzontale;Sereno;Normale;Buona;;0;0;0;5;12.5072;41.8867;-1;1;Autovettura privata;In marcia / fermata / arresto;Passeggero;F;Illeso;0;;;
6008047;1;10/06/2022 12:00:00;Strada Urbana;PIAZZA DI S. GIOVANNI IN LATERANO;all'intersezione con;VIA MERULANA;VIA MERULANA;;;Scontro laterale fra veicoli in marcia;Incrocio;Una carreggiata a senso unico di marcia;Asciutto;Asfaltata;Verticale ed orizzontale;Sereno;Normale;Buona;;0;0;0;5;12.5072;41.8867;-1;2;Autovettura privata;In marcia / fermata / arresto;Conducente;M;Illeso;0;;;
6008047;1;10/06/2022 12:00:00;Strada Urbana;PIAZZA DI S. GIOVANNI IN LATERANO;all'intersezione con;VIA MERULANA;VIA MERULANA;;;Scontro laterale fra veicoli in marcia;Incrocio;Una carreggiata a senso unico di marcia;Asciutto;Asfaltata;Verticale ed orizzontale;Sereno;Normale;Buona;;0;0;0;5;12.5072;41.8867;-1;3;Autovettura privata;In marcia / fermata / arresto;Conducente;M;Illeso;0;;;
6008047;1;10/06/2022 12:00:00;Strada Urbana;PIAZZA DI S. GIOVANNI IN LATERANO;all'intersezione con;VIA MERULANA;VIA MERULANA;;;Scontro laterale fra veicoli in marcia;Incrocio;Una carreggiata a senso unico di marcia;Asciutto;Asfaltata;Verticale ed orizzontale;Sereno;Normale;Buona;;0;0;0;5;12.5072;41.8867;-1;3;Autovettura privata;In marcia / fermata / arresto;Passeggero;F;Illeso;0;;;
6008056;15;14/06/2022 08:20:00;Strada Urbana;VIA DEL TRULLO;da specificare;;;;fermata Atac 71424;Veicolo in marcia contro ostacolo accidentale;Rettilineo;Una carreggiata a doppio senso;Asciutto;Asfaltata;Verticale ed orizzontale;Sereno;Normale;Buona;;1;0;0;1;12.4368;41.843;-1;1;Autobus urbano;In marcia / fermata / arresto;Conducente;M;Illeso;0;;Non accertato;
6008056;15;14/06/2022 08:20:00;Strada Urbana;VIA DEL TRULLO;da specificare;;;;fermata Atac 71424;Veicolo in marcia contro ostacolo accidentale;Rettilineo;Una carreggiata a doppio senso;Asciutto;Asfaltata;Verticale ed orizzontale;Sereno;Normale;Buona;;1;0;0;1;12.4368;41.843;-1;1;Autobus urbano;In marcia / fermata / arresto;Passeggero;F;Rifiuta cure immediate;0;NON DECEDUTO;Non accertato;
6008059;15;14/06/2022 11:50:00;Strada Urbana;VIA ENRICO FERMI;all'intersezione con;VIA FRANCESCO MAUROLICO;VIA FRANCESCO MAUROLICO;;;Scontro frontale/laterale SX fra veicoli in marcia;Intersezione stradale segnalata;Una carreggiata a doppio senso;Asciutto;Asfaltata;Verticale ed orizzontale;Sereno;Normale;Buona;;0;0;0;3;12.4725;41.8648;-1;1;Autovettura privata;In marcia / fermata / arresto;Conducente;M;Illeso;0;;Non accertato;Inesploso
6008059;15;14/06/2022 11:50:00;Strada Urbana;VIA ENRICO FERMI;all'intersezione con;VIA FRANCESCO MAUROLICO;VIA FRANCESCO MAUROLICO;;;Scontro frontale/laterale SX fra veicoli in marcia;Intersezione stradale segnalata;Una carreggiata a doppio senso;Asciutto;Asfaltata;Verticale ed orizzontale;Sereno;Normale;Buona;;0;0;0;3;12.4725;41.8648;-1;1;Autovettura privata;In marcia / fermata / arresto;Passeggero;F;Illeso;0;;Non accertato;Inesploso
6008059;15;14/06/2022 11:50:00;Strada Urbana;VIA ENRICO FERMI;all'intersezione con;VIA FRANCESCO MAUROLICO;VIA FRANCESCO MAUROLICO;;;Scontro frontale/laterale SX fra veicoli in marcia;Intersezione stradale segnalata;Una carreggiata a doppio senso;Asciutto;Asfaltata;Verticale ed orizzontale;Sereno;Normale;Buona;;0;0;0;3;12.4725;41.8648;-1;2;Autovettura privata;In marcia / fermata / arresto;Conducente;M;Illeso;0;;Non accertato;Inesploso
6008064;15;14/06/2022 09:00:00;Strada Urbana;VIA TROIANI;in corrispondenza;;del civico n.;2;;Investimento di pedone;Rettilineo;Una carreggiata a doppio senso;Asciutto;Asfaltata;Verticale ed orizzontale;Sereno;Normale;Buona;;1;0;0;1;12.4514;41.8598;-1;;;;Pedone;M;Rimandato;0;NON DECEDUTO;;
6008064;15;14/06/2022 09:00:00;Strada Urbana;VIA TROIANI;in corrispondenza;;del civico n.;2;;Investimento di pedone;Rettilineo;Una carreggiata a doppio senso;Asciutto;Asfaltata;Verticale ed orizzontale;Sereno;Normale;Buona;;1;0;0;1;12.4514;41.8598;-1;1;Autovettura privata;In marcia / fermata / arresto;Conducente;M;Illeso;0;;Non accertato;
6008085;3;10/06/2022 18:45:00;Strada Urbana;VIA TREVISO;in prossimità;;del civico n.;41;;Scontro frontale/laterale DX fra veicoli in marcia;Rettilineo;Una carreggiata a doppio senso;Asciutto;Asfaltata;Verticale ed orizzontale;Sereno;Normale;Buona;;1;0;0;1;12.515;41.908;-1;1;Autovettura privata;In marcia / fermata / arresto;Conducente;F;Illeso;0;;Non accertato;Inesploso
6008085;3;10/06/2022 18:45:00;Strada Urbana;VIA TREVISO;in prossimità;;del civico n.;41;;Scontro frontale/laterale DX fra veicoli in marcia;Rettilineo;Una carreggiata a doppio senso;Asciutto;Asfaltata;Verticale ed orizzontale;Sereno;Normale;Buona;;1;0;0;1;12.515;41.908;-1;2;Ciclomotore;In marcia / fermata / arresto;Conducente;F;Ricoverato;0;NON DECEDUTO;Non accertato;
6008109;1;13/06/2022 03:35:00;Strada Urbana;VIA DEI PREFETTI;in prossimità;;del civico n.;28;;Veicolo in marcia contro veicolo in sosta;Rettilineo;Una carreggiata a senso unico di marcia;Asciutto;In cubetti di porfido;Verticale;Sereno;Scarso;Buona;;0;0;0;1;12.4763;41.9025;-1;1;Autocarro inferiore 35 q.;In marcia / fermata / arresto;Conducente;M;Illeso;0;;;
6008109;1;13/06/2022 03:35:00;Strada Urbana;VIA DEI PREFETTI;in prossimità;;del civico n.;28;;Veicolo in marcia contro veicolo in sosta;Rettilineo;Una carreggiata a senso unico di marcia;Asciutto;In cubetti di porfido;Verticale;Sereno;Scarso;Buona;;0;0;0;1;12.4763;41.9025;-1;2;Quadriciclo;Sosta;;;;;;;
6008159;1;13/06/2022 09:10:00;Strada Urbana;PONTE SUBLICIO;all'intersezione semaforizzata con;VIALE AVENTINO;VIALE AVENTINO;;;Scontro laterale fra veicoli in marcia;Intersezione semaforizzata;Una carreggiata a doppio senso;Asciutto;Asfaltata;Verticale ed orizzontale;Sereno;Intenso;Buona;;0;0;0;1;12.4757;41.8828;0;1;Autovettura privata;In marcia / fermata / arresto;Conducente;F;Illeso;0;;;
6008159;1;13/06/2022 09:10:00;Strada Urbana;PONTE SUBLICIO;all'intersezione semaforizzata con;VIALE AVENTINO;VIALE AVENTINO;;;Scontro laterale fra veicoli in marcia;Intersezione semaforizzata;Una carreggiata a doppio senso;Asciutto;Asfaltata;Verticale ed orizzontale;Sereno;Intenso;Buona;;0;0;0;1;12.4757;41.8828;0;2;Autoambulanza;In marcia / fermata / arresto;;;;;;;
6008177;3;11/06/2022 01:00:00;Strada Urbana;VIALE REGINA ELENA;in prossimità;;del civico n.;334;;Veicolo in marcia contro ostacolo fisso;Rettilineo;Una carreggiata a doppio senso;Asciutto;Asfaltata;Verticale ed orizzontale;Sereno;Scarso;Buona;;1;0;0;0;12.5175;41.9042;-1;1;Autovettura privata;In marcia / fermata / arresto;Conducente;M;Rimandato;0;NON DECEDUTO;Non accertato;Inesploso
6008226;1;07/06/2022 07:30:00;Strada Urbana;PIAZZA DI PORTA S. GIOVANNI;da specificare;;;;altezza Scala Santa;Tamponamento Multiplo;Rettilineo;Una carreggiata a senso unico di marcia;Asciutto;Asfaltata;Verticale ed orizzontale;Sereno;Normale;Buona;;1;0;0;2;12.5089;41.8862;-1;1;Autovettura privata;In marcia / fermata / arresto;Conducente;M;Illeso;0;;;
6008226;1;07/06/2022 07:30:00;Strada Urbana;PIAZZA DI PORTA S. GIOVANNI;da specificare;;;;altezza Scala Santa;Tamponamento Multiplo;Rettilineo;Una carreggiata a senso unico di marcia;Asciutto;Asfaltata;Verticale ed orizzontale;Sereno;Normale;Buona;;1;0;0;2;12.5089;41.8862;-1;2;Autovettura privata;In marcia / fermata / arresto;Conducente;F;Rimandato;0;NON DECEDUTO;;
6008226;1;07/06/2022 07:30:00;Strada Urbana;PIAZZA DI PORTA S. GIOVANNI;da specificare;;;;altezza Scala Santa;Tamponamento Multiplo;Rettilineo;Una carreggiata a senso unico di marcia;Asciutto;Asfaltata;Verticale ed orizzontale;Sereno;Normale;Buona;;1;0;0;2;12.5089;41.8862;-1;3;Autovettura privata;In marcia / fermata / arresto;Conducente;M;Illeso;0;;;
6008243;1;10/06/2022 13:10:00;Strada Urbana;VIA LUIGI PETROSELLI;in corrispondenza;;del civico n.;47;;Scontro frontale/laterale DX fra veicoli in marcia;Rettilineo;Una carreggiata a doppio senso;Asciutto;In cubetti di porfido;Verticale ed orizzontale;Sereno;Normale;Buona;;1;0;0;1;12.4811;41.8897;-1;1;Autocarro inferiore 35 q.;In marcia / fermata / arresto;Conducente;M;Illeso;0;;;
6008243;1;10/06/2022 13:10:00;Strada Urbana;VIA LUIGI PETROSELLI;in corrispondenza;;del civico n.;47;;Scontro frontale/laterale DX fra veicoli in marcia;Rettilineo;Una carreggiata a doppio senso;Asciutto;In cubetti di porfido;Verticale ed orizzontale;Sereno;Normale;Buona;;1;0;0;1;12.4811;41.8897;-1;2;Motociclo a solo;In marcia / fermata / arresto;Conducente;M;Rifiuta cure immediate;0;NON DECEDUTO;;
6008326;3;11/06/2022 12:50:00;Strada Urbana;LARGO DI VILLA MASSIMO;in prossimità;;del civico n.;5;;Scontro laterale fra veicoli in marcia;Rettilineo;Una carreggiata a senso unico di marcia;Asciutto;Asfaltata;Verticale ed orizzontale;Sereno;Scarso;Buona;;0;0;0;2;12.5174;41.9166;-1;1;Motociclo a solo;In marcia / fermata / arresto;Conducente;M;Illeso;0;;;
6008326;3;11/06/2022 12:50:00;Strada Urbana;LARGO DI VILLA MASSIMO;in prossimità;;del civico n.;5;;Scontro laterale fra veicoli in marcia;Rettilineo;Una carreggiata a senso unico di marcia;Asciutto;Asfaltata;Verticale ed orizzontale;Sereno;Scarso;Buona;;0;0;0;2;12.5174;41.9166;-1;2;Autovettura privata;In marcia / fermata / arresto;Conducente;M;Illeso;0;;;
6008378;12;13/06/2022 23:20:00;Comunale extraurbana;VIA PORTUENSE;in prossimità;;del civico n.;1274;;Fuoriuscita dalla sede stradale;Rettilineo;Una carreggiata a doppio senso;Asciutto;Asfaltata;Verticale ed orizzontale;Sereno;Scarso;Insufficiente;;0;0;0;2;12.3551;41.8259;-1;1;Autovettura privata;In marcia / fermata / arresto;Conducente;M;Illeso;0;;Non accertato;Inesploso
6008378;12;13/06/2022 23:20:00;Comunale extraurbana;VIA PORTUENSE;in prossimità;;del civico n.;1274;;Fuoriuscita dalla sede stradale;Rettilineo;Una carreggiata a doppio senso;Asciutto;Asfaltata;Verticale ed orizzontale;Sereno;Scarso;Insufficiente;;0;0;0;2;12.3551;41.8259;-1;1;Autovettura privata;In marcia / fermata / arresto;Passeggero;F;Illeso;0;;Non accertato;Inesploso
6008384;1;11/06/2022 20:00:00;Strada Urbana;VIA FILIPPO CASINI;in corrispondenza;;del civico n.;10;;Scontro frontale/laterale SX fra veicoli in marcia;Rettilineo;Una carreggiata a senso unico di marcia;Asciutto;Asfaltata;Verticale ed orizzontale;Sereno;Scarso;Buona;;0;0;0;3;12.467;41.8846;-1;1;Motociclo con passeggero;In marcia / fermata / arresto;Conducente;M;Illeso;0;;Non accertato;
6008384;1;11/06/2022 20:00:00;Strada Urbana;VIA FILIPPO CASINI;in corrispondenza;;del civico n.;10;;Scontro frontale/laterale SX fra veicoli in marcia;Rettilineo;Una carreggiata a senso unico di marcia;Asciutto;Asfaltata;Verticale ed orizzontale;Sereno;Scarso;Buona;;0;0;0;3;12.467;41.8846;-1;1;Motociclo con passeggero;In marcia / fermata / arresto;Passeggero;F;Illeso;0;;Non accertato;
6008384;1;11/06/2022 20:00:00;Strada Urbana;VIA FILIPPO CASINI;in corrispondenza;;del civico n.;10;;Scontro frontale/laterale SX fra veicoli in marcia;Rettilineo;Una carreggiata a senso unico di marcia;Asciutto;Asfaltata;Verticale ed orizzontale;Sereno;Scarso;Buona;;0;0;0;3;12.467;41.8846;-1;2;Autocarro inferiore 35 q.;In marcia / fermata / arresto;Conducente;M;Illeso;0;;Non accertato;Inesploso
6008517;10;14/06/2022 17:30:00;Strada Urbana;VIALE OPITA OPPIO;in prossimità;;del civico n.;42;;Scontro frontale/laterale SX fra veicoli in marcia;Rettilineo;Una carreggiata a doppio senso;Asciutto;Asfaltata;Verticale ed orizzontale;Sereno;Normale;Buona;;1;0;0;1;12.5487;41.8613;-1;1;Motociclo a solo;In marcia / fermata / arresto;Conducente;M;Rimandato;0;NON DECEDUTO;Non accertato;
6008517;10;14/06/2022 17:30:00;Strada Urbana;VIALE OPITA OPPIO;in prossimità;;del civico n.;42;;Scontro frontale/laterale SX fra veicoli in marcia;Rettilineo;Una carreggiata a doppio senso;Asciutto;Asfaltata;Verticale ed orizzontale;Sereno;Normale;Buona;;1;0;0;1;12.5487;41.8613;-1;2;Autovettura privata;In marcia / fermata / arresto;Conducente;F;Illeso;0;;Non accertato;Inesploso