Protocollo;Gruppo;DataOraIncidente;Localizzazione1;STRADA1;Localizzazione2;STRADA2;Strada02;Chilometrica;DaSpecificare;NaturaIncidente;particolaritastrade;TipoStrada;FondoStradale;Pavimentazione;Segnaletica;CondizioneAtmosferica;Traffico;Visibilita;Illuminazione;NUM_FERITI;NUM_RISERVATA;NUM_MORTI;NUM_ILLESI;Longitude;Latitude;Confermato;Progressivo;TipoVeicolo;StatoVeicolo;TipoPersona;Sesso;Tipolesione;Deceduto;DecedutoDopo;CinturaCascoUtilizzato;Airbag;
6010235;1;13/06/2022 12:30:00;Strada Urbana;PIAZZA VITTORIO EMANUELE II;in corrispondenza;;del civico n.;133;;Scontro laterale fra veicoli in marcia;Rettilineo;Una carreggiata a doppio senso;Asciutto;Asfaltata;Verticale ed orizzontale;Sereno;Normale;Buona;;0;0;0;3;12.5027;41.8946;-1;2;Autovettura di polizia;In marcia / fermata / arresto;Passeggero;M;Illeso;0;;;Inesploso
6010243;1;13/06/2022 19:45:00;Strada Urbana;VIALE DELLE TERME DI CARACALLA;all'intersezione semaforizzata con;PIAZZALE NUMA POMPILIO;PIAZZALE NUMA POMPILIO;;;Scontro laterale fra veicoli in marcia;Intersezione semaforizzata;Una carreggiata a senso unico di marcia;Asciutto;Asfaltata;Verticale ed orizzontale;Sereno;Normale;Buona;;0;0;0;3;12.4952;41.8789;-1;1;Autovettura privata;In marcia / fermata / arresto;Conducente;M;Illeso;0;;;
6010243;1;13/06/2022 19:45:00;Strada Urbana;VIALE DELLE TERME DI CARACALLA;all'intersezione semaforizzata con;PIAZZALE NUMA POMPILIO;PIAZZALE NUMA POMPILIO;;;Scontro laterale fra veicoli in marcia;Intersezione semaforizzata;Una carreggiata a senso unico di marcia;Asciutto;Asfaltata;Verticale ed orizzontale;Sereno;Normale;Buona;;0;0;0;3;12.4952;41.8789;-1;1;Autovettura privata;In marcia / fermata / arresto;Passeggero;M;Illeso;0;;;
6010243;1;13/06/2022 19:45:00;Strada Urbana;VIALE DELLE TERME DI CARACALLA;all'intersezione semaforizzata con;PIAZZALE NUMA POMPILIO;PIAZZALE NUMA POMPILIO;;;Scontro laterale fra veicoli in marcia;Intersezione semaforizzata;Una carreggiata a senso unico di marcia;Asciutto;Asfaltata;Verticale ed orizzontale;Sereno;Normale;Buona;;0;0;0;3;12.4952;41.8789;-1;2;Autovettura privata;In marcia / fermata / arresto;Conducente;M;Illeso;0;;;
6010246;1;14/06/2022 22:00:00;Strada Urbana;VIA DEI FALEGNAMI;all'intersezione semaforizzata con;VIA ARENULA;VIA ARENULA;;;Scontro frontale fra veicoli in marcia;Incrocio;Due carreggiate;Asciutto;In cubetti di porfido;Verticale ed orizzontale;Sereno;Scarso;Sufficiente;;1;0;0;0;12.4761;41.894;0;1;Motociclo a solo;In marcia / fermata / arresto;Conducente;M;Rifiuta cure immediate;0;NON DECEDUTO;Non accertato;
6010246;1;14/06/2022 22:00:00;Strada Urbana;VIA DEI FALEGNAMI;all'intersezione semaforizzata con;VIA ARENULA;VIA ARENULA;;;Scontro frontale fra veicoli in marcia;Incrocio;Due carreggiate;Asciutto;In cubetti di porfido;Verticale ed orizzontale;Sereno;Scarso;Sufficiente;;1;0;0;0;12.4761;41.894;0;2;Monopattino elettrico;Allontanatosi;;;;;;;
6010253;1;14/06/2022 08:50:00;Strada Urbana;PIAZZA DI PORTA MAGGIORE;in prossimità;;del civico n.;26;;Tamponamento Multiplo;Rettilineo;Più di due carreggiate;Asciutto;Asfaltata;Verticale ed orizzontale;Sereno;Intenso;Buona;;1;0;0;2;12.5141;41.8913;-1;1;Autovettura privata;In marcia / fermata / arresto;Conducente;M;Illeso;0;;;
6010253;1;14/06/2022 08:50:00;Strada Urbana;PIAZZA DI PORTA MAGGIORE;in prossimità;;del civico n.;26;;Tamponamento Multiplo;Rettilineo;Più di due carreggiate;Asciutto;Asfaltata;Verticale ed orizzontale;Sereno;Intenso;Buona;;1;0;0;2;12.5141;41.8913;-1;2;Autovettura privata;In marcia / fermata / arresto;Conducente;F;Rifiuta cure immediate;0;NON DECEDUTO;;
6010253;1;14/06/2022 08:50:00;Strada Urbana;PIAZZA DI PORTA MAGGIORE;in prossimità;;del civico n.;26;;Tamponamento Multiplo;Rettilineo;Più di due carreggiate;Asciutto;Asfaltata;Verticale ed orizzontale;Sereno;Intenso;Buona;;1;0;0;2;12.5141;41.8913;-1;3;Autocarro inferiore 35 q.;In marcia / fermata / arresto;Conducente;M;Illeso;0;;;
6010257;1;14/06/2022 13:15:00;Strada Urbana;VIA URBANA;in corrispondenza;;del civico n.;167;;Scontro laterale fra veicoli in marcia;Rettilineo;Una carreggiata a senso unico di marcia;Asciutto;In cubetti di porfido;Verticale;Sereno;Normale;Buona;;0;0;0;2;12.4963;41.8987;0;1;Autocarro inferiore 35 q.;In marcia / fermata / arresto;Conducente;M;Illeso;0;;;
6010257;1;14/06/2022 13:15:00;Strada Urbana;VIA URBANA;in corrispondenza;;del civico n.;167;;Scontro laterale fra veicoli in marcia;Rettilineo;Una carreggiata a senso unico di marcia;Asciutto;In cubetti di porfido;Verticale;Sereno;Normale;Buona;;0;0;0;2;12.4963;41.8987;0;2;Autovettura privata;In marcia / fermata / arresto;Conducente;;Illeso;0;;;
6010265;1;15/06/2022 00:05:00;Strada Urbana;PONTE SUBLICIO;da specificare;;;;.;Tamponamento;Rettilineo;Una carreggiata a doppio senso;Asciutto;Asfaltata;Verticale ed orizzontale;Sereno;Normale;Buona;;0;0;0;5;12.4747;41.8836;-1;1;Autovettura privata;In marcia / fermata / arresto;Conducente;M;Illeso;0;;;
6010265;1;15/06/2022 00:05:00;Strada Urbana;PONTE SUBLICIO;da specificare;;;;.;Tamponamento;Rettilineo;Una carreggiata a doppio senso;Asciutto;Asfaltata;Verticale ed orizzontale;Sereno;Normale;Buona;;0;0;0;5;12.4747;41.8836;-1;1;Autovettura privata;In marcia / fermata / arresto;Passeggero;F;Illeso;0;;;
6010265;1;15/06/2022 00:05:00;Strada Urbana;PONTE SUBLICIO;da specificare;;;;.;Tamponamento;Rettilineo;Una carreggiata a doppio senso;Asciutto;Asfaltata;Verticale ed orizzontale;Sereno;Normale;Buona;;0;0;0;5;12.4747;41.8836;-1;1;Autovettura privata;In marcia / fermata / arresto;Passeggero;F;Illeso;0;;;
6010265;1;15/06/2022 00:05:00;Strada Urbana;PONTE SUBLICIO;da specificare;;;;.;Tamponamento;Rettilineo;Una carreggiata a doppio senso;Asciutto;Asfaltata;Verticale ed orizzontale;Sereno;Normale;Buona;;0;0;0;5;12.4747;41.8836;-1;1;Autovettura privata;In marcia / fermata / arresto;Passeggero;F;Illeso;0;;;
6010265;1;15/06/2022 00:05:00;Strada Urbana;PONTE SUBLICIO;da specificare;;;;.;Tamponamento;Rettilineo;Una carreggiata a doppio senso;Asciutto;Asfaltata;Verticale ed orizzontale;Sereno;Normale;Buona;;0;0;0;5;12.4747;41.8836;-1;2;Autovettura privata;In marcia / fermata / arresto;Conducente;M;Illeso;0;;;
6010284;1;15/06/2022 14:50:00;Strada Urbana;LUNGOTEVERE AVENTINO;in prossimità;;del civico n.;5;;Scontro frontale/laterale DX fra veicoli in marcia;Rettilineo;Una carreggiata a doppio senso;Asciutto;Asfaltata;Orizzontale;Sereno;Normale;Buona;;1;0;0;1;12.4797;41.8863;-1;1;Autovettura pubblica;In marcia / fermata / arresto;Conducente;M;Illeso;0;;;
6010284;1;15/06/2022 14:50:00;Strada Urbana;LUNGOTEVERE AVENTINO;in prossimità;;del civico n.;5;;Scontro frontale/laterale DX fra veicoli in marcia;Rettilineo;Una carreggiata a doppio senso;Asciutto;Asfaltata;Orizzontale;Sereno;Normale;Buona;;1;0;0;1;12.4797;41.8863;-1;2;Velocipede;In marcia / fermata / arresto;Conducente;F;Rimandato;0;NON DECEDUTO;Esente;
6010298;1;15/06/2022 14:37:00;Strada Urbana;CORSO VITTORIO EMANUELE II;in corrispondenza;;del civico n.;311;;Scontro laterale fra veicoli in marcia;Rettilineo;Una carreggiata a doppio senso;Asciutto;Asfaltata;Verticale ed orizzontale;Sereno;Normale;Buona;;0;0;0;2;12.4668;41.8993;0;1;Autovettura privata;In marcia / fermata / arresto;Conducente;M;Illeso;0;;;
6010298;1;15/06/2022 14:37:00;Strada Urbana;CORSO VITTORIO EMANUELE II;in corrispondenza;;del civico n.;311;;Scontro laterale fra veicoli in marcia;Rettilineo;Una carreggiata a doppio senso;Asciutto;Asfaltata;Verticale ed orizzontale;Sereno;Normale;Buona;;0;0;0;2;12.4668;41.8993;0;2;Autocarro inferiore 35 q.;In marcia / fermata / arresto;Conducente;M;Illeso;0;;;
6010300;17;10/06/2022 00:10:00;Strada Urbana;VIA GUALTIERO SERAFINO;all'intersezione con;VIALE DELLE MEDAGLIE D'ORO;VIALE DELLE MEDAGLIE D'ORO;;;Scontro laterale fra veicoli in marcia;Intersezione semaforizzata;Una carreggiata a doppio senso;Asciutto;Asfaltata;Verticale ed orizzontale;Sereno;Scarso;Sufficiente;;0;0;0;3;12.4454;41.9106;-1;1;Autovettura privata;In marcia / fermata / arresto;Conducente;F;Illeso;0;;;
6010300;17;10/06/2022 00:10:00;Strada Urbana;VIA GUALTIERO SERAFINO;all'intersezione con;VIALE DELLE MEDAGLIE D'ORO;VIALE DELLE MEDAGLIE D'ORO;;;Scontro laterale fra veicoli in marcia;Intersezione semaforizzata;Una carreggiata a doppio senso;Asciutto;Asfaltata;Verticale ed orizzontale;Sereno;Scarso;Sufficiente;;0;0;0;3;12.4454;41.9106;-1;1;Autovettura privata;In marcia / fermata / arresto;Passeggero;F;Illeso;0;;;
6010300;17;10/06/2022 00:10:00;Strada Urbana;VIA GUALTIERO SERAFINO;all'intersezione con;VIALE DELLE MEDAGLIE D'ORO;VIALE DELLE MEDAGLIE D'ORO;;;Scontro laterale fra veicoli in marcia;Intersezione semaforizzata;Una carreggiata a doppio senso;Asciutto;Asfaltata;Verticale ed orizzontale;Sereno;Scarso;Sufficiente;;0;0;0;3;12.4454;41.9106;-1;2;Autovettura privata;In marcia / fermata / arresto;Conducente;M;Illeso;0;;;
6010311;1;15/06/2022 15:35:00;Strada Urbana;VIA DEGLI ARTISTI;in corrispondenza;;del civico n.;41;;Veicolo in marcia contro veicolo in sosta;Rettilineo;Una carreggiata a senso unico di marcia;Asciutto;In cubetti di porfido;Assente;Sereno;Normale;Buona;;0;0;0;1;12.4869;41.9054;-1;1;Autovettura privata;Sosta;;;;;;;
6010311;1;15/06/2022 15:35:00;Strada Urbana;VIA DEGLI ARTISTI;in corrispondenza;;del civico n.;41;;Veicolo in marcia contro veicolo in sosta;Rettilineo;Una carreggiata a senso unico di marcia;Asciutto;In cubetti di porfido;Assente;Sereno;Normale;Buona;;0;0;0;1;12.4869;41.9054;-1;2;Autocarro inferiore 35 q.;In marcia / fermata / arresto;Conducente;M;Illeso;0;;;
6010317;1;15/06/2022 13:55:00;Strada Urbana;VIA MARSALA;in corrispondenza;;del civico n.;204;;Veicolo in marcia contro veicoli in sosta;Rettilineo;Più di due carreggiate;Ghiacciato;Asfaltata;Verticale ed orizzontale;Sereno;Normale;Buona;;0;0;0;3;12.5078;41.8989;0;1;Autovettura pubblica;In marcia / fermata / arresto;Conducente;M;Illeso;0;;;
6010317;1;15/06/2022 13:55:00;Strada Urbana;VIA MARSALA;in corrispondenza;;del civico n.;204;;Veicolo in marcia contro veicoli in sosta;Rettilineo;Più di due carreggiate;Ghiacciato;Asfaltata;Verticale ed orizzontale;Sereno;Normale;Buona;;0;0;0;3;12.5078;41.8989;0;1;Autovettura pubblica;In marcia / fermata / arresto;Passeggero;M;Illeso;0;;;
6010317;1;15/06/2022 13:55:00;Strada Urbana;VIA MARSALA;in corrispondenza;;del civico n.;204;;Veicolo in marcia contro veicoli in sosta;Rettilineo;Più di due carreggiate;Ghiacciato;Asfaltata;Verticale ed orizzontale;Sereno;Normale;Buona;;0;0;0;3;12.5078;41.8989;0;2;Autocarro inferiore 35 q.;Sosta;;;;;;;
6010355;3;14/06/2022 10:00:00;Strada Urbana;VIALE DELL'UNIVERSITA';da specificare;;;;fronte civico 36;Veicolo in marcia contro veicolo arresto;Rettilineo;Una carreggiata a doppio senso;Asciutto;Asfaltata;Verticale ed orizzontale;Sereno;Normale;Buona;;0;0;0;3;12.5118;41.9043;-1;1;Autovettura privata;In marcia / fermata / arresto;Conducente;F;Illeso;0;;;
6010355;3;14/06/2022 10:00:00;Strada Urbana;VIALE DELL'UNIVERSITA';da specificare;;;;fronte civico 36;Veicolo in marcia contro veicolo arresto;Rettilineo;Una carreggiata a doppio senso;Asciutto;Asfaltata;Verticale ed orizzontale;Sereno;Normale;Buona;;0;0;0;3;12.5118;41.9043;-1;1;Autovettura privata;In marcia / fermata / arresto;Passeggero;M;Illeso;0;;;
6010355;3;14/06/2022 10:00:00;Strada Urbana;VIALE DELL'UNIVERSITA';da specificare;;;;fronte civico 36;Veicolo in marcia contro veicolo arresto;Rettilineo;Una carreggiata a doppio senso;Asciutto;Asfaltata;Verticale ed orizzontale;Sereno;Normale;Buona;;0;0;0;3;12.5118;41.9043;-1;2;Autovettura privata;In marcia / fermata / arresto;Conducente;M;Illeso;0;;;
6010379;3;14/06/2022 10:15:00;Strada Urbana;PIAZZA DELLE CROCIATE;da specificare;;;;fronte civico 12;Scontro laterale fra veicoli in marcia;Rettilineo;Una carreggiata a senso unico di marcia;Asciutto;Asfaltata;Verticale ed orizzontale;Sereno;Intenso;Sufficiente;;0;0;0;2;12.5264;41.9086;-1;1;Autovettura pubblica;In marcia / fermata / arresto;Conducente;M;Illeso;0;;;
6010379;3;14/06/2022 10:15:00;Strada Urbana;PIAZZA DELLE CROCIATE;da specificare;;;;fronte civico 12;Scontro laterale fra veicoli in marcia;Rettilineo;Una carreggiata a senso unico di marcia;Asciutto;Asfaltata;Verticale ed orizzontale;Sereno;Intenso;Sufficiente;;0;0;0;2;12.5264;41.9086;-1;2;Autocarro inferiore 35 q.;In marcia / fermata / arresto;Conducente;M;Illeso;0;;;
6010394;3;14/06/2022 12:05:00;Strada Urbana;VIA TIBURTINA;da specificare;;;;fronte via masaniello ;Scontro laterale fra veicoli in marcia;Rettilineo;Una carreggiata a doppio senso;Asciutto;Asfaltata;Verticale ed orizzontale;Sereno;Normale;Buona;;2;0;0;2;12.532;41.9083;-1;1;Motociclo con passeggero;In marcia / fermata / arresto;Conducente;M;Rimandato;0;NON DECEDUTO;;
6010394;3;14/06/2022 12:05:00;Strada Urbana;VIA TIBURTINA;da specificare;;;;fronte via masaniello ;Scontro laterale fra veicoli in marcia;Rettilineo;Una carreggiata a doppio senso;Asciutto;Asfaltata;Verticale ed orizzontale;Sereno;Normale;Buona;;2;0;0;2;12.532;41.9083;-1;1;Motociclo con passeggero;In marcia / fermata / arresto;Passeggero;F;Rimandato;0;NON DECEDUTO;;
6010394;3;14/06/2022 12:05:00;Strada Urbana;VIA TIBURTINA;da specificare;;;;fronte via masaniello ;Scontro laterale fra veicoli in marcia;Rettilineo;Una carreggiata a doppio senso;Asciutto;Asfaltata;Verticale ed orizzontale;Sereno;Normale;Buona;;2;0;0;2;12.532;41.9083;-1;2;Autovettura privata;In marcia / fermata / arresto;Conducente;M;Illeso;0;;;
6010394;3;14/06/2022 12:05:00;Strada Urbana;VIA TIBURTINA;da specificare;;;;fronte via masaniello ;Scontro laterale fra veicoli in marcia;Rettilineo;Una carreggiata a doppio senso;Asciutto;Asfaltata;Verticale ed orizzontale;Sereno;Normale;Buona;;2;0;0;2;12.532;41.9083;-1;2;Autovettura privata;In marcia / fermata / arresto;Passeggero;F;Illeso;0;;;
6010414;15;15/06/2022 09:45:00;Strada Urbana;VIA MARINO MAZZACURATI;all'intersezione con;VIA VITTORIO LAVEZZARI;VIA VITTORIO LAVEZZARI;;;Scontro frontale/laterale DX fra veicoli in marcia;Incrocio;Una carreggiata a doppio senso;Asciutto;Asfaltata;Verticale ed orizzontale;Sereno;Scarso;Buona;;0;0;0;2;12.4135;41.8507;-1;1;Autovettura privata;In marcia / fermata / arresto;Conducente;M;Illeso;0;;Non accertato;Inesploso
6010414;15;15/06/2022 09:45:00;Strada Urbana;VIA MARINO MAZZACURATI;all'intersezione con;VIA VITTORIO LAVEZZARI;VIA VITTORIO LAVEZZARI;;;Scontro frontale/laterale DX fra veicoli in marcia;Incrocio;Una carreggiata a doppio senso;Asciutto;Asfaltata;Verticale ed orizzontale;Sereno;Scarso;Buona;;0;0;0;2;12.4135;41.8507;-1;2;Autovettura privata;In marcia / fermata / arresto;Conducente;F;Illeso;0;;Non accertato;Inesploso
6010421;18;15/06/2022 17:00:00;Strada Urbana;VIA AURELIA;da specificare;;;;prossimità km 8,700 direzione Roma;Scontro laterale fra veicoli in marcia;Rettilineo;Due carreggiate;Asciutto;Asfaltata;Verticale ed orizzontale;Sereno;Normale;Buona;;0;0;1;2;12.3992;41.8852;-1;1;Autovettura privata;In marcia / fermata / arresto;Conducente;F;Illeso;0;;Non accertato;Inesploso
6010421;18;15/06/2022 17:00:00;Strada Urbana;VIA AURELIA;da specificare;;;;prossimità km 8,700 direzione Roma;Scontro laterale fra veicoli in marcia;Rettilineo;Due carreggiate;Asciutto;Asfaltata;Verticale ed orizzontale;Sereno;Normale;Buona;;0;0;1;2;12.3992;41.8852;-1;2;Autovettura privata;In marcia / fermata / arresto;Conducente;F;Illeso;0;;Non accertato;Inesploso
6010421;18;15/06/2022 17:00:00;Strada Urbana;VIA AURELIA;da specificare;;;;prossimità km 8,700 direzione Roma;Scontro laterale fra veicoli in marcia;Rettilineo;Due carreggiate;Asciutto;Asfaltata;Verticale ed orizzontale;Sereno;Normale;Buona;;0;0;1;2;12.3992;41.8852;-1;3;Motociclo a solo;In marcia / fermata / arresto;Conducente;M;Ricoverato;0;DECEDUTO ENTRO LE DODICI ORE;Non accertato;
6010479;6;15/06/2022 15:25:00;Strada Urbana;VIALE DELLA VENEZIA GIULIA;da specificare;;;;fronte VIA MONTONA;Veicolo in marcia contro veicolo in sosta;Rettilineo;Una carreggiata a doppio senso;Asciutto;Asfaltata;Verticale ed orizzontale;Sereno;Normale;Buona;;0;0;0;1;12.5511;41.8961;-1;2;Autovettura privata;In marcia / fermata / arresto;Conducente;M;Illeso;0;;Non accertato;Inesploso
6010479;6;15/06/2022 15:25:00;Strada Urbana;VIALE DELLA VENEZIA GIULIA;da specificare;;;;fronte VIA MONTONA;Veicolo in marcia contro veicolo in sosta;Rettilineo;Una carreggiata a doppio senso;Asciutto;Asfaltata;Verticale ed orizzontale;Sereno;Normale;Buona;;0;0;0;1;12.5511;41.8961;-1;3;Autovettura privata;Sosta;;;;;;;
6010499;15;15/06/2022 12:00:00;Strada Urbana;VIA POGGIO VERDE;in prossimità;;del civico n.;8;;Scontro frontale/laterale SX fra veicoli in marcia;Rettilineo;Due carreggiate;Asciutto;Asfaltata;Orizzontale;Sereno;Normale;Buona;;0;0;0;3;12.4171;41.8562;-1;1;Autovettura privata;In marcia / fermata / arresto;Conducente;M;Illeso;0;;Non accertato;Inesploso
6010499;15;15/06/2022 12:00:00;Strada Urbana;VIA POGGIO VERDE;in prossimità;;del civico n.;8;;Scontro frontale/laterale SX fra veicoli in marcia;Rettilineo;Due carreggiate;Asciutto;Asfaltata;Orizzontale;Sereno;Normale;Buona;;0;0;0;3;12.4171;41.8562;-1;2;Autovettura privata;In marcia / fermata / arresto;Conducente;F;Illeso;0;;Non accertato;Inesploso
6010499;15;15/06/2022 12:00:00;Strada Urbana;VIA POGGIO VERDE;in prossimità;;del civico n.;8;;Scontro frontale/laterale SX fra veicoli in marcia;Rettilineo;Due carreggiate;Asciutto;Asfaltata;Orizzontale;Sereno;Normale;Buona;;0;0;0;3;12.4171;41.8562;-1;2;Autovettura privata;In marcia / fermata / arresto;Passeggero;F;Illeso;0;;Non accertato;Inesploso
6010514;10;15/06/2022 18:15:00;Strada Urbana;VIA MARY PANDOLFI DE RINALDIS;da specificare;;;;altezza palo acea n.6;Scontro laterale fra veicoli in marcia;Rettilineo;Una carreggiata a senso unico di marcia;Asciutto;Asfaltata;Verticale ed orizzontale;Sereno;Normale;Buona;;1;0;0;2;12.62;41.8444;-1;1;Autovettura privata;In marcia / fermata / arresto;Conducente;M;Illeso;0;;Non accertato;Inesploso
6010514;10;15/06/2022 18:15:00;Strada Urbana;VIA MARY PANDOLFI DE RINALDIS;da specificare;;;;altezza palo acea n.6;Scontro laterale fra veicoli in marcia;Rettilineo;Una carreggiata a senso unico di marcia;Asciutto;Asfaltata;Verticale ed orizzontale;Sereno;Normale;Buona;;1;0;0;2;12.62;41.8444;-1;1;Autovettura privata;In marcia / fermata / arresto;Passeggero;F;Illeso;0;;Non accertato;Inesploso
6010514;10;15/06/2022 18:15:00;Strada Urbana;VIA MARY PANDOLFI DE RINALDIS;da specificare;;;;altezza palo acea n.6;Scontro laterale fra veicoli in marcia;Rettilineo;Una carreggiata a senso unico di marcia;Asciutto;Asfaltata;Verticale ed orizzontale;Sereno;Normale;Buona;;1;0;0;2;12.62;41.8444;-1;2;Velocipede;In marcia / fermata / arresto;Conducente;M;Ricoverato;0;NON DECEDUTO;Esente;
6010519;15;15/06/2022 13:15:00;Strada Urbana;VIALE ALEXANDRE GUSTAVE EIFFEL;all'intersezione con;VIA BENIAMINO FIAMMA;VIA BENIAMINO FIAMMA;;;Scontro laterale fra veicoli in marcia;Intersezione stradale segnalata;Una carreggiata a senso unico di marcia;Asciutto;Asfaltata;Verticale ed orizzontale;Sereno;Scarso;Sufficiente;;0;0;0;3;12.3345;41.8081;-1;1;Autovettura privata;In marcia / fermata / arresto;Conducente;F;Illeso;0;;Non accertato;Inesploso
6010519;15;15/06/2022 13:15:00;Strada Urbana;VIALE ALEXANDRE GUSTAVE EIFFEL;all'intersezione con;VIA BENIAMINO FIAMMA;VIA BENIAMINO FIAMMA;;;Scontro laterale fra veicoli in marcia;Intersezione stradale segnalata;Una carreggiata a senso unico di marcia;Asciutto;Asfaltata;Verticale ed orizzontale;Sereno;Scarso;Sufficiente;;0;0;0;3;12.3345;41.8081;-1;2;Motrice;In marcia / fermata / arresto;Conducente;M;Illeso;0;;Non accertato;Inesploso
6010519;15;15/06/2022 13:15:00;Strada Urbana;VIALE ALEXANDRE GUSTAVE EIFFEL;all'intersezione con;VIA BENIAMINO FIAMMA;VIA BENIAMINO FIAMMA;;;Scontro laterale fra veicoli in marcia;Intersezione stradale segnalata;Una carreggiata a senso unico di marcia;Asciutto;Asfaltata;Verticale ed orizzontale;Sereno;Scarso;Sufficiente;;0;0;0;3;12.3345;41.8081;-1;3;Rimorchio;In marcia / fermata / arresto;Conducente;M;Illeso;0;;Non accertato;Inesploso
6010543;15;15/06/2022 15:15:00;Strada Urbana;VIA PORTUENSE;da specificare;;;;prossimità RAMPA VIALE I. NEWTON DIR. FIUMICINO;Infortunio per caduta del veicolo;Rettilineo;Due carreggiate;Asciutto;Asfaltata;Orizzontale;Sereno;Normale;Buona;;1;0;0;0;12.414;41.8469;-1;1;Motociclo a solo;In marcia / fermata / arresto;Conducente;M;Rimandato;0;NON DECEDUTO;Utilizzato;
6010852;11;15/06/2022 16:50:00;Strada Urbana;VIALE DEL TINTORETTO;in prossimità;;del civico n.;97;;Scontro frontale/laterale DX fra veicoli in marcia;Rettilineo;Due carreggiate;Asciutto;Asfaltata;Verticale ed orizzontale;Sereno;Normale;Buona;;0;0;0;3;12.4846;41.8382;-1;1;Autocarro inferiore 35 q.;In marcia / fermata / arresto;Conducente;M;Illeso;0;;Non accertato;
6010852;11;15/06/2022 16:50:00;Strada Urbana;VIALE DEL TINTORETTO;in prossimità;;del civico n.;97;;Scontro frontale/laterale DX fra veicoli in marcia;Rettilineo;Due carreggiate;Asciutto;Asfaltata;Verticale ed orizzontale;Sereno;Normale;Buona;;0;0;0;3;12.4846;41.8382;-1;1;Autocarro inferiore 35 q.;In marcia / fermata / arresto;Passeggero;F;Illeso;0;;Non accertato;
6010852;11;15/06/2022 16:50:00;Strada Urbana;VIALE DEL TINTORETTO;in prossimità;;del civico n.;97;;Scontro frontale/laterale DX fra veicoli in marcia;Rettilineo;Due carreggiate;Asciutto;Asfaltata;Verticale ed orizzontale;Sereno;Normale;Buona;;0;0;0;3;12.4846;41.8382;-1;2;Autovettura privata;In marcia / fermata / arresto;Conducente;F;Illeso;0;;Non accertato;
6010879;15;15/06/2022 22:20:00;Strada Urbana;VIA AURELIA ANTICA;da specificare;;;;intersezione rampa Via Leone XIII;Scontro frontale fra veicoli in marcia;Rettilineo;Una carreggiata a doppio senso;Asciutto;Asfaltata;Assente;Sereno;Normale;Buona;;1;0;0;0;12.435;41.8902;-1;1;Motociclo a solo;In marcia / fermata / arresto;Conducente;M;Rimandato;0;NON DECEDUTO;;
6010879;15;15/06/2022 22:20:00;Strada Urbana;VIA AURELIA ANTICA;da specificare;;;;intersezione rampa Via Leone XIII;Scontro frontale fra veicoli in marcia;Rettilineo;Una carreggiata a doppio senso;Asciutto;Asfaltata;Assente;Sereno;Normale;Buona;;1;0;0;0;12.435;41.8902;-1;2;Autovettura privata;Allontanatosi;;;;;;;
6010890;15;16/06/2022 01:30:00;Strada Urbana;VIA LEONE XIII;in prossimità;;del civico n.;74;;Veicolo in marcia contro veicolo in sosta;Rettilineo;Due carreggiate;Asciutto;Asfaltata;Orizzontale;Sereno;Scarso;Buona;;0;0;0;1;12.4407;41.8879;-1;1;Autovettura privata;In marcia / fermata / arresto;Conducente;F;Illeso;0;;Non accertato;Inesploso
6010890;15;16/06/2022 01:30:00;Strada Urbana;VIA LEONE XIII;in prossimità;;del civico n.;74;;Veicolo in marcia contro veicolo in sosta;Rettilineo;Due carreggiate;Asciutto;Asfaltata;Orizzontale;Sereno;Scarso;Buona;;0;0;0;1;12.4407;41.8879;-1;2;Autovettura privata;Sosta;;;;;;;
6010894;5;15/06/2022 10:45:00;Strada Urbana;VIA VIRGILIO RAMPERTI;in corrispondenza;;del civico n.;11;;Scontro frontale/laterale SX fra veicoli in marcia;Curva a visuale libera;Una carreggiata a senso unico di marcia;Asciutto;Asfaltata;Verticale ed orizzontale;Sereno;Normale;Buona;;0;0;0;2;12.5519;41.9087;-1;1;Autovettura privata;In marcia / fermata / arresto;Conducente;M;Illeso;0;;Non accertato;
6010894;5;15/06/2022 10:45:00;Strada Urbana;VIA VIRGILIO RAMPERTI;in corrispondenza;;del civico n.;11;;Scontro frontale/laterale SX fra veicoli in marcia;Curva a visuale libera;Una carreggiata a senso unico di marcia;Asciutto;Asfaltata;Verticale ed orizzontale;Sereno;Normale;Buona;;0;0;0;2;12.5519;41.9087;-1;2;Autovettura privata;In marcia / fermata / arresto;Conducente;M;Illeso;0;;Non accertato;
6010904;11;15/06/2022 19:10:00;Strada Urbana;VIA DI VIGNA MURATA;in prossimità;;del civico n.;150;;Tamponamento;Rettilineo;Due carreggiate;Asciutto;Asfaltata;Verticale ed orizzontale;Sereno;Normale;Buona;;1;0;0;2;12.4954;41.8271;-1;1;Motociclo con passeggero;In marcia / fermata / arresto;Conducente;M;Illeso;0;;;
6010904;11;15/06/2022 19:10:00;Strada Urbana;VIA DI VIGNA MURATA;in prossimità;;del civico n.;150;;Tamponamento;Rettilineo;Due carreggiate;Asciutto;Asfaltata;Verticale ed orizzontale;Sereno;Normale;Buona;;1;0;0;2;12.4954;41.8271;-1;1;Motociclo con passeggero;In marcia / fermata / arresto;Passeggero;F;Illeso;0;;;