Protocollo;Gruppo;DataOraIncidente;Localizzazione1;STRADA1;Localizzazione2;STRADA2;Strada02;Chilometrica;DaSpecificare;NaturaIncidente;particolaritastrade;TipoStrada;FondoStradale;Pavimentazione;Segnaletica;CondizioneAtmosferica;Traffico;Visibilita;Illuminazione;NUM_FERITI;NUM_RISERVATA;NUM_MORTI;NUM_ILLESI;Longitude;Latitude;Confermato;Progressivo;TipoVeicolo;StatoVeicolo;TipoPersona;Sesso;Tipolesione;Deceduto;DecedutoDopo;CinturaCascoUtilizzato;Airbag;
6011599;16;14/06/2022 21:00:00;;VIALE ISACCO NEWTON;in prossimità;;del civico n.;8;;Veicolo in marcia contro veicolo arresto;;;;;;;;;;0;0;0;2;;;0;2;Autovettura privata;In marcia / fermata / arresto;Conducente;M;Illeso;0;;;
6011601;17;13/06/2022 10:30:00;Strada Urbana;VIALE GIUSEPPE MAZZINI;in prossimità;;del civico n.;114;;Scontro frontale/laterale DX fra veicoli in marcia;Rettilineo;Una carreggiata a senso unico di marcia;Asciutto;Asfaltata;Verticale ed orizzontale;Sereno;Normale;Buona;;0;0;0;2;12.4595;41.9154;-1;1;Motociclo a solo;In marcia / fermata / arresto;Conducente;M;Illeso;0;;;
6011601;17;13/06/2022 10:30:00;Strada Urbana;VIALE GIUSEPPE MAZZINI;in prossimità;;del civico n.;114;;Scontro frontale/laterale DX fra veicoli in marcia;Rettilineo;Una carreggiata a senso unico di marcia;Asciutto;Asfaltata;Verticale ed orizzontale;Sereno;Normale;Buona;;0;0;0;2;12.4595;41.9154;-1;2;Autovettura privata;In marcia / fermata / arresto;Conducente;M;Illeso;0;;;
6011614;16;14/06/2022 18:00:00;;VIA ETTORE ROLLI;in corrispondenza;;del civico n.;38;;Veicolo in marcia contro ostacolo fisso;;;;;;;;;;0;0;0;1;;;0;1;Autovettura privata;In marcia / fermata / arresto;Conducente;;Illeso;0;;;
6011642;12;15/06/2022 20:00:00;Strada Urbana;VIA OSLO;all'intersezione con;VIALE DELLA CIVILTA' DEL LAVORO;VIALE DELLA CIVILTA' DEL LAVORO;;;Scontro frontale/laterale SX fra veicoli in marcia;Intersezione stradale segnalata;Una carreggiata a senso unico di marcia;Asciutto;Asfaltata;Verticale ed orizzontale;Sereno;Scarso;Buona;;0;0;0;3;12.4505;41.8224;-1;1;Autovettura privata;In marcia / fermata / arresto;Conducente;M;Illeso;0;;;
6011642;12;15/06/2022 20:00:00;Strada Urbana;VIA OSLO;all'intersezione con;VIALE DELLA CIVILTA' DEL LAVORO;VIALE DELLA CIVILTA' DEL LAVORO;;;Scontro frontale/laterale SX fra veicoli in marcia;Intersezione stradale segnalata;Una carreggiata a senso unico di marcia;Asciutto;Asfaltata;Verticale ed orizzontale;Sereno;Scarso;Buona;;0;0;0;3;12.4505;41.8224;-1;2;Autovettura privata;In marcia / fermata / arresto;Conducente;F;Illeso;0;;;
6011642;12;15/06/2022 20:00:00;Strada Urbana;VIA OSLO;all'intersezione con;VIALE DELLA CIVILTA' DEL LAVORO;VIALE DELLA CIVILTA' DEL LAVORO;;;Scontro frontale/laterale SX fra veicoli in marcia;Intersezione stradale segnalata;Una carreggiata a senso unico di marcia;Asciutto;Asfaltata;Verticale ed orizzontale;Sereno;Scarso;Buona;;0;0;0;3;12.4505;41.8224;-1;2;Autovettura privata;In marcia / fermata / arresto;Passeggero;M;Illeso;0;;;
6011672;1;16/06/2022 12:47:00;Strada Urbana;VIA DEL CIRCO MASSIMO;da specificare;;;;altezza fermata Metro (dir. Rebibbia);Scontro laterale fra veicoli in marcia;Rettilineo;Una carreggiata a doppio senso;Asciutto;Asfaltata;Verticale ed orizzontale;Sereno;Normale;Buona;;0;0;0;2;12.4852;41.8853;-1;1;Autovettura privata;In marcia / fermata / arresto;Conducente;F;Illeso;0;;Non accertato;Inesploso
6011672;1;16/06/2022 12:47:00;Strada Urbana;VIA DEL CIRCO MASSIMO;da specificare;;;;altezza fermata Metro (dir. Rebibbia);Scontro laterale fra veicoli in marcia;Rettilineo;Una carreggiata a doppio senso;Asciutto;Asfaltata;Verticale ed orizzontale;Sereno;Normale;Buona;;0;0;0;2;12.4852;41.8853;-1;2;Autovettura privata;In marcia / fermata / arresto;Conducente;M;Illeso;0;;;
6011678;12;16/06/2022 11:35:00;Strada Urbana;VIA CRISTOFORO COLOMBO;da specificare;;;;alt. v.le Oceania;Tamponamento;Rettilineo;Una carreggiata a senso unico di marcia;Asciutto;Asfaltata;Verticale ed orizzontale;Sereno;Normale;Buona;;0;0;0;3;12.4659;41.8276;-1;1;Autovettura privata;In marcia / fermata / arresto;Conducente;M;Illeso;0;;;
6011678;12;16/06/2022 11:35:00;Strada Urbana;VIA CRISTOFORO COLOMBO;da specificare;;;;alt. v.le Oceania;Tamponamento;Rettilineo;Una carreggiata a senso unico di marcia;Asciutto;Asfaltata;Verticale ed orizzontale;Sereno;Normale;Buona;;0;0;0;3;12.4659;41.8276;-1;1;Autovettura privata;In marcia / fermata / arresto;Passeggero;F;Illeso;0;;;
6011678;12;16/06/2022 11:35:00;Strada Urbana;VIA CRISTOFORO COLOMBO;da specificare;;;;alt. v.le Oceania;Tamponamento;Rettilineo;Una carreggiata a senso unico di marcia;Asciutto;Asfaltata;Verticale ed orizzontale;Sereno;Normale;Buona;;0;0;0;3;12.4659;41.8276;-1;2;Autovettura privata;In marcia / fermata / arresto;Conducente;M;Illeso;0;;;
6011687;17;14/06/2022 20:45:00;Strada Urbana;VIA BERNARDINO TELESIO;in corrispondenza;;del civico n.;4b;;Veicolo in marcia contro veicolo in sosta;Rettilineo;Una carreggiata a senso unico di marcia;Asciutto;Asfaltata;Verticale ed orizzontale;Sereno;Scarso;Buona;;0;0;0;1;12.4516;41.9115;-1;1;Autovettura privata;Sosta;;;;;;;
6011687;17;14/06/2022 20:45:00;Strada Urbana;VIA BERNARDINO TELESIO;in corrispondenza;;del civico n.;4b;;Veicolo in marcia contro veicolo in sosta;Rettilineo;Una carreggiata a senso unico di marcia;Asciutto;Asfaltata;Verticale ed orizzontale;Sereno;Scarso;Buona;;0;0;0;1;12.4516;41.9115;-1;2;Autovettura privata;In marcia / fermata / arresto;Conducente;M;Illeso;0;;;
6011710;1;16/06/2022 11:30:00;Strada Urbana;VIA PRINCIPESSA CLOTILDE;in prossimità;;del civico n.;3;;Scontro laterale fra veicoli in marcia;Rettilineo;Una carreggiata a senso unico di marcia;Asciutto;Asfaltata;Verticale ed orizzontale;Sereno;Normale;Buona;;0;0;0;2;12.4746;41.9103;0;1;Autocarro inferiore 35 q.;In marcia / fermata / arresto;Conducente;M;Illeso;0;;;
6011710;1;16/06/2022 11:30:00;Strada Urbana;VIA PRINCIPESSA CLOTILDE;in prossimità;;del civico n.;3;;Scontro laterale fra veicoli in marcia;Rettilineo;Una carreggiata a senso unico di marcia;Asciutto;Asfaltata;Verticale ed orizzontale;Sereno;Normale;Buona;;0;0;0;2;12.4746;41.9103;0;2;Motociclo a solo;In marcia / fermata / arresto;Conducente;M;Illeso;0;;;
6011721;1;16/06/2022 10:30:00;Strada Urbana;VIA BONCOMPAGNI;in corrispondenza;;del civico n.;16;;Scontro laterale fra veicoli in marcia;Rettilineo;Una carreggiata a doppio senso;Asciutto;Asfaltata;Verticale ed orizzontale;Sereno;Normale;Buona;;0;0;0;2;12.4943;41.9086;-1;1;Autovettura privata;In marcia / fermata / arresto;Conducente;M;Illeso;0;;;
6011721;1;16/06/2022 10:30:00;Strada Urbana;VIA BONCOMPAGNI;in corrispondenza;;del civico n.;16;;Scontro laterale fra veicoli in marcia;Rettilineo;Una carreggiata a doppio senso;Asciutto;Asfaltata;Verticale ed orizzontale;Sereno;Normale;Buona;;0;0;0;2;12.4943;41.9086;-1;2;Autovettura privata;In marcia / fermata / arresto;Conducente;M;Illeso;0;;;
6011729;17;15/06/2022 15:45:00;Strada Urbana;VIA DEL MASCHERINO;in corrispondenza;;del civico n.;35;;Veicolo in marcia contro veicolo in sosta;Rettilineo;Una carreggiata a doppio senso;Asciutto;In cubetti di porfido;Verticale ed orizzontale;Sereno;Normale;Buona;;0;0;0;1;12.4586;41.9046;0;1;Autovettura privata;In marcia / fermata / arresto;Conducente;F;Illeso;0;;;
6011729;17;15/06/2022 15:45:00;Strada Urbana;VIA DEL MASCHERINO;in corrispondenza;;del civico n.;35;;Veicolo in marcia contro veicolo in sosta;Rettilineo;Una carreggiata a doppio senso;Asciutto;In cubetti di porfido;Verticale ed orizzontale;Sereno;Normale;Buona;;0;0;0;1;12.4586;41.9046;0;2;Autovettura privata;Sosta;;;;;;;
6011746;12;16/06/2022 05:30:00;Provinciale entro l'abitato;VIA LAURENTINA;da specificare;;;;dir.ne Roma prox Km. 10;Veicolo in marcia contro ostacolo accidentale;Rettilineo;Due carreggiate;Asciutto;Asfaltata;Verticale ed orizzontale;Sereno;Normale;Buona;;0;0;0;2;12.4856;41.8103;-1;1;Autovettura privata;In marcia / fermata / arresto;Conducente;M;Illeso;0;;Utilizzato;Inesploso
6011746;12;16/06/2022 05:30:00;Provinciale entro l'abitato;VIA LAURENTINA;da specificare;;;;dir.ne Roma prox Km. 10;Veicolo in marcia contro ostacolo accidentale;Rettilineo;Due carreggiate;Asciutto;Asfaltata;Verticale ed orizzontale;Sereno;Normale;Buona;;0;0;0;2;12.4856;41.8103;-1;1;Autovettura privata;In marcia / fermata / arresto;Passeggero;M;Illeso;0;;Utilizzato;Inesploso
6011768;17;15/06/2022 12:30:00;Strada Urbana;VIA DEI GIORNALISTI;da specificare;;;;fronte civico n. 32;Veicolo in marcia contro veicolo in sosta;Rettilineo;Una carreggiata a doppio senso;Asciutto;Asfaltata;Verticale ed orizzontale;Sereno;Scarso;Buona;;0;0;0;1;12.4431;41.9334;-1;1;Autocarro inferiore 35 q.;Sosta;;;;;;;
6011768;17;15/06/2022 12:30:00;Strada Urbana;VIA DEI GIORNALISTI;da specificare;;;;fronte civico n. 32;Veicolo in marcia contro veicolo in sosta;Rettilineo;Una carreggiata a doppio senso;Asciutto;Asfaltata;Verticale ed orizzontale;Sereno;Scarso;Buona;;0;0;0;1;12.4431;41.9334;-1;2;Autovettura privata;In marcia / fermata / arresto;Conducente;F;Illeso;0;;;
6011789;18;15/06/2022 07:10:00;Strada Urbana;VIA DELLA MAGLIANELLA;in prossimità;;del civico n.;350;;Scontro laterale fra veicoli in marcia;Rettilineo;Una carreggiata a senso unico di marcia;Asciutto;Asfaltata;Verticale ed orizzontale;Sereno;Normale;Buona;;0;0;0;2;12.3841;41.9144;-1;1;Autocarro inferiore 35 q.;In marcia / fermata / arresto;Conducente;M;Illeso;0;;Non accertato;Inesploso
6011789;18;15/06/2022 07:10:00;Strada Urbana;VIA DELLA MAGLIANELLA;in prossimità;;del civico n.;350;;Scontro laterale fra veicoli in marcia;Rettilineo;Una carreggiata a senso unico di marcia;Asciutto;Asfaltata;Verticale ed orizzontale;Sereno;Normale;Buona;;0;0;0;2;12.3841;41.9144;-1;2;Autovettura privata;In marcia / fermata / arresto;Conducente;M;Illeso;0;;Non accertato;Inesploso
6011826;15;16/06/2022 09:25:00;Strada Urbana;VIA ODERISI DA GUBBIO;in corrispondenza;;del civico n.;21;;Scontro frontale/laterale SX fra veicoli in marcia;Rettilineo;Una carreggiata a doppio senso;Asciutto;Asfaltata;Orizzontale;Sereno;Normale;Buona;;1;0;0;1;12.4667;41.8681;-1;1;Autocarro inferiore 35 q.;In marcia / fermata / arresto;Conducente;M;Illeso;0;;Non accertato;Inesploso
6011826;15;16/06/2022 09:25:00;Strada Urbana;VIA ODERISI DA GUBBIO;in corrispondenza;;del civico n.;21;;Scontro frontale/laterale SX fra veicoli in marcia;Rettilineo;Una carreggiata a doppio senso;Asciutto;Asfaltata;Orizzontale;Sereno;Normale;Buona;;1;0;0;1;12.4667;41.8681;-1;2;Motociclo a solo;In marcia / fermata / arresto;Conducente;M;Rimandato;0;NON DECEDUTO;Non accertato;
6011854;15;16/06/2022 10:30:00;Strada Urbana;VIADOTTO DELLA MAGLIANA;da specificare;;;;dir. FCO circa 200 mt prima uscita Magliana;Tamponamento Multiplo;Rettilineo;Due carreggiate;Asciutto;Asfaltata;Orizzontale;Sereno;Normale;Buona;;1;0;0;2;12.4634;41.842;-1;1;Autovettura privata;In marcia / fermata / arresto;Conducente;M;Illeso;0;;Non accertato;Inesploso
6011854;15;16/06/2022 10:30:00;Strada Urbana;VIADOTTO DELLA MAGLIANA;da specificare;;;;dir. FCO circa 200 mt prima uscita Magliana;Tamponamento Multiplo;Rettilineo;Due carreggiate;Asciutto;Asfaltata;Orizzontale;Sereno;Normale;Buona;;1;0;0;2;12.4634;41.842;-1;2;Motociclo a solo;In marcia / fermata / arresto;Conducente;M;Rifiuta cure immediate;0;NON DECEDUTO;Non accertato;
6011854;15;16/06/2022 10:30:00;Strada Urbana;VIADOTTO DELLA MAGLIANA;da specificare;;;;dir. FCO circa 200 mt prima uscita Magliana;Tamponamento Multiplo;Rettilineo;Due carreggiate;Asciutto;Asfaltata;Orizzontale;Sereno;Normale;Buona;;1;0;0;2;12.4634;41.842;-1;3;Autovettura privata;In marcia / fermata / arresto;Conducente;M;Illeso;0;;Non accertato;Inesploso
6011922;10;16/06/2022 15:45:00;Strada Urbana;VIA DI CIAMPINO;in prossimità;;del civico n.;73;;Tamponamento;Rettilineo;Una carreggiata a doppio senso;Asciutto;Asfaltata;Verticale ed orizzontale;Sereno;Normale;Buona;;1;0;0;4;12.5786;41.8093;-1;1;Autovettura privata;In marcia / fermata / arresto;Conducente;M;Illeso;0;;Non accertato;Inesploso
6011922;10;16/06/2022 15:45:00;Strada Urbana;VIA DI CIAMPINO;in prossimità;;del civico n.;73;;Tamponamento;Rettilineo;Una carreggiata a doppio senso;Asciutto;Asfaltata;Verticale ed orizzontale;Sereno;Normale;Buona;;1;0;0;4;12.5786;41.8093;-1;1;Autovettura privata;In marcia / fermata / arresto;Passeggero;F;Illeso;0;;Non accertato;Inesploso
6011922;10;16/06/2022 15:45:00;Strada Urbana;VIA DI CIAMPINO;in prossimità;;del civico n.;73;;Tamponamento;Rettilineo;Una carreggiata a doppio senso;Asciutto;Asfaltata;Verticale ed orizzontale;Sereno;Normale;Buona;;1;0;0;4;12.5786;41.8093;-1;1;Autovettura privata;In marcia / fermata / arresto;Passeggero;M;Illeso;0;;Non accertato;Inesploso
6011922;10;16/06/2022 15:45:00;Strada Urbana;VIA DI CIAMPINO;in prossimità;;del civico n.;73;;Tamponamento;Rettilineo;Una carreggiata a doppio senso;Asciutto;Asfaltata;Verticale ed orizzontale;Sereno;Normale;Buona;;1;0;0;4;12.5786;41.8093;-1;1;Autovettura privata;In marcia / fermata / arresto;Passeggero;F;Illeso;0;;Non accertato;Inesploso
6011922;10;16/06/2022 15:45:00;Strada Urbana;VIA DI CIAMPINO;in prossimità;;del civico n.;73;;Tamponamento;Rettilineo;Una carreggiata a doppio senso;Asciutto;Asfaltata;Verticale ed orizzontale;Sereno;Normale;Buona;;1;0;0;4;12.5786;41.8093;-1;2;Motociclo a solo;In marcia / fermata / arresto;Conducente;M;Rimandato;0;NON DECEDUTO;Utilizzato;
6012084;10;16/06/2022 18:00:00;Strada Urbana;VIA SIDERNO;all'intersezione con;VIA OPPIDO MAMERTINA;VIA OPPIDO MAMERTINA;;;Scontro laterale fra veicoli in marcia;Intersezione stradale segnalata;Una carreggiata a senso unico di marcia;Asciutto;Asfaltata;Verticale ed orizzontale;Sereno;Normale;Buona;;0;0;0;2;12.5547;41.8356;-1;1;Autocarro inferiore 35 q.;In marcia / fermata / arresto;Conducente;M;Illeso;0;;Non accertato;Inesploso
6012084;10;16/06/2022 18:00:00;Strada Urbana;VIA SIDERNO;all'intersezione con;VIA OPPIDO MAMERTINA;VIA OPPIDO MAMERTINA;;;Scontro laterale fra veicoli in marcia;Intersezione stradale segnalata;Una carreggiata a senso unico di marcia;Asciutto;Asfaltata;Verticale ed orizzontale;Sereno;Normale;Buona;;0;0;0;2;12.5547;41.8356;-1;2;Autovettura privata;In marcia / fermata / arresto;Conducente;M;Illeso;0;;Non accertato;Inesploso
6012249;16;15/06/2022 12:00:00;Strada Urbana;VIA DELLA CONSOLATA;all'intersezione con;VIA DEGLI ESTENSI;VIA DEGLI ESTENSI;;;Scontro frontale/laterale DX fra veicoli in marcia;Intersezione stradale segnalata;Una carreggiata a doppio senso;Asciutto;Asfaltata;Verticale ed orizzontale;Sereno;Normale;Buona;;2;0;0;0;12.4217;41.8767;-1;1;Autovettura privata;In marcia / fermata / arresto;Conducente;M;Rimandato;0;NON DECEDUTO;Non accertato;Inesploso
6012249;16;15/06/2022 12:00:00;Strada Urbana;VIA DELLA CONSOLATA;all'intersezione con;VIA DEGLI ESTENSI;VIA DEGLI ESTENSI;;;Scontro frontale/laterale DX fra veicoli in marcia;Intersezione stradale segnalata;Una carreggiata a doppio senso;Asciutto;Asfaltata;Verticale ed orizzontale;Sereno;Normale;Buona;;2;0;0;0;12.4217;41.8767;-1;2;Autocarro inferiore 35 q.;In marcia / fermata / arresto;Conducente;M;Rifiuta cure immediate;0;NON DECEDUTO;Non accertato;Inesploso
6012250;11;16/06/2022 10:10:00;Strada Urbana;VIALE GUGLIELMO MARCONI;da specificare;;;;pross. piazzale Edison;Tamponamento;Rettilineo;Due carreggiate;Asciutto;Asfaltata;Verticale ed orizzontale;Sereno;Scarso;Buona;;1;0;0;1;12.4711;41.8586;-1;1;Autovettura privata;In marcia / fermata / arresto;Conducente;F;Rimandato;0;NON DECEDUTO;;
6012250;11;16/06/2022 10:10:00;Strada Urbana;VIALE GUGLIELMO MARCONI;da specificare;;;;pross. piazzale Edison;Tamponamento;Rettilineo;Due carreggiate;Asciutto;Asfaltata;Verticale ed orizzontale;Sereno;Scarso;Buona;;1;0;0;1;12.4711;41.8586;-1;2;Autovettura privata;In marcia / fermata / arresto;Conducente;F;Illeso;0;;;
6012280;11;16/06/2022 08:35:00;Strada Urbana;CIRCONVALLAZIONE OSTIENSE;da specificare;;;;pross. via P. Reginaldo Giuliani;Scontro laterale fra veicoli in marcia;Rettilineo;Due carreggiate;Asciutto;Asfaltata;Verticale ed orizzontale;Sereno;Normale;Buona;;0;0;0;2;12.4906;41.8674;-1;1;Autovettura privata;In marcia / fermata / arresto;Conducente;M;Illeso;0;;Non accertato;
6012280;11;16/06/2022 08:35:00;Strada Urbana;CIRCONVALLAZIONE OSTIENSE;da specificare;;;;pross. via P. Reginaldo Giuliani;Scontro laterale fra veicoli in marcia;Rettilineo;Due carreggiate;Asciutto;Asfaltata;Verticale ed orizzontale;Sereno;Normale;Buona;;0;0;0;2;12.4906;41.8674;-1;2;Autocarro inferiore 35 q.;In marcia / fermata / arresto;Conducente;M;Illeso;0;;Non accertato;
6012292;16;15/06/2022 16:50:00;Strada Urbana;VIA DELLA PISANA;in prossimità;;del civico n.;95;;Tamponamento;Rettilineo;Una carreggiata a doppio senso;Asciutto;Asfaltata;Assente;Sereno;Normale;Buona;;1;0;0;2;12.4192;41.8829;-1;1;Autovettura privata;In marcia / fermata / arresto;Conducente;M;Illeso;0;;Non accertato;Inesploso
6012292;16;15/06/2022 16:50:00;Strada Urbana;VIA DELLA PISANA;in prossimità;;del civico n.;95;;Tamponamento;Rettilineo;Una carreggiata a doppio senso;Asciutto;Asfaltata;Assente;Sereno;Normale;Buona;;1;0;0;2;12.4192;41.8829;-1;2;Autobus di linea;In marcia / fermata / arresto;Conducente;M;Illeso;0;;Non accertato;Inesploso
6012292;16;15/06/2022 16:50:00;Strada Urbana;VIA DELLA PISANA;in prossimità;;del civico n.;95;;Tamponamento;Rettilineo;Una carreggiata a doppio senso;Asciutto;Asfaltata;Assente;Sereno;Normale;Buona;;1;0;0;2;12.4192;41.8829;-1;2;Autobus di linea;In marcia / fermata / arresto;Passeggero;F;Rimandato;0;NON DECEDUTO;Non accertato;Inesploso
6012619;11;16/06/2022 11:35:00;Strada Urbana;VIA DEL PORTO FLUVIALE;in corrispondenza;;del civico n.;31;;Scontro laterale fra veicoli in marcia;Rettilineo;Una carreggiata a doppio senso;Asciutto;Asfaltata;Verticale ed orizzontale;Sereno;Intenso;Buona;;1;0;0;1;12.4769;41.8724;-1;1;Motociclo a solo;In marcia / fermata / arresto;Conducente;M;Rimandato;0;NON DECEDUTO;Non accertato;
6012619;11;16/06/2022 11:35:00;Strada Urbana;VIA DEL PORTO FLUVIALE;in corrispondenza;;del civico n.;31;;Scontro laterale fra veicoli in marcia;Rettilineo;Una carreggiata a doppio senso;Asciutto;Asfaltata;Verticale ed orizzontale;Sereno;Intenso;Buona;;1;0;0;1;12.4769;41.8724;-1;2;Autovettura privata;In marcia / fermata / arresto;Conducente;M;Illeso;0;;Non accertato;
6012632;8;16/06/2022 22:30:00;Strada Urbana;VIA COLLATINA;all'intersezione con;VIA DI SALONE;VIA DI SALONE;;;Veicolo in marcia contro ostacolo fisso;Rotatoria;Una carreggiata a senso unico di marcia;Asciutto;Asfaltata;Verticale ed orizzontale;Sereno;Scarso;Buona;;1;0;0;1;12.6111;41.9056;-1;1;Autovettura privata;In marcia / fermata / arresto;Conducente;M;Rifiuta cure immediate;0;NON DECEDUTO;;
6012632;8;16/06/2022 22:30:00;Strada Urbana;VIA COLLATINA;all'intersezione con;VIA DI SALONE;VIA DI SALONE;;;Veicolo in marcia contro ostacolo fisso;Rotatoria;Una carreggiata a senso unico di marcia;Asciutto;Asfaltata;Verticale ed orizzontale;Sereno;Scarso;Buona;;1;0;0;1;12.6111;41.9056;-1;1;Autovettura privata;In marcia / fermata / arresto;Passeggero;M;Illeso;0;;;
6012633;8;16/06/2022 12:00:00;Strada Urbana;VIA STANFORD;all'intersezione con;VIA MARIO PASTORE;VIA MARIO PASTORE;;;Tamponamento;Intersezione stradale segnalata;Una carreggiata a doppio senso;Asciutto;Asfaltata;Verticale ed orizzontale;Sereno;Scarso;Buona;;1;0;0;1;12.608;41.852;-1;1;Autovettura privata;In marcia / fermata / arresto;Conducente;M;Illeso;0;;;
6012633;8;16/06/2022 12:00:00;Strada Urbana;VIA STANFORD;all'intersezione con;VIA MARIO PASTORE;VIA MARIO PASTORE;;;Tamponamento;Intersezione stradale segnalata;Una carreggiata a doppio senso;Asciutto;Asfaltata;Verticale ed orizzontale;Sereno;Scarso;Buona;;1;0;0;1;12.608;41.852;-1;2;Autovettura privata;In marcia / fermata / arresto;Conducente;F;Rifiuta cure immediate;0;NON DECEDUTO;;
6012639;8;16/06/2022 16:15:00;Strada Urbana;VIA DEL TORRACCIO DI TORRENOVA;da specificare;;;;area di sosta fronte civico 71;Investimento di pedone;Rettilineo;Una carreggiata a doppio senso;Asciutto;In cubetti di porfido;Assente;Sereno;Scarso;Buona;;1;0;0;0;12.6289;41.8657;-1;;;;Pedone;M;Rimandato;0;NON DECEDUTO;;
6012639;8;16/06/2022 16:15:00;Strada Urbana;VIA DEL TORRACCIO DI TORRENOVA;da specificare;;;;area di sosta fronte civico 71;Investimento di pedone;Rettilineo;Una carreggiata a doppio senso;Asciutto;In cubetti di porfido;Assente;Sereno;Scarso;Buona;;1;0;0;0;12.6289;41.8657;-1;1;Autovettura privata;Allontanatosi;;;;;;;
6012642;8;16/06/2022 18:35:00;Strada Urbana;VIA SELLIA;all'intersezione con;VIA CONDOFURI;VIA CONDOFURI;;;Scontro frontale/laterale DX fra veicoli in marcia;Intersezione stradale segnalata;Una carreggiata a doppio senso;Asciutto;Asfaltata;Verticale ed orizzontale;Sereno;Normale;Buona;;2;0;0;1;12.6833;41.8723;-1;1;Motociclo con passeggero;In marcia / fermata / arresto;Conducente;M;Rifiuta cure immediate;0;NON DECEDUTO;Non accertato;
6012642;8;16/06/2022 18:35:00;Strada Urbana;VIA SELLIA;all'intersezione con;VIA CONDOFURI;VIA CONDOFURI;;;Scontro frontale/laterale DX fra veicoli in marcia;Intersezione stradale segnalata;Una carreggiata a doppio senso;Asciutto;Asfaltata;Verticale ed orizzontale;Sereno;Normale;Buona;;2;0;0;1;12.6833;41.8723;-1;1;Motociclo con passeggero;In marcia / fermata / arresto;Passeggero;M;Rifiuta cure immediate;0;NON DECEDUTO;Non accertato;
6012642;8;16/06/2022 18:35:00;Strada Urbana;VIA SELLIA;all'intersezione con;VIA CONDOFURI;VIA CONDOFURI;;;Scontro frontale/laterale DX fra veicoli in marcia;Intersezione stradale segnalata;Una carreggiata a doppio senso;Asciutto;Asfaltata;Verticale ed orizzontale;Sereno;Normale;Buona;;2;0;0;1;12.6833;41.8723;-1;2;Autovettura privata;In marcia / fermata / arresto;Conducente;M;Illeso;0;;Non accertato;Inesploso
6012646;11;16/06/2022 16:30:00;Strada Urbana;LUNGOTEVERE DI S. PAOLO;in corrispondenza;;del civico n.;14;;Scontro laterale fra veicoli in marcia;Rettilineo;Una carreggiata a doppio senso;Asciutto;Asfaltata;Verticale ed orizzontale;Sereno;Normale;Buona;;2;0;0;1;12.4774;41.8619;-1;1;Motociclo con passeggero;In marcia / fermata / arresto;Conducente;M;Ricoverato;0;NON DECEDUTO;Non accertato;
6012646;11;16/06/2022 16:30:00;Strada Urbana;LUNGOTEVERE DI S. PAOLO;in corrispondenza;;del civico n.;14;;Scontro laterale fra veicoli in marcia;Rettilineo;Una carreggiata a doppio senso;Asciutto;Asfaltata;Verticale ed orizzontale;Sereno;Normale;Buona;;2;0;0;1;12.4774;41.8619;-1;1;Motociclo con passeggero;In marcia / fermata / arresto;Passeggero;F;Rimandato;0;NON DECEDUTO;;
6012646;11;16/06/2022 16:30:00;Strada Urbana;LUNGOTEVERE DI S. PAOLO;in corrispondenza;;del civico n.;14;;Scontro laterale fra veicoli in marcia;Rettilineo;Una carreggiata a doppio senso;Asciutto;Asfaltata;Verticale ed orizzontale;Sereno;Normale;Buona;;2;0;0;1;12.4774;41.8619;-1;2;Autocarro inferiore 35 q.;In marcia / fermata / arresto;Conducente;M;Illeso;0;;Non accertato;
6012647;8;16/06/2022 14:30:00;Strada Urbana;VIA CAVUCCIO;in prossimità;;del civico n.;5;;Veicolo in marcia contro ostacolo fisso;Rettilineo;Una carreggiata a doppio senso;Asciutto;Asfaltata;Verticale ed orizzontale;Sereno;Normale;Buona;;0;0;0;0;12.7121;41.9061;-1;1;Autocarro inferiore 35 q.;In marcia / fermata / arresto;;;;;;;
6012648;8;16/06/2022 12:25:00;Strada Urbana;VIA DI CARCARICOLA;da specificare;;;;in prossimità via della Tenuta di Torrenova;Veicolo in marcia contro ostacolo fisso;Rettilineo;Una carreggiata a doppio senso;Asciutto;Asfaltata;Orizzontale;Sereno;Normale;Buona;;1;0;0;0;12.6135;41.8554;-1;1;Motociclo a solo;In marcia / fermata / arresto;Conducente;M;Rifiuta cure immediate;0;NON DECEDUTO;Non accertato;
6012649;9;16/06/2022 19:30:00;Strada Urbana;VIA CESARE BARONIO;in corrispondenza;;del civico n.;148;;Veicolo in marcia che urta buche nella carreggiata;Rettilineo;Due carreggiate;Asciutto;Con buche;Verticale ed orizzontale;Sereno;Normale;Buona;;0;0;0;1;12.517;41.8707;-1;1;Motociclo a solo;In marcia / fermata / arresto;Conducente;M;Illeso;0;;Non accertato;
6012650;20;16/06/2022 18:55:00;Strada Urbana;VIA CASSIA;da specificare;;;;per rotonda stazione giustiniana;Tamponamento;Rettilineo;Una carreggiata a doppio senso;Asciutto;Asfaltata;Verticale ed orizzontale;Sereno;Normale;Buona;;1;0;0;2;12.3918;41.9953;-1;1;Autovettura privata;In marcia / fermata / arresto;Conducente;M;Illeso;0;;;