Protocollo;Gruppo;DataOraIncidente;Localizzazione1;STRADA1;Localizzazione2;STRADA2;Strada02;Chilometrica;DaSpecificare;NaturaIncidente;particolaritastrade;TipoStrada;FondoStradale;Pavimentazione;Segnaletica;CondizioneAtmosferica;Traffico;Visibilita;Illuminazione;NUM_FERITI;NUM_RISERVATA;NUM_MORTI;NUM_ILLESI;Longitude;Latitude;Confermato;Progressivo;TipoVeicolo;StatoVeicolo;TipoPersona;Sesso;Tipolesione;Deceduto;DecedutoDopo;CinturaCascoUtilizzato;Airbag;
6013053;16;10/06/2022 15:20:00;;PIAZZA IPPOLITO NIEVO;da specificare;;;;FRONTE CIVICO 25;Scontro laterale fra veicoli in marcia;;;;;;;;;;0;0;0;3;;;0;1;Motociclo a solo;In marcia / fermata / arresto;Conducente;M;Illeso;0;;;
6013053;16;10/06/2022 15:20:00;;PIAZZA IPPOLITO NIEVO;da specificare;;;;FRONTE CIVICO 25;Scontro laterale fra veicoli in marcia;;;;;;;;;;0;0;0;3;;;0;2;Autovettura pubblica;In marcia / fermata / arresto;Conducente;M;Illeso;0;;;
6013082;18;17/06/2022 00:02:00;Statale entro l'abitato;VIA AURELIA;da specificare;;;;in prossimità di Largo Tomaso Perassi;Scontro frontale fra veicoli in marcia;Rettilineo;Più di due carreggiate;Asciutto;Asfaltata;Verticale ed orizzontale;Sereno;Normale;Sufficiente;;0;0;0;1;12.4012;41.8861;-1;1;Autovettura privata;In marcia / fermata / arresto;;;;;;;
6013082;18;17/06/2022 00:02:00;Statale entro l'abitato;VIA AURELIA;da specificare;;;;in prossimità di Largo Tomaso Perassi;Scontro frontale fra veicoli in marcia;Rettilineo;Più di due carreggiate;Asciutto;Asfaltata;Verticale ed orizzontale;Sereno;Normale;Sufficiente;;0;0;0;1;12.4012;41.8861;-1;2;Autovettura privata;In marcia / fermata / arresto;Conducente;F;Illeso;0;;Non accertato;Inesploso
6013085;18;16/06/2022 19:55:00;Strada Urbana;VIA GREGORIO XI;in prossimità;;del civico n.;4;;Veicolo in marcia contro veicolo arresto;Rettilineo;Una carreggiata a doppio senso;Asciutto;Asfaltata;Verticale ed orizzontale;Sereno;Normale;Buona;;1;0;0;1;12.4215;41.9028;-1;1;Motociclo a solo;In marcia / fermata / arresto;Conducente;M;Rimandato;0;NON DECEDUTO;Non accertato;
6013085;18;16/06/2022 19:55:00;Strada Urbana;VIA GREGORIO XI;in prossimità;;del civico n.;4;;Veicolo in marcia contro veicolo arresto;Rettilineo;Una carreggiata a doppio senso;Asciutto;Asfaltata;Verticale ed orizzontale;Sereno;Normale;Buona;;1;0;0;1;12.4215;41.9028;-1;2;Autocarro inferiore 35 q.;In marcia / fermata / arresto;Conducente;M;Illeso;0;;Non accertato;Inesploso
6013089;1;16/06/2022 19:45:00;Strada Urbana;VIA CAVOUR;in corrispondenza;;del civico n.;233;;Infortunio per caduta del veicolo;Rettilineo;Una carreggiata a doppio senso;Asciutto;Asfaltata;Verticale ed orizzontale;Sereno;Normale;Buona;;1;0;0;5;12.4916;41.8944;-1;1;Motociclo a solo;In marcia / fermata / arresto;Conducente;M;Rimandato;0;NON DECEDUTO;;
6013089;1;16/06/2022 19:45:00;Strada Urbana;VIA CAVOUR;in corrispondenza;;del civico n.;233;;Infortunio per caduta del veicolo;Rettilineo;Una carreggiata a doppio senso;Asciutto;Asfaltata;Verticale ed orizzontale;Sereno;Normale;Buona;;1;0;0;5;12.4916;41.8944;-1;2;Autovettura privata;In marcia / fermata / arresto;Conducente;M;Illeso;0;;;
6013089;1;16/06/2022 19:45:00;Strada Urbana;VIA CAVOUR;in corrispondenza;;del civico n.;233;;Infortunio per caduta del veicolo;Rettilineo;Una carreggiata a doppio senso;Asciutto;Asfaltata;Verticale ed orizzontale;Sereno;Normale;Buona;;1;0;0;5;12.4916;41.8944;-1;2;Autovettura privata;In marcia / fermata / arresto;Passeggero;F;Illeso;0;;;
6013089;1;16/06/2022 19:45:00;Strada Urbana;VIA CAVOUR;in corrispondenza;;del civico n.;233;;Infortunio per caduta del veicolo;Rettilineo;Una carreggiata a doppio senso;Asciutto;Asfaltata;Verticale ed orizzontale;Sereno;Normale;Buona;;1;0;0;5;12.4916;41.8944;-1;2;Autovettura privata;In marcia / fermata / arresto;Passeggero;F;Illeso;0;;;
6013089;1;16/06/2022 19:45:00;Strada Urbana;VIA CAVOUR;in corrispondenza;;del civico n.;233;;Infortunio per caduta del veicolo;Rettilineo;Una carreggiata a doppio senso;Asciutto;Asfaltata;Verticale ed orizzontale;Sereno;Normale;Buona;;1;0;0;5;12.4916;41.8944;-1;2;Autovettura privata;In marcia / fermata / arresto;Passeggero;F;Illeso;0;;;
6013089;1;16/06/2022 19:45:00;Strada Urbana;VIA CAVOUR;in corrispondenza;;del civico n.;233;;Infortunio per caduta del veicolo;Rettilineo;Una carreggiata a doppio senso;Asciutto;Asfaltata;Verticale ed orizzontale;Sereno;Normale;Buona;;1;0;0;5;12.4916;41.8944;-1;2;Autovettura privata;In marcia / fermata / arresto;Passeggero;M;Illeso;0;;;
6013092;18;16/06/2022 18:30:00;Comunale extraurbana;VIA DI ACQUAFREDDA;in prossimità;;del civico n.;110;;Tamponamento;Rettilineo;Una carreggiata a doppio senso;Asciutto;Asfaltata;Verticale ed orizzontale;Sereno;Normale;Buona;;0;0;0;4;12.3942;41.891;-1;1;Autovettura privata;In marcia / fermata / arresto;Conducente;M;Illeso;0;;Non accertato;Inesploso
6013092;18;16/06/2022 18:30:00;Comunale extraurbana;VIA DI ACQUAFREDDA;in prossimità;;del civico n.;110;;Tamponamento;Rettilineo;Una carreggiata a doppio senso;Asciutto;Asfaltata;Verticale ed orizzontale;Sereno;Normale;Buona;;0;0;0;4;12.3942;41.891;-1;2;Autovettura privata;In marcia / fermata / arresto;Conducente;F;Illeso;0;;;
6013092;18;16/06/2022 18:30:00;Comunale extraurbana;VIA DI ACQUAFREDDA;in prossimità;;del civico n.;110;;Tamponamento;Rettilineo;Una carreggiata a doppio senso;Asciutto;Asfaltata;Verticale ed orizzontale;Sereno;Normale;Buona;;0;0;0;4;12.3942;41.891;-1;2;Autovettura privata;In marcia / fermata / arresto;Passeggero;F;Illeso;0;;;
6013092;18;16/06/2022 18:30:00;Comunale extraurbana;VIA DI ACQUAFREDDA;in prossimità;;del civico n.;110;;Tamponamento;Rettilineo;Una carreggiata a doppio senso;Asciutto;Asfaltata;Verticale ed orizzontale;Sereno;Normale;Buona;;0;0;0;4;12.3942;41.891;-1;2;Autovettura privata;In marcia / fermata / arresto;Passeggero;M;Illeso;0;;Non accertato;
6013117;16;16/06/2022 14:10:00;Strada Urbana;VIALE ISACCO NEWTON;da specificare;;;;PROSSIMITA' 77;Veicolo in marcia contro veicolo in sosta;Curva a visuale libera;Due carreggiate;Asciutto;Asfaltata;Verticale ed orizzontale;Sereno;Normale;Buona;;0;0;0;1;12.4427;41.8481;-1;1;Autovettura privata;In marcia / fermata / arresto;Conducente;F;Illeso;0;;Non accertato;Inesploso
6013117;16;16/06/2022 14:10:00;Strada Urbana;VIALE ISACCO NEWTON;da specificare;;;;PROSSIMITA' 77;Veicolo in marcia contro veicolo in sosta;Curva a visuale libera;Due carreggiate;Asciutto;Asfaltata;Verticale ed orizzontale;Sereno;Normale;Buona;;0;0;0;1;12.4427;41.8481;-1;2;Autovettura privata;Sosta;;;;;;;
6013135;18;16/06/2022 18:20:00;Strada Urbana;VIA S. SECONDA;da specificare;;;;fronte civico 7;Veicolo in marcia contro ostacolo fisso;Pendenza;Una carreggiata a doppio senso;Sdrucciolevole (pietrisco);Asfaltata;Verticale ed orizzontale;Sereno;Normale;Buona;;1;0;0;0;12.367;41.9186;-1;1;Velocipede;In marcia / fermata / arresto;Conducente;M;Ricoverato;0;NON DECEDUTO;Esente;
6013169;17;17/06/2022 08:45:00;Strada Urbana;VIALE VATICANO;da specificare;;;;fronte via SANTAMAURA;Investimento di pedone;Rettilineo;Una carreggiata a doppio senso;Asciutto;Asfaltata;Verticale ed orizzontale;Sereno;Intenso;Buona;;1;0;0;1;12.4487;41.9042;0;;;;Pedone;M;Rimandato;0;NON DECEDUTO;;
6013169;17;17/06/2022 08:45:00;Strada Urbana;VIALE VATICANO;da specificare;;;;fronte via SANTAMAURA;Investimento di pedone;Rettilineo;Una carreggiata a doppio senso;Asciutto;Asfaltata;Verticale ed orizzontale;Sereno;Intenso;Buona;;1;0;0;1;12.4487;41.9042;0;1;Motociclo con passeggero;In marcia / fermata / arresto;Conducente;;Illeso;0;;;
6013237;17;16/06/2022 10:40:00;Strada Urbana;PIAZZA DEI TRIBUNALI;da specificare;;;;IN PROSSIMITA' DI VIA ULPIANO;Scontro laterale fra veicoli in marcia;Rettilineo;Una carreggiata a senso unico di marcia;Asciutto;Asfaltata;Verticale ed orizzontale;Sereno;Normale;Buona;;1;0;0;1;12.472;41.9037;-1;1;Autovettura privata;In marcia / fermata / arresto;Conducente;M;Illeso;0;;Non accertato;
6013237;17;16/06/2022 10:40:00;Strada Urbana;PIAZZA DEI TRIBUNALI;da specificare;;;;IN PROSSIMITA' DI VIA ULPIANO;Scontro laterale fra veicoli in marcia;Rettilineo;Una carreggiata a senso unico di marcia;Asciutto;Asfaltata;Verticale ed orizzontale;Sereno;Normale;Buona;;1;0;0;1;12.472;41.9037;-1;2;Motociclo a solo;In marcia / fermata / arresto;Conducente;M;Rimandato;0;NON DECEDUTO;;
6013255;3;16/06/2022 10:40:00;Strada Urbana;VIA NOMENTANA;all'intersezione semaforizzata con;VIALE REGINA MARGHERITA;VIALE REGINA MARGHERITA;;;Scontro frontale/laterale DX fra veicoli in marcia;Incrocio;Più di due carreggiate;Asciutto;Asfaltata;Verticale ed orizzontale;Sereno;Normale;Buona;;0;0;0;3;12.5067;41.9128;-1;1;Autoambulanza;In marcia / fermata / arresto;Conducente;M;Illeso;0;;Non accertato;Inesploso
6013255;3;16/06/2022 10:40:00;Strada Urbana;VIA NOMENTANA;all'intersezione semaforizzata con;VIALE REGINA MARGHERITA;VIALE REGINA MARGHERITA;;;Scontro frontale/laterale DX fra veicoli in marcia;Incrocio;Più di due carreggiate;Asciutto;Asfaltata;Verticale ed orizzontale;Sereno;Normale;Buona;;0;0;0;3;12.5067;41.9128;-1;1;Autoambulanza;In marcia / fermata / arresto;Passeggero;F;Illeso;0;;Non accertato;Inesploso
6013255;3;16/06/2022 10:40:00;Strada Urbana;VIA NOMENTANA;all'intersezione semaforizzata con;VIALE REGINA MARGHERITA;VIALE REGINA MARGHERITA;;;Scontro frontale/laterale DX fra veicoli in marcia;Incrocio;Più di due carreggiate;Asciutto;Asfaltata;Verticale ed orizzontale;Sereno;Normale;Buona;;0;0;0;3;12.5067;41.9128;-1;2;Autovettura privata;In marcia / fermata / arresto;Conducente;F;Illeso;0;;Non accertato;Inesploso
6013270;9;17/06/2022 08:20:00;Strada Urbana;VIA TUSCOLANA;in corrispondenza;;del civico n.;503A;;Scontro frontale/laterale DX fra veicoli in marcia;Curva a visuale libera;Due carreggiate;Asciutto;Asfaltata;Verticale ed orizzontale;Sereno;Intenso;Buona;;1;0;0;1;12.5402;41.868;-1;1;Autocarro inferiore 35 q.;In marcia / fermata / arresto;Conducente;M;Illeso;0;;Non accertato;Inesploso
6013270;9;17/06/2022 08:20:00;Strada Urbana;VIA TUSCOLANA;in corrispondenza;;del civico n.;503A;;Scontro frontale/laterale DX fra veicoli in marcia;Curva a visuale libera;Due carreggiate;Asciutto;Asfaltata;Verticale ed orizzontale;Sereno;Intenso;Buona;;1;0;0;1;12.5402;41.868;-1;2;Velocipede;In marcia / fermata / arresto;Conducente;F;Rimandato;0;NON DECEDUTO;Esente;
6013274;3;16/06/2022 13:30:00;Strada Urbana;VIA NOMENTANA;all'intersezione semaforizzata con;CORSO TRIESTE;CORSO TRIESTE;;;Scontro frontale/laterale DX fra veicoli in marcia;Intersezione semaforizzata;Più di due carreggiate;Asciutto;Asfaltata;Verticale ed orizzontale;Sereno;Normale;Buona;;1;0;0;1;12.5094;41.9204;-1;1;Autovettura pubblica;In marcia / fermata / arresto;Conducente;M;Illeso;0;;;
6013274;3;16/06/2022 13:30:00;Strada Urbana;VIA NOMENTANA;all'intersezione semaforizzata con;CORSO TRIESTE;CORSO TRIESTE;;;Scontro frontale/laterale DX fra veicoli in marcia;Intersezione semaforizzata;Più di due carreggiate;Asciutto;Asfaltata;Verticale ed orizzontale;Sereno;Normale;Buona;;1;0;0;1;12.5094;41.9204;-1;2;Motociclo con passeggero;In marcia / fermata / arresto;Conducente;F;Rimandato;0;NON DECEDUTO;;
6013389;3;16/06/2022 21:55:00;Strada Urbana;VIALE REGINA ELENA;all'intersezione semaforizzata con;VIALE DELL'UNIVERSITA';VIALE DELL'UNIVERSITA';;;Investimento di pedone;Incrocio;Una carreggiata a doppio senso;Asciutto;Asfaltata;Verticale ed orizzontale;Sereno;Normale;Insufficiente;;1;0;0;1;12.5156;41.9056;-1;;;;Pedone;F;Rimandato;0;NON DECEDUTO;;
6013389;3;16/06/2022 21:55:00;Strada Urbana;VIALE REGINA ELENA;all'intersezione semaforizzata con;VIALE DELL'UNIVERSITA';VIALE DELL'UNIVERSITA';;;Investimento di pedone;Incrocio;Una carreggiata a doppio senso;Asciutto;Asfaltata;Verticale ed orizzontale;Sereno;Normale;Insufficiente;;1;0;0;1;12.5156;41.9056;-1;1;Autovettura privata;In marcia / fermata / arresto;Conducente;F;Illeso;0;;;
6013390;10;17/06/2022 10:50:00;Strada Urbana;VIALE OPITA OPPIO;all'intersezione semaforizzata con;VIA MARCO DECUMIO;VIA MARCO DECUMIO;;;Scontro laterale fra veicoli in marcia;Intersezione semaforizzata;Una carreggiata a doppio senso;Asciutto;Asfaltata;Verticale ed orizzontale;Sereno;Normale;Buona;;0;0;0;2;12.5479;41.8615;-1;1;Motociclo a solo;In marcia / fermata / arresto;Conducente;M;Illeso;0;;Non accertato;
6013390;10;17/06/2022 10:50:00;Strada Urbana;VIALE OPITA OPPIO;all'intersezione semaforizzata con;VIA MARCO DECUMIO;VIA MARCO DECUMIO;;;Scontro laterale fra veicoli in marcia;Intersezione semaforizzata;Una carreggiata a doppio senso;Asciutto;Asfaltata;Verticale ed orizzontale;Sereno;Normale;Buona;;0;0;0;2;12.5479;41.8615;-1;2;Autovettura privata;In marcia / fermata / arresto;Conducente;M;Illeso;0;;Non accertato;Inesploso
6013401;15;17/06/2022 09:20:00;Strada Urbana;VIA ODERISI DA GUBBIO;in prossimità;;del civico n.;221;;Scontro laterale fra veicoli in marcia;Rettilineo;Una carreggiata a doppio senso;Asciutto;Asfaltata;Orizzontale;Sereno;Intenso;Buona;;0;0;0;3;12.4646;41.8635;-1;1;Autocarro inferiore 35 q.;In marcia / fermata / arresto;Conducente;M;Illeso;0;;Non accertato;Inesploso
6013401;15;17/06/2022 09:20:00;Strada Urbana;VIA ODERISI DA GUBBIO;in prossimità;;del civico n.;221;;Scontro laterale fra veicoli in marcia;Rettilineo;Una carreggiata a doppio senso;Asciutto;Asfaltata;Orizzontale;Sereno;Intenso;Buona;;0;0;0;3;12.4646;41.8635;-1;2;Autovettura privata;In marcia / fermata / arresto;Conducente;M;Illeso;0;;Non accertato;Inesploso
6013401;15;17/06/2022 09:20:00;Strada Urbana;VIA ODERISI DA GUBBIO;in prossimità;;del civico n.;221;;Scontro laterale fra veicoli in marcia;Rettilineo;Una carreggiata a doppio senso;Asciutto;Asfaltata;Orizzontale;Sereno;Intenso;Buona;;0;0;0;3;12.4646;41.8635;-1;2;Autovettura privata;In marcia / fermata / arresto;Passeggero;F;Illeso;0;;Non accertato;Inesploso
6013433;12;17/06/2022 09:55:00;Statale entro l'abitato;VIA PONTINA;in corrispondenza;;della chilometrica;10.8;;Tamponamento;Rettilineo;Più di due carreggiate;Asciutto;Asfaltata;Verticale ed orizzontale;Sereno;Intenso;Buona;;0;0;0;3;12.4523;41.7939;-1;1;Autocarro inferiore 35 q.;In marcia / fermata / arresto;Conducente;M;Illeso;0;;;Esploso
6013433;12;17/06/2022 09:55:00;Statale entro l'abitato;VIA PONTINA;in corrispondenza;;della chilometrica;10.8;;Tamponamento;Rettilineo;Più di due carreggiate;Asciutto;Asfaltata;Verticale ed orizzontale;Sereno;Intenso;Buona;;0;0;0;3;12.4523;41.7939;-1;2;Autovettura privata;In marcia / fermata / arresto;Conducente;F;Illeso;0;;;Esploso
6013433;12;17/06/2022 09:55:00;Statale entro l'abitato;VIA PONTINA;in corrispondenza;;della chilometrica;10.8;;Tamponamento;Rettilineo;Più di due carreggiate;Asciutto;Asfaltata;Verticale ed orizzontale;Sereno;Intenso;Buona;;0;0;0;3;12.4523;41.7939;-1;2;Autovettura privata;In marcia / fermata / arresto;Passeggero;M;Illeso;0;;Non accertato;Esploso
6013507;1;16/06/2022 14:20:00;Strada Urbana;VIALE DELLE TERME DI CARACALLA;da specificare;;;;prossimità fermata ATAC 73177;Scontro frontale/laterale SX fra veicoli in marcia;Rettilineo;Più di due carreggiate;Asciutto;Asfaltata;Verticale ed orizzontale;Sereno;Scarso;Buona;;0;0;0;2;12.4952;41.8789;-1;1;Motociclo a solo;In marcia / fermata / arresto;Conducente;M;Illeso;0;;Non accertato;
6013507;1;16/06/2022 14:20:00;Strada Urbana;VIALE DELLE TERME DI CARACALLA;da specificare;;;;prossimità fermata ATAC 73177;Scontro frontale/laterale SX fra veicoli in marcia;Rettilineo;Più di due carreggiate;Asciutto;Asfaltata;Verticale ed orizzontale;Sereno;Scarso;Buona;;0;0;0;2;12.4952;41.8789;-1;2;Motociclo a solo;In marcia / fermata / arresto;Conducente;M;Illeso;0;;Non accertato;
6013507;1;16/06/2022 14:20:00;Strada Urbana;VIALE DELLE TERME DI CARACALLA;da specificare;;;;prossimità fermata ATAC 73177;Scontro frontale/laterale SX fra veicoli in marcia;Rettilineo;Più di due carreggiate;Asciutto;Asfaltata;Verticale ed orizzontale;Sereno;Scarso;Buona;;0;0;0;2;12.4952;41.8789;-1;3;Autovettura privata;Sosta;;;;;;;
6013512;1;16/06/2022 13:30:00;Strada Urbana;PIAZZA DI PORTA MAGGIORE;in prossimità;;del civico n.;27;;Scontro frontale/laterale SX fra veicoli in marcia;Rettilineo;Una carreggiata a senso unico di marcia;Asciutto;Asfaltata;Verticale ed orizzontale;Sereno;Normale;Buona;;0;0;0;3;12.5142;41.8913;-1;1;Autovettura privata;In marcia / fermata / arresto;Conducente;M;Illeso;0;;;
6013512;1;16/06/2022 13:30:00;Strada Urbana;PIAZZA DI PORTA MAGGIORE;in prossimità;;del civico n.;27;;Scontro frontale/laterale SX fra veicoli in marcia;Rettilineo;Una carreggiata a senso unico di marcia;Asciutto;Asfaltata;Verticale ed orizzontale;Sereno;Normale;Buona;;0;0;0;3;12.5142;41.8913;-1;1;Autovettura privata;In marcia / fermata / arresto;Passeggero;F;Illeso;0;;;
6013512;1;16/06/2022 13:30:00;Strada Urbana;PIAZZA DI PORTA MAGGIORE;in prossimità;;del civico n.;27;;Scontro frontale/laterale SX fra veicoli in marcia;Rettilineo;Una carreggiata a senso unico di marcia;Asciutto;Asfaltata;Verticale ed orizzontale;Sereno;Normale;Buona;;0;0;0;3;12.5142;41.8913;-1;2;Autovettura privata;In marcia / fermata / arresto;Conducente;M;Illeso;0;;;
6013518;1;16/06/2022 11:00:00;Strada Urbana;PIAZZA CELIMONTANA;in prossimità;;del civico n.;50;;Veicolo in marcia contro ostacolo fisso;Rettilineo;Una carreggiata a senso unico di marcia;Asciutto;Asfaltata;Verticale ed orizzontale;Sereno;Scarso;Buona;;0;0;0;1;12.4972;41.8866;-1;1;Autovettura privata;In marcia / fermata / arresto;Conducente;M;Illeso;0;;;
6013524;1;16/06/2022 15:15:00;Strada Urbana;VIA ANTONINIANA;in prossimità;;del civico n.;14;;Tamponamento;Curva a visuale libera;Una carreggiata a senso unico di marcia;Asciutto;Asfaltata;Assente;Sereno;Normale;Buona;;0;0;0;2;12.4941;41.8773;0;1;Autovettura privata;In marcia / fermata / arresto;Conducente;M;Illeso;0;;;
6013524;1;16/06/2022 15:15:00;Strada Urbana;VIA ANTONINIANA;in prossimità;;del civico n.;14;;Tamponamento;Curva a visuale libera;Una carreggiata a senso unico di marcia;Asciutto;Asfaltata;Assente;Sereno;Normale;Buona;;0;0;0;2;12.4941;41.8773;0;2;Autovettura privata;In marcia / fermata / arresto;Conducente;M;Illeso;0;;;
6013535;1;17/06/2022 06:00:00;Strada Urbana;VIA DELLA NAVICELLA;in corrispondenza;;del civico n.;41;;Veicolo in marcia contro ostacolo fisso;Rettilineo;Due carreggiate;Asciutto;Asfaltata;Verticale ed orizzontale;Sereno;Normale;Buona;;1;0;0;0;12.4978;41.8827;-1;1;Motociclo a solo;In marcia / fermata / arresto;Conducente;M;Rimandato;0;NON DECEDUTO;Non accertato;
6013537;17;17/06/2022 11:40:00;Strada Urbana;VIA DUILIO;all'intersezione con;VIA DEGLI SCIPIONI;VIA DEGLI SCIPIONI;;;Scontro frontale/laterale DX fra veicoli in marcia;Incrocio;Una carreggiata a senso unico di marcia;Asciutto;Asfaltata;Verticale ed orizzontale;Sereno;Normale;Buona;;0;0;0;3;12.4642;41.9101;-1;1;Autovettura privata;In marcia / fermata / arresto;Conducente;F;Illeso;0;;;
6013537;17;17/06/2022 11:40:00;Strada Urbana;VIA DUILIO;all'intersezione con;VIA DEGLI SCIPIONI;VIA DEGLI SCIPIONI;;;Scontro frontale/laterale DX fra veicoli in marcia;Incrocio;Una carreggiata a senso unico di marcia;Asciutto;Asfaltata;Verticale ed orizzontale;Sereno;Normale;Buona;;0;0;0;3;12.4642;41.9101;-1;2;Autovettura privata;In marcia / fermata / arresto;Conducente;M;Illeso;0;;;
6013537;17;17/06/2022 11:40:00;Strada Urbana;VIA DUILIO;all'intersezione con;VIA DEGLI SCIPIONI;VIA DEGLI SCIPIONI;;;Scontro frontale/laterale DX fra veicoli in marcia;Incrocio;Una carreggiata a senso unico di marcia;Asciutto;Asfaltata;Verticale ed orizzontale;Sereno;Normale;Buona;;0;0;0;3;12.4642;41.9101;-1;2;Autovettura privata;In marcia / fermata / arresto;Passeggero;F;Illeso;0;;;
6013544;17;17/06/2022 10:00:00;Strada Urbana;VIA POMPEO MAGNO;in prossimità;;del civico n.;94;;Scontro laterale fra veicoli in marcia;Rettilineo;Una carreggiata a senso unico di marcia;Asciutto;Asfaltata;Verticale ed orizzontale;Sereno;Normale;Buona;;0;0;0;2;12.4662;41.9097;-1;1;Autovettura privata;In marcia / fermata / arresto;Conducente;F;Illeso;0;;;
6013544;17;17/06/2022 10:00:00;Strada Urbana;VIA POMPEO MAGNO;in prossimità;;del civico n.;94;;Scontro laterale fra veicoli in marcia;Rettilineo;Una carreggiata a senso unico di marcia;Asciutto;Asfaltata;Verticale ed orizzontale;Sereno;Normale;Buona;;0;0;0;2;12.4662;41.9097;-1;2;Autovettura privata;In marcia / fermata / arresto;Conducente;F;Illeso;0;;;
6013546;6;17/06/2022 12:15:00;Strada Urbana;VIALE GIOVANNI BATTISTA VALENTE;da specificare;;;;f.c. 45;Veicolo in marcia contro veicolo in sosta;Rettilineo;Una carreggiata a doppio senso;Asciutto;Asfaltata;Verticale ed orizzontale;Sereno;Scarso;Buona;;0;0;0;0;12.5665;41.8984;-1;2;Autovettura privata;Sosta;;;;;;;
6013547;1;17/06/2022 09:40:00;Strada Urbana;PIAZZA DI S. CROCE IN GERUSALEMME;da specificare;;;;altezza BASILICA S. CROCE IN GERUSALEMME;Scontro frontale/laterale SX fra veicoli in marcia;Rettilineo;Più di due carreggiate;Asciutto;Asfaltata;Verticale ed orizzontale;Sereno;Normale;Buona;;1;0;0;1;12.5147;41.8886;-1;1;Autovettura di soccorso;In marcia / fermata / arresto;Conducente;M;Illeso;0;;Non accertato;Inesploso
6013547;1;17/06/2022 09:40:00;Strada Urbana;PIAZZA DI S. CROCE IN GERUSALEMME;da specificare;;;;altezza BASILICA S. CROCE IN GERUSALEMME;Scontro frontale/laterale SX fra veicoli in marcia;Rettilineo;Più di due carreggiate;Asciutto;Asfaltata;Verticale ed orizzontale;Sereno;Normale;Buona;;1;0;0;1;12.5147;41.8886;-1;2;Autovettura privata;In marcia / fermata / arresto;Conducente;M;Rimandato;0;NON DECEDUTO;;
6013557;17;17/06/2022 08:40:00;Strada Urbana;PIAZZALE MARESCIALLO GIARDINO;all'intersezione semaforizzata con;LUNGOTEVERE MARESCIALLO CADORNA;LUNGOTEVERE MARESCIALLO CADORNA;;;Scontro laterale fra veicoli in marcia;Intersezione semaforizzata;Una carreggiata a doppio senso;Asciutto;Asfaltata;Verticale ed orizzontale;Sereno;Normale;Buona;;0;0;0;2;12.4579;41.9237;-1;1;Autovettura privata;In marcia / fermata / arresto;Conducente;M;Illeso;0;;;
6013557;17;17/06/2022 08:40:00;Strada Urbana;PIAZZALE MARESCIALLO GIARDINO;all'intersezione semaforizzata con;LUNGOTEVERE MARESCIALLO CADORNA;LUNGOTEVERE MARESCIALLO CADORNA;;;Scontro laterale fra veicoli in marcia;Intersezione semaforizzata;Una carreggiata a doppio senso;Asciutto;Asfaltata;Verticale ed orizzontale;Sereno;Normale;Buona;;0;0;0;2;12.4579;41.9237;-1;2;Motociclo a solo;In marcia / fermata / arresto;Conducente;M;Illeso;0;;;
6013568;17;15/06/2022 15:58:00;Strada Urbana;VIALE ANGELICO;in corrispondenza;;del civico n.;56;;Scontro frontale/laterale DX fra veicoli in marcia;Rettilineo;Una carreggiata a doppio senso;Asciutto;Asfaltata;Assente;Sereno;Normale;Buona;;0;0;0;2;12.4589;41.9194;-1;1;Autovettura privata;In marcia / fermata / arresto;Conducente;M;Illeso;0;;;
6013568;17;15/06/2022 15:58:00;Strada Urbana;VIALE ANGELICO;in corrispondenza;;del civico n.;56;;Scontro frontale/laterale DX fra veicoli in marcia;Rettilineo;Una carreggiata a doppio senso;Asciutto;Asfaltata;Assente;Sereno;Normale;Buona;;0;0;0;2;12.4589;41.9194;-1;2;Motociclo a solo;In marcia / fermata / arresto;Conducente;M;Illeso;0;;;
6013579;1;17/06/2022 04:30:00;Strada Urbana;VIA GINORI;in prossimità;;del civico n.;15;;Veicolo in marcia contro veicoli in sosta;Rettilineo;Una carreggiata a senso unico di marcia;Asciutto;Asfaltata;Verticale ed orizzontale;Sereno;Scarso;Sufficiente;;0;0;0;0;12.4763;41.8785;-1;1;Autovettura privata;In marcia / fermata / arresto;;;;;;;
6013579;1;17/06/2022 04:30:00;Strada Urbana;VIA GINORI;in prossimità;;del civico n.;15;;Veicolo in marcia contro veicoli in sosta;Rettilineo;Una carreggiata a senso unico di marcia;Asciutto;Asfaltata;Verticale ed orizzontale;Sereno;Scarso;Sufficiente;;0;0;0;0;12.4763;41.8785;-1;2;Autovettura privata;Sosta;;;;;;;
6013579;1;17/06/2022 04:30:00;Strada Urbana;VIA GINORI;in prossimità;;del civico n.;15;;Veicolo in marcia contro veicoli in sosta;Rettilineo;Una carreggiata a senso unico di marcia;Asciutto;Asfaltata;Verticale ed orizzontale;Sereno;Scarso;Sufficiente;;0;0;0;0;12.4763;41.8785;-1;3;Autovettura privata;Sosta;;;;;;;
6013579;1;17/06/2022 04:30:00;Strada Urbana;VIA GINORI;in prossimità;;del civico n.;15;;Veicolo in marcia contro veicoli in sosta;Rettilineo;Una carreggiata a senso unico di marcia;Asciutto;Asfaltata;Verticale ed orizzontale;Sereno;Scarso;Sufficiente;;0;0;0;0;12.4763;41.8785;-1;4;Autovettura privata;Sosta;;;;;;;