Protocollo;Gruppo;DataOraIncidente;Localizzazione1;STRADA1;Localizzazione2;STRADA2;Strada02;Chilometrica;DaSpecificare;NaturaIncidente;particolaritastrade;TipoStrada;FondoStradale;Pavimentazione;Segnaletica;CondizioneAtmosferica;Traffico;Visibilita;Illuminazione;NUM_FERITI;NUM_RISERVATA;NUM_MORTI;NUM_ILLESI;Longitude;Latitude;Confermato;Progressivo;TipoVeicolo;StatoVeicolo;TipoPersona;Sesso;Tipolesione;Deceduto;DecedutoDopo;CinturaCascoUtilizzato;Airbag;
6014674;12;17/06/2022 16:30:00;Statale;VIA PONTINA;da specificare;;;;prox. km 16+600 dir. Pomezia;Tamponamento Multiplo;Curva a visuale libera;Due carreggiate;Asciutto;Asfaltata;Verticale ed orizzontale;Nuvoloso;Normale;Buona;;3;0;0;3;12.4388;41.7676;-1;1;Autovettura privata;In marcia / fermata / arresto;Conducente;M;Rimandato;0;NON DECEDUTO;Non accertato;Inesploso
6014674;12;17/06/2022 16:30:00;Statale;VIA PONTINA;da specificare;;;;prox. km 16+600 dir. Pomezia;Tamponamento Multiplo;Curva a visuale libera;Due carreggiate;Asciutto;Asfaltata;Verticale ed orizzontale;Nuvoloso;Normale;Buona;;3;0;0;3;12.4388;41.7676;-1;1;Autovettura privata;In marcia / fermata / arresto;Passeggero;F;Rimandato;0;NON DECEDUTO;Non accertato;Inesploso
6014674;12;17/06/2022 16:30:00;Statale;VIA PONTINA;da specificare;;;;prox. km 16+600 dir. Pomezia;Tamponamento Multiplo;Curva a visuale libera;Due carreggiate;Asciutto;Asfaltata;Verticale ed orizzontale;Nuvoloso;Normale;Buona;;3;0;0;3;12.4388;41.7676;-1;1;Autovettura privata;In marcia / fermata / arresto;Passeggero;F;Rimandato;0;NON DECEDUTO;Non accertato;Inesploso
6014674;12;17/06/2022 16:30:00;Statale;VIA PONTINA;da specificare;;;;prox. km 16+600 dir. Pomezia;Tamponamento Multiplo;Curva a visuale libera;Due carreggiate;Asciutto;Asfaltata;Verticale ed orizzontale;Nuvoloso;Normale;Buona;;3;0;0;3;12.4388;41.7676;-1;2;Autovettura privata;In marcia / fermata / arresto;Conducente;M;Illeso;0;;Non accertato;Inesploso
6014674;12;17/06/2022 16:30:00;Statale;VIA PONTINA;da specificare;;;;prox. km 16+600 dir. Pomezia;Tamponamento Multiplo;Curva a visuale libera;Due carreggiate;Asciutto;Asfaltata;Verticale ed orizzontale;Nuvoloso;Normale;Buona;;3;0;0;3;12.4388;41.7676;-1;2;Autovettura privata;In marcia / fermata / arresto;Passeggero;M;Illeso;0;;;Inesploso
6014674;12;17/06/2022 16:30:00;Statale;VIA PONTINA;da specificare;;;;prox. km 16+600 dir. Pomezia;Tamponamento Multiplo;Curva a visuale libera;Due carreggiate;Asciutto;Asfaltata;Verticale ed orizzontale;Nuvoloso;Normale;Buona;;3;0;0;3;12.4388;41.7676;-1;3;Autoarticolato;In marcia / fermata / arresto;Conducente;M;Illeso;0;;Non accertato;Inesploso
6014687;1;18/06/2022 07:00:00;Strada Urbana;PIAZZA DELL'INDIPENDENZA;all'intersezione con;VIA SOLFERINO;VIA SOLFERINO;;;Scontro frontale/laterale SX fra veicoli in marcia;Intersezione non regolata/non segnalata;Una carreggiata a senso unico di marcia;Asciutto;Asfaltata;Assente;Sereno;Scarso;Buona;;1;0;0;1;12.5025;41.9044;-1;1;Autovettura pubblica;In marcia / fermata / arresto;Conducente;M;Rimandato;0;NON DECEDUTO;;
6014687;1;18/06/2022 07:00:00;Strada Urbana;PIAZZA DELL'INDIPENDENZA;all'intersezione con;VIA SOLFERINO;VIA SOLFERINO;;;Scontro frontale/laterale SX fra veicoli in marcia;Intersezione non regolata/non segnalata;Una carreggiata a senso unico di marcia;Asciutto;Asfaltata;Assente;Sereno;Scarso;Buona;;1;0;0;1;12.5025;41.9044;-1;2;Autovettura privata;In marcia / fermata / arresto;Conducente;M;Illeso;0;;;
6014712;12;17/06/2022 17:00:00;Provinciale;VIA ARDEATINA;in prossimità;;della chilometrica;16;;Tamponamento;Rettilineo;Una carreggiata a doppio senso;Asciutto;Asfaltata;Verticale ed orizzontale;Sereno;Normale;Buona;;1;0;0;1;12.5255;41.8131;-1;1;Autovettura privata;In marcia / fermata / arresto;Conducente;M;Rimandato;0;NON DECEDUTO;;
6014712;12;17/06/2022 17:00:00;Provinciale;VIA ARDEATINA;in prossimità;;della chilometrica;16;;Tamponamento;Rettilineo;Una carreggiata a doppio senso;Asciutto;Asfaltata;Verticale ed orizzontale;Sereno;Normale;Buona;;1;0;0;1;12.5255;41.8131;-1;2;Autovettura privata;In marcia / fermata / arresto;Conducente;M;Illeso;0;;Non accertato;Inesploso
6014729;12;17/06/2022 22:45:00;Strada Urbana;VIA CRISTOFORO COLOMBO;da specificare;;;;fronte piazzale nazioni unite;Scontro frontale/laterale DX fra veicoli in marcia;Rettilineo;Più di due carreggiate;Asciutto;Asfaltata;Verticale ed orizzontale;Sereno;Scarso;Buona;;0;0;0;4;12.472;41.8355;-1;1;Autovettura privata;In marcia / fermata / arresto;Conducente;F;Illeso;0;;Non accertato;Inesploso
6014729;12;17/06/2022 22:45:00;Strada Urbana;VIA CRISTOFORO COLOMBO;da specificare;;;;fronte piazzale nazioni unite;Scontro frontale/laterale DX fra veicoli in marcia;Rettilineo;Più di due carreggiate;Asciutto;Asfaltata;Verticale ed orizzontale;Sereno;Scarso;Buona;;0;0;0;4;12.472;41.8355;-1;1;Autovettura privata;In marcia / fermata / arresto;Passeggero;F;Illeso;0;;Non accertato;Inesploso
6014729;12;17/06/2022 22:45:00;Strada Urbana;VIA CRISTOFORO COLOMBO;da specificare;;;;fronte piazzale nazioni unite;Scontro frontale/laterale DX fra veicoli in marcia;Rettilineo;Più di due carreggiate;Asciutto;Asfaltata;Verticale ed orizzontale;Sereno;Scarso;Buona;;0;0;0;4;12.472;41.8355;-1;2;Autovettura privata;In marcia / fermata / arresto;Conducente;M;Illeso;0;;Non accertato;Inesploso
6014746;12;17/06/2022 21:40:00;Strada Urbana;VIALE EGEO;da specificare;;;;prossimità Piazza Parri;Veicolo in marcia contro veicolo in sosta;Rettilineo;Una carreggiata a doppio senso;Asciutto;Asfaltata;Verticale ed orizzontale;Sereno;Scarso;Buona;;0;0;0;2;12.457;41.8325;-1;1;Autovettura pubblica;In marcia / fermata / arresto;Conducente;M;Illeso;0;;Non accertato;Esploso
6014746;12;17/06/2022 21:40:00;Strada Urbana;VIALE EGEO;da specificare;;;;prossimità Piazza Parri;Veicolo in marcia contro veicolo in sosta;Rettilineo;Una carreggiata a doppio senso;Asciutto;Asfaltata;Verticale ed orizzontale;Sereno;Scarso;Buona;;0;0;0;2;12.457;41.8325;-1;2;Autovettura privata;In marcia / fermata / arresto;Conducente;F;Illeso;0;;Non accertato;Esploso
6014746;12;17/06/2022 21:40:00;Strada Urbana;VIALE EGEO;da specificare;;;;prossimità Piazza Parri;Veicolo in marcia contro veicolo in sosta;Rettilineo;Una carreggiata a doppio senso;Asciutto;Asfaltata;Verticale ed orizzontale;Sereno;Scarso;Buona;;0;0;0;2;12.457;41.8325;-1;3;Autovettura privata;Sosta;;;;;;;
6014882;8;17/06/2022 11:20:00;Strada Urbana;VIA DELLE RONDINI;in corrispondenza;;del civico n.;50;;Scontro laterale fra veicoli in marcia;Rettilineo;Una carreggiata a senso unico di marcia;Asciutto;Asfaltata;Assente;Sereno;Scarso;Buona;;1;0;0;1;12.5925;41.8665;-1;1;Autocarro inferiore 35 q.;In marcia / fermata / arresto;Conducente;M;Rifiuta cure immediate;0;NON DECEDUTO;Non accertato;Inesploso
6014882;8;17/06/2022 11:20:00;Strada Urbana;VIA DELLE RONDINI;in corrispondenza;;del civico n.;50;;Scontro laterale fra veicoli in marcia;Rettilineo;Una carreggiata a senso unico di marcia;Asciutto;Asfaltata;Assente;Sereno;Scarso;Buona;;1;0;0;1;12.5925;41.8665;-1;2;Autovettura privata;In marcia / fermata / arresto;Conducente;M;Illeso;0;;Non accertato;Inesploso
6014898;8;17/06/2022 07:35:00;Strada Urbana;VIA CASILINA;in corrispondenza;;del civico n.;1769;;Tamponamento;Rettilineo;Una carreggiata a doppio senso;Asciutto;Asfaltata;Orizzontale;Sereno;Normale;Buona;;0;0;0;2;12.6708;41.8642;-1;1;Autocarro inferiore 35 q.;In marcia / fermata / arresto;Conducente;M;Illeso;0;;Non accertato;Inesploso
6014898;8;17/06/2022 07:35:00;Strada Urbana;VIA CASILINA;in corrispondenza;;del civico n.;1769;;Tamponamento;Rettilineo;Una carreggiata a doppio senso;Asciutto;Asfaltata;Orizzontale;Sereno;Normale;Buona;;0;0;0;2;12.6708;41.8642;-1;2;Autovettura privata;In marcia / fermata / arresto;Conducente;M;Illeso;0;;Non accertato;Inesploso
6014921;8;17/06/2022 13:50:00;Strada Urbana;VIA ALENDA;all'intersezione con;VIA CASAMONTE;VIA CASAMONTE;;;Scontro laterale fra veicoli in marcia;Intersezione stradale segnalata;Due carreggiate;Asciutto;Asfaltata;Verticale ed orizzontale;Nuvoloso;Scarso;Buona;;0;0;0;3;12.6101;41.8614;-1;1;Autovettura privata;In marcia / fermata / arresto;Conducente;F;Illeso;0;;Non accertato;Inesploso
6014921;8;17/06/2022 13:50:00;Strada Urbana;VIA ALENDA;all'intersezione con;VIA CASAMONTE;VIA CASAMONTE;;;Scontro laterale fra veicoli in marcia;Intersezione stradale segnalata;Due carreggiate;Asciutto;Asfaltata;Verticale ed orizzontale;Nuvoloso;Scarso;Buona;;0;0;0;3;12.6101;41.8614;-1;1;Autovettura privata;In marcia / fermata / arresto;Passeggero;F;Illeso;0;;Non accertato;Inesploso
6014921;8;17/06/2022 13:50:00;Strada Urbana;VIA ALENDA;all'intersezione con;VIA CASAMONTE;VIA CASAMONTE;;;Scontro laterale fra veicoli in marcia;Intersezione stradale segnalata;Due carreggiate;Asciutto;Asfaltata;Verticale ed orizzontale;Nuvoloso;Scarso;Buona;;0;0;0;3;12.6101;41.8614;-1;2;Autovettura privata;In marcia / fermata / arresto;Conducente;F;Illeso;0;;Non accertato;Inesploso
6014934;8;18/06/2022 03:10:00;Strada Urbana;VIA DI TOR BELLA MONACA;all'intersezione con;VIALE DUILIO CAMBELLOTTI;VIALE DUILIO CAMBELLOTTI;;;Veicolo in marcia contro ostacolo fisso;Intersezione stradale segnalata;Due carreggiate;Asciutto;Asfaltata;Verticale ed orizzontale;Sereno;Normale;Buona;;0;0;0;1;12.6281;41.8764;-1;1;Autovettura privata;In marcia / fermata / arresto;Conducente;F;Illeso;0;;;
6015634;10;18/06/2022 14:15:00;Strada Urbana;VIA ANAGNINA;in corrispondenza;;del civico n.;476;;Tamponamento;Rettilineo;Due carreggiate;Asciutto;Asfaltata;Verticale ed orizzontale;Sereno;Normale;Buona;;0;0;0;3;12.6263;41.81;-1;1;Autovettura privata;In marcia / fermata / arresto;Conducente;M;Illeso;0;;Non accertato;Inesploso
6015634;10;18/06/2022 14:15:00;Strada Urbana;VIA ANAGNINA;in corrispondenza;;del civico n.;476;;Tamponamento;Rettilineo;Due carreggiate;Asciutto;Asfaltata;Verticale ed orizzontale;Sereno;Normale;Buona;;0;0;0;3;12.6263;41.81;-1;1;Autovettura privata;In marcia / fermata / arresto;Passeggero;F;Illeso;0;;Non accertato;Inesploso
6015634;10;18/06/2022 14:15:00;Strada Urbana;VIA ANAGNINA;in corrispondenza;;del civico n.;476;;Tamponamento;Rettilineo;Due carreggiate;Asciutto;Asfaltata;Verticale ed orizzontale;Sereno;Normale;Buona;;0;0;0;3;12.6263;41.81;-1;2;Autovettura privata;In marcia / fermata / arresto;Conducente;M;Illeso;0;;Non accertato;Inesploso
6015635;8;18/06/2022 10:40:00;Strada Urbana;VIA PRENESTINA;in corrispondenza;;del civico n.;1157;;Veicolo in marcia contro veicolo in sosta;Rettilineo;Una carreggiata a doppio senso;Asciutto;Asfaltata;Verticale ed orizzontale;Sereno;Intenso;Buona;;0;0;0;4;12.6256;41.893;-1;1;Autovettura privata;In marcia / fermata / arresto;Conducente;M;Illeso;0;;;
6015635;8;18/06/2022 10:40:00;Strada Urbana;VIA PRENESTINA;in corrispondenza;;del civico n.;1157;;Veicolo in marcia contro veicolo in sosta;Rettilineo;Una carreggiata a doppio senso;Asciutto;Asfaltata;Verticale ed orizzontale;Sereno;Intenso;Buona;;0;0;0;4;12.6256;41.893;-1;2;Autovettura privata;In marcia / fermata / arresto;Conducente;M;Illeso;0;;;
6015635;8;18/06/2022 10:40:00;Strada Urbana;VIA PRENESTINA;in corrispondenza;;del civico n.;1157;;Veicolo in marcia contro veicolo in sosta;Rettilineo;Una carreggiata a doppio senso;Asciutto;Asfaltata;Verticale ed orizzontale;Sereno;Intenso;Buona;;0;0;0;4;12.6256;41.893;-1;2;Autovettura privata;In marcia / fermata / arresto;Passeggero;F;Illeso;0;;;
6015635;8;18/06/2022 10:40:00;Strada Urbana;VIA PRENESTINA;in corrispondenza;;del civico n.;1157;;Veicolo in marcia contro veicolo in sosta;Rettilineo;Una carreggiata a doppio senso;Asciutto;Asfaltata;Verticale ed orizzontale;Sereno;Intenso;Buona;;0;0;0;4;12.6256;41.893;-1;2;Autovettura privata;In marcia / fermata / arresto;Passeggero;M;Illeso;0;;;
6015635;8;18/06/2022 10:40:00;Strada Urbana;VIA PRENESTINA;in corrispondenza;;del civico n.;1157;;Veicolo in marcia contro veicolo in sosta;Rettilineo;Una carreggiata a doppio senso;Asciutto;Asfaltata;Verticale ed orizzontale;Sereno;Intenso;Buona;;0;0;0;4;12.6256;41.893;-1;3;Autovettura privata;Sosta;;;;;;;
6015638;20;17/06/2022 15:50:00;Strada Urbana;VIA DELLA STAZIONE DI TOR DI QUINTO;all'intersezione con;VIALE DI TOR DI QUINTO;VIALE DI TOR DI QUINTO;;;Tamponamento;Incrocio;Una carreggiata a doppio senso;Asciutto;Asfaltata;Verticale ed orizzontale;Sereno;Intenso;Buona;;1;0;0;1;12.4872;41.9506;-1;1;Autovettura privata;In marcia / fermata / arresto;Conducente;M;Illeso;0;;Non accertato;Inesploso
6015638;20;17/06/2022 15:50:00;Strada Urbana;VIA DELLA STAZIONE DI TOR DI QUINTO;all'intersezione con;VIALE DI TOR DI QUINTO;VIALE DI TOR DI QUINTO;;;Tamponamento;Incrocio;Una carreggiata a doppio senso;Asciutto;Asfaltata;Verticale ed orizzontale;Sereno;Intenso;Buona;;1;0;0;1;12.4872;41.9506;-1;2;Autovettura privata;In marcia / fermata / arresto;Conducente;M;Rimandato;0;NON DECEDUTO;;Inesploso
6015642;10;19/06/2022 03:50:00;Strada Urbana;VIA LUCREZIA ROMANA;da specificare;;;;fronte civ. 33;Veicolo in marcia contro ostacolo fisso;Rettilineo;Una carreggiata a doppio senso;Asciutto;Asfaltata;Verticale ed orizzontale;Sereno;Scarso;Sufficiente;;2;0;0;0;12.5764;41.8343;-1;1;Autovettura privata;In marcia / fermata / arresto;Conducente;F;Rimandato;0;NON DECEDUTO;;Inesploso
6015642;10;19/06/2022 03:50:00;Strada Urbana;VIA LUCREZIA ROMANA;da specificare;;;;fronte civ. 33;Veicolo in marcia contro ostacolo fisso;Rettilineo;Una carreggiata a doppio senso;Asciutto;Asfaltata;Verticale ed orizzontale;Sereno;Scarso;Sufficiente;;2;0;0;0;12.5764;41.8343;-1;1;Autovettura privata;In marcia / fermata / arresto;Passeggero;M;Rimandato;0;NON DECEDUTO;Non accertato;Inesploso
6015652;1;18/06/2022 12:15:00;Strada Urbana;VIA DI PONTE SISTO;in prossimità;;del civico n.;76;;Investimento di pedone;Rettilineo;Una carreggiata a senso unico di marcia;Asciutto;In cubetti di porfido;Verticale ed orizzontale;Sereno;Scarso;Buona;;1;0;0;1;12.4694;41.892;-1;;;;Pedone;F;Rimandato;0;NON DECEDUTO;;
6015652;1;18/06/2022 12:15:00;Strada Urbana;VIA DI PONTE SISTO;in prossimità;;del civico n.;76;;Investimento di pedone;Rettilineo;Una carreggiata a senso unico di marcia;Asciutto;In cubetti di porfido;Verticale ed orizzontale;Sereno;Scarso;Buona;;1;0;0;1;12.4694;41.892;-1;1;Monopattino elettrico;In marcia / fermata / arresto;Conducente;M;Illeso;0;;;
6015665;8;18/06/2022 04:45:00;Strada Urbana;VIA BUSCEMI;da specificare;;;;fronte civico 34;Veicolo in marcia contro veicoli in sosta;Rettilineo;Una carreggiata a doppio senso;Asciutto;Asfaltata;Verticale;Sereno;Scarso;Buona;;0;0;0;1;12.6561;41.8655;-1;1;Autovettura privata;Sosta;;;;;;;
6015665;8;18/06/2022 04:45:00;Strada Urbana;VIA BUSCEMI;da specificare;;;;fronte civico 34;Veicolo in marcia contro veicoli in sosta;Rettilineo;Una carreggiata a doppio senso;Asciutto;Asfaltata;Verticale;Sereno;Scarso;Buona;;0;0;0;1;12.6561;41.8655;-1;2;Autovettura privata;Sosta;;;;;;;
6015665;8;18/06/2022 04:45:00;Strada Urbana;VIA BUSCEMI;da specificare;;;;fronte civico 34;Veicolo in marcia contro veicoli in sosta;Rettilineo;Una carreggiata a doppio senso;Asciutto;Asfaltata;Verticale;Sereno;Scarso;Buona;;0;0;0;1;12.6561;41.8655;-1;3;Autovettura privata;Allontanatosi;Passeggero;F;Illeso;0;;Non accertato;Inesploso
6015682;1;18/06/2022 12:55:00;Strada Urbana;VIALE MANZONI;all'intersezione con;VIA DI PORTA MAGGIORE;VIA DI PORTA MAGGIORE;;;Infortunio per caduta del veicolo;Incrocio;Una carreggiata a doppio senso;Asciutto;Asfaltata;Verticale ed orizzontale;Sereno;Normale;Buona;;1;0;0;0;;;0;1;Motociclo a solo;In marcia / fermata / arresto;Conducente;M;Rimandato;0;NON DECEDUTO;;
6015684;8;18/06/2022 15:25:00;Strada Urbana;VIA DEI GABBIANI;in corrispondenza;;del civico n.;19;;Scontro laterale fra veicoli in marcia;Rettilineo;Una carreggiata a doppio senso;Asciutto;Asfaltata;Verticale ed orizzontale;Sereno;Scarso;Buona;;0;0;0;3;12.5922;41.8679;-1;1;Autovettura privata;In marcia / fermata / arresto;Conducente;M;Illeso;0;;;
6015684;8;18/06/2022 15:25:00;Strada Urbana;VIA DEI GABBIANI;in corrispondenza;;del civico n.;19;;Scontro laterale fra veicoli in marcia;Rettilineo;Una carreggiata a doppio senso;Asciutto;Asfaltata;Verticale ed orizzontale;Sereno;Scarso;Buona;;0;0;0;3;12.5922;41.8679;-1;1;Autovettura privata;In marcia / fermata / arresto;Passeggero;M;Illeso;0;;;
6015684;8;18/06/2022 15:25:00;Strada Urbana;VIA DEI GABBIANI;in corrispondenza;;del civico n.;19;;Scontro laterale fra veicoli in marcia;Rettilineo;Una carreggiata a doppio senso;Asciutto;Asfaltata;Verticale ed orizzontale;Sereno;Scarso;Buona;;0;0;0;3;12.5922;41.8679;-1;2;Autovettura privata;In marcia / fermata / arresto;Conducente;F;Illeso;0;;;
6015685;6;19/06/2022 06:20:00;Strada Urbana;PIAZZALE PRENESTINO;all'intersezione semaforizzata con;VIA ETTORE FIERAMOSCA;VIA ETTORE FIERAMOSCA;;;Veicolo in marcia contro ostacolo fisso;Intersezione semaforizzata;Una carreggiata a doppio senso;Asciutto;Asfaltata;Verticale ed orizzontale;Sereno;Scarso;Buona;;1;0;0;0;12.5281;41.8915;-1;1;Motociclo a solo;In marcia / fermata / arresto;Conducente;M;Ricoverato;0;NON DECEDUTO;Non accertato;
6015694;20;18/06/2022 11:45:00;Strada Urbana;VIA MASSAROSA;in corrispondenza;;del civico n.;5;;Investimento di pedone;Rettilineo;Una carreggiata a doppio senso;Asciutto;Asfaltata;Orizzontale;Sereno;Scarso;Buona;;1;0;0;2;12.4531;41.9602;-1;;;;Pedone;F;Rimandato;0;NON DECEDUTO;;
6015694;20;18/06/2022 11:45:00;Strada Urbana;VIA MASSAROSA;in corrispondenza;;del civico n.;5;;Investimento di pedone;Rettilineo;Una carreggiata a doppio senso;Asciutto;Asfaltata;Orizzontale;Sereno;Scarso;Buona;;1;0;0;2;12.4531;41.9602;-1;1;Autovettura privata;In marcia / fermata / arresto;Conducente;M;Illeso;0;;;
6015694;20;18/06/2022 11:45:00;Strada Urbana;VIA MASSAROSA;in corrispondenza;;del civico n.;5;;Investimento di pedone;Rettilineo;Una carreggiata a doppio senso;Asciutto;Asfaltata;Orizzontale;Sereno;Scarso;Buona;;1;0;0;2;12.4531;41.9602;-1;1;Autovettura privata;In marcia / fermata / arresto;Passeggero;F;Illeso;0;;;
6015704;1;18/06/2022 15:00:00;Strada Urbana;LARGO DI TORRE ARGENTINA;in prossimità;;del civico n.;13;;Scontro laterale fra veicoli in marcia;Rettilineo;Una carreggiata a senso unico di marcia;Asciutto;Asfaltata;Verticale ed orizzontale;Sereno;Normale;Buona;;1;0;0;1;12.4771;41.896;-1;1;Autovettura privata;In marcia / fermata / arresto;Conducente;M;Illeso;0;;;
6015704;1;18/06/2022 15:00:00;Strada Urbana;LARGO DI TORRE ARGENTINA;in prossimità;;del civico n.;13;;Scontro laterale fra veicoli in marcia;Rettilineo;Una carreggiata a senso unico di marcia;Asciutto;Asfaltata;Verticale ed orizzontale;Sereno;Normale;Buona;;1;0;0;1;12.4771;41.896;-1;2;Motociclo con passeggero;In marcia / fermata / arresto;Conducente;M;Rimandato;0;NON DECEDUTO;;
6015713;8;18/06/2022 20:00:00;Strada Urbana;VIA NOCCIANO;da specificare;;;;prossimita civico 22;Veicolo in marcia contro veicolo in sosta;Rettilineo;Una carreggiata a doppio senso;Asciutto;Asfaltata;Assente;Sereno;Scarso;Buona;;0;0;0;0;12.6902;41.9067;-1;1;Autovettura privata;Sosta;;;;;;;
6015713;8;18/06/2022 20:00:00;Strada Urbana;VIA NOCCIANO;da specificare;;;;prossimita civico 22;Veicolo in marcia contro veicolo in sosta;Rettilineo;Una carreggiata a doppio senso;Asciutto;Asfaltata;Assente;Sereno;Scarso;Buona;;0;0;0;0;12.6902;41.9067;-1;2;Autovettura privata;In marcia / fermata / arresto;;;;;;;
6015715;20;18/06/2022 13:35:00;Provinciale;VIA BRACCIANENSE;in prossimità;;del civico n.;571;;Fuoriuscita dalla sede stradale;Rettilineo;Una carreggiata a doppio senso;Asciutto;Asfaltata;Verticale ed orizzontale;Sereno;Scarso;Buona;;1;0;0;0;12.3295;42.0372;-1;1;Autovettura privata;In marcia / fermata / arresto;Conducente;M;Rimandato;0;NON DECEDUTO;Non utilizzato;Esploso
6015732;1;18/06/2022 16:50:00;Strada Urbana;VIA DI S. ERASMO;in prossimità;;del civico n.;2;;Veicolo in marcia contro veicolo fermo;Rettilineo;Una carreggiata a senso unico di marcia;Asciutto;Asfaltata;Verticale ed orizzontale;Sereno;Normale;Buona;;0;0;0;2;12.4981;41.8832;-1;1;Autovettura privata;In marcia / fermata / arresto;Conducente;M;Illeso;0;;;
6015732;1;18/06/2022 16:50:00;Strada Urbana;VIA DI S. ERASMO;in prossimità;;del civico n.;2;;Veicolo in marcia contro veicolo fermo;Rettilineo;Una carreggiata a senso unico di marcia;Asciutto;Asfaltata;Verticale ed orizzontale;Sereno;Normale;Buona;;0;0;0;2;12.4981;41.8832;-1;2;Autocarro inferiore 35 q.;In marcia / fermata / arresto;Conducente;M;Illeso;0;;;
6015733;8;18/06/2022 16:50:00;Strada Urbana;VIA CASILINA;da specificare;;;;fronte civico 1585;Veicolo in marcia contro ostacolo fisso;Rettilineo;Due carreggiate;Asciutto;Asfaltata;Temporanea di cantiere;Sereno;Normale;Buona;;0;0;0;1;12.6339;41.8634;-1;1;Autovettura privata;In marcia / fermata / arresto;Conducente;M;Illeso;0;;Non accertato;Inesploso
6015736;9;17/06/2022 20:15:00;;VIA TUSCOLANA;da specificare;;;;FRONTE CIVICO 1768 FRONTE CAVALCAVIA;Tamponamento;;;;;;;;;;0;0;0;4;;;0;1;Autovettura privata;In marcia / fermata / arresto;Conducente;M;Illeso;0;;;
6015736;9;17/06/2022 20:15:00;;VIA TUSCOLANA;da specificare;;;;FRONTE CIVICO 1768 FRONTE CAVALCAVIA;Tamponamento;;;;;;;;;;0;0;0;4;;;0;1;Autovettura privata;In marcia / fermata / arresto;Passeggero;F;Illeso;0;;;
6015736;9;17/06/2022 20:15:00;;VIA TUSCOLANA;da specificare;;;;FRONTE CIVICO 1768 FRONTE CAVALCAVIA;Tamponamento;;;;;;;;;;0;0;0;4;;;0;2;Autovettura privata;In marcia / fermata / arresto;Conducente;M;Illeso;0;;;
6015736;9;17/06/2022 20:15:00;;VIA TUSCOLANA;da specificare;;;;FRONTE CIVICO 1768 FRONTE CAVALCAVIA;Tamponamento;;;;;;;;;;0;0;0;4;;;0;2;Autovettura privata;In marcia / fermata / arresto;Passeggero;F;Illeso;0;;;
6015767;20;18/06/2022 22:45:00;Strada Urbana;VIA SAN GODENZO;da specificare;;;;Fronte civ. 135;Scontro laterale fra veicoli in marcia;Rettilineo;Una carreggiata a senso unico di marcia;Asciutto;Asfaltata;Assente;Sereno;Scarso;Buona;;0;0;0;1;12.4539;41.9618;-1;1;Autovettura privata;In marcia / fermata / arresto;Conducente;M;Illeso;0;;Non accertato;Inesploso
6015767;20;18/06/2022 22:45:00;Strada Urbana;VIA SAN GODENZO;da specificare;;;;Fronte civ. 135;Scontro laterale fra veicoli in marcia;Rettilineo;Una carreggiata a senso unico di marcia;Asciutto;Asfaltata;Assente;Sereno;Scarso;Buona;;0;0;0;1;12.4539;41.9618;-1;2;Autovettura privata;Allontanatosi;;;;;;;
6015768;1;18/06/2022 20:30:00;Strada Urbana;LUNGOTEVERE IN AUGUSTA;in prossimità;;del palo luce n.;13;;Scontro laterale fra veicoli in marcia;Rettilineo;Una carreggiata a senso unico di marcia;Asciutto;Asfaltata;Verticale;Sereno;Normale;Buona;;0;0;0;3;12.4748;41.9076;-1;1;Autovettura privata;In marcia / fermata / arresto;Conducente;M;Illeso;0;;;
6015768;1;18/06/2022 20:30:00;Strada Urbana;LUNGOTEVERE IN AUGUSTA;in prossimità;;del palo luce n.;13;;Scontro laterale fra veicoli in marcia;Rettilineo;Una carreggiata a senso unico di marcia;Asciutto;Asfaltata;Verticale;Sereno;Normale;Buona;;0;0;0;3;12.4748;41.9076;-1;1;Autovettura privata;In marcia / fermata / arresto;Passeggero;M;Illeso;0;;;
6015768;1;18/06/2022 20:30:00;Strada Urbana;LUNGOTEVERE IN AUGUSTA;in prossimità;;del palo luce n.;13;;Scontro laterale fra veicoli in marcia;Rettilineo;Una carreggiata a senso unico di marcia;Asciutto;Asfaltata;Verticale;Sereno;Normale;Buona;;0;0;0;3;12.4748;41.9076;-1;2;Autovettura pubblica;In marcia / fermata / arresto;Conducente;F;Illeso;0;;;
6015769;20;18/06/2022 16:40:00;Strada Urbana;VIA FLAMINIA NUOVA;da specificare;;;;km 8,100 direz. GRA;Tamponamento;Rettilineo;Due carreggiate;Asciutto;Asfaltata;Verticale ed orizzontale;Sereno;Normale;Buona;;0;0;0;3;12.4792;41.9609;-1;1;Autovettura privata;In marcia / fermata / arresto;Conducente;M;Illeso;0;;Non accertato;Inesploso
6015769;20;18/06/2022 16:40:00;Strada Urbana;VIA FLAMINIA NUOVA;da specificare;;;;km 8,100 direz. GRA;Tamponamento;Rettilineo;Due carreggiate;Asciutto;Asfaltata;Verticale ed orizzontale;Sereno;Normale;Buona;;0;0;0;3;12.4792;41.9609;-1;1;Autovettura privata;In marcia / fermata / arresto;Passeggero;F;Illeso;0;;Non accertato;Inesploso