Protocollo;Gruppo;DataOraIncidente;Localizzazione1;STRADA1;Localizzazione2;STRADA2;Strada02;Chilometrica;DaSpecificare;NaturaIncidente;particolaritastrade;TipoStrada;FondoStradale;Pavimentazione;Segnaletica;CondizioneAtmosferica;Traffico;Visibilita;Illuminazione;NUM_FERITI;NUM_RISERVATA;NUM_MORTI;NUM_ILLESI;Longitude;Latitude;Confermato;Progressivo;TipoVeicolo;StatoVeicolo;TipoPersona;Sesso;Tipolesione;Deceduto;DecedutoDopo;CinturaCascoUtilizzato;Airbag;
6015769;20;18/06/2022 16:40:00;Strada Urbana;VIA FLAMINIA NUOVA;da specificare;;;;km 8,100 direz. GRA;Tamponamento;Rettilineo;Due carreggiate;Asciutto;Asfaltata;Verticale ed orizzontale;Sereno;Normale;Buona;;0;0;0;3;12.4792;41.9609;-1;2;Autocarro inferiore 35 q.;In marcia / fermata / arresto;Conducente;M;Illeso;0;;Non accertato;Inesploso
6015801;1;19/06/2022 04:05:00;Strada Urbana;VIA GARIBALDI;in prossimità;;del palo luce n.;50;;Veicolo in marcia contro veicolo in sosta;Rettilineo;Una carreggiata a doppio senso;Asciutto;Asfaltata;Verticale ed orizzontale;Sereno;Scarso;Sufficiente;;0;0;0;1;;;0;1;Autovettura privata;In marcia / fermata / arresto;Conducente;;Illeso;0;;;
6015828;1;18/06/2022 16:00:00;Strada Urbana;VIA MARIO DE FIORI;all'intersezione con;VIA DELLA VITE;VIA DELLA VITE;;;Scontro laterale fra veicoli in marcia;Intersezione non regolata/non segnalata;Una carreggiata a senso unico di marcia;Asciutto;In cubetti di porfido;Verticale;Sereno;Normale;Buona;;0;0;0;2;12.4815;41.9052;-1;1;Autovettura pubblica;In marcia / fermata / arresto;Conducente;M;Illeso;0;;Non accertato;Inesploso
6015828;1;18/06/2022 16:00:00;Strada Urbana;VIA MARIO DE FIORI;all'intersezione con;VIA DELLA VITE;VIA DELLA VITE;;;Scontro laterale fra veicoli in marcia;Intersezione non regolata/non segnalata;Una carreggiata a senso unico di marcia;Asciutto;In cubetti di porfido;Verticale;Sereno;Normale;Buona;;0;0;0;2;12.4815;41.9052;-1;2;Autovettura pubblica;In marcia / fermata / arresto;Conducente;M;Illeso;0;;Non utilizzato;Inesploso
6015906;23;19/06/2022 02:37:00;Strada Urbana;VIALE MARCO POLO;all'intersezione semaforizzata con;VIA LUIGI ROBECCHI BRICHETTI;VIA LUIGI ROBECCHI BRICHETTI;;;Veicolo in marcia contro ostacolo fisso;Intersezione semaforizzata;Due carreggiate;Asciutto;Asfaltata;Verticale ed orizzontale;Sereno;Scarso;Buona;;0;0;0;1;12.4893;41.8728;-1;1;Autovettura privata;Allontanatosi;Conducente;M;Illeso;0;;Non accertato;Inesploso
6015918;12;18/06/2022 20:40:00;Provinciale;VIA DI PRATICA;in prossimità;;della chilometrica;1;;Scontro laterale fra veicoli in marcia;Pendenza;Una carreggiata a doppio senso;Asciutto;Asfaltata;Verticale ed orizzontale;Sereno;Intenso;Sufficiente;;1;0;0;1;12.4452;41.6892;-1;1;Autovettura privata;In marcia / fermata / arresto;Conducente;M;Illeso;0;;Utilizzato;Inesploso
6015918;12;18/06/2022 20:40:00;Provinciale;VIA DI PRATICA;in prossimità;;della chilometrica;1;;Scontro laterale fra veicoli in marcia;Pendenza;Una carreggiata a doppio senso;Asciutto;Asfaltata;Verticale ed orizzontale;Sereno;Intenso;Sufficiente;;1;0;0;1;12.4452;41.6892;-1;2;Motociclo a solo;In marcia / fermata / arresto;Conducente;M;Rimandato;0;NON DECEDUTO;Utilizzato;
6015929;6;18/06/2022 11:30:00;Strada Urbana;VIA DEI CICLAMINI;all'intersezione con;VIA DEI GELSI;VIA DEI GELSI;;;Investimento di pedone;Incrocio;Una carreggiata a doppio senso;Asciutto;Asfaltata;Verticale ed orizzontale;Sereno;Scarso;Buona;;1;0;0;1;12.5672;41.8889;-1;;;;Pedone;M;Rifiuta cure immediate;0;NON DECEDUTO;;
6015929;6;18/06/2022 11:30:00;Strada Urbana;VIA DEI CICLAMINI;all'intersezione con;VIA DEI GELSI;VIA DEI GELSI;;;Investimento di pedone;Incrocio;Una carreggiata a doppio senso;Asciutto;Asfaltata;Verticale ed orizzontale;Sereno;Scarso;Buona;;1;0;0;1;12.5672;41.8889;-1;1;Autovettura privata;In marcia / fermata / arresto;Conducente;M;Illeso;0;;Non accertato;Inesploso
6015967;7;17/06/2022 11:15:00;Strada Urbana;VIALE PALMIRO TOGLIATTI;all'intersezione con;VIA MOLFETTA;VIA MOLFETTA;;;Scontro frontale/laterale DX fra veicoli in marcia;Intersezione semaforizzata;Due carreggiate;Asciutto;Asfaltata;Verticale ed orizzontale;Sereno;Normale;Buona;;1;0;0;1;12.5733;41.8872;-1;1;Autovettura privata;In marcia / fermata / arresto;Conducente;M;Illeso;0;;Non utilizzato;
6015967;7;17/06/2022 11:15:00;Strada Urbana;VIALE PALMIRO TOGLIATTI;all'intersezione con;VIA MOLFETTA;VIA MOLFETTA;;;Scontro frontale/laterale DX fra veicoli in marcia;Intersezione semaforizzata;Due carreggiate;Asciutto;Asfaltata;Verticale ed orizzontale;Sereno;Normale;Buona;;1;0;0;1;12.5733;41.8872;-1;2;Autovettura privata;In marcia / fermata / arresto;Conducente;M;Ricoverato;0;NON DECEDUTO;;
6015969;12;18/06/2022 14:45:00;Strada Urbana;VIA LAURENTINA;da specificare;;;;rotatoria via di Tor Pagnotta ;Scontro laterale fra veicoli in marcia;Rotatoria;Una carreggiata a senso unico di marcia;Asciutto;Asfaltata;Verticale ed orizzontale;Sereno;Normale;Buona;;2;0;0;3;12.4856;41.8103;-1;1;Autovettura privata;In marcia / fermata / arresto;Conducente;F;Illeso;0;;Utilizzato;Inesploso
6015969;12;18/06/2022 14:45:00;Strada Urbana;VIA LAURENTINA;da specificare;;;;rotatoria via di Tor Pagnotta ;Scontro laterale fra veicoli in marcia;Rotatoria;Una carreggiata a senso unico di marcia;Asciutto;Asfaltata;Verticale ed orizzontale;Sereno;Normale;Buona;;2;0;0;3;12.4856;41.8103;-1;1;Autovettura privata;In marcia / fermata / arresto;Passeggero;M;Illeso;0;;Utilizzato;Inesploso
6015969;12;18/06/2022 14:45:00;Strada Urbana;VIA LAURENTINA;da specificare;;;;rotatoria via di Tor Pagnotta ;Scontro laterale fra veicoli in marcia;Rotatoria;Una carreggiata a senso unico di marcia;Asciutto;Asfaltata;Verticale ed orizzontale;Sereno;Normale;Buona;;2;0;0;3;12.4856;41.8103;-1;2;Motociclo a solo;In marcia / fermata / arresto;Conducente;M;Rimandato;0;NON DECEDUTO;Utilizzato;
6015969;12;18/06/2022 14:45:00;Strada Urbana;VIA LAURENTINA;da specificare;;;;rotatoria via di Tor Pagnotta ;Scontro laterale fra veicoli in marcia;Rotatoria;Una carreggiata a senso unico di marcia;Asciutto;Asfaltata;Verticale ed orizzontale;Sereno;Normale;Buona;;2;0;0;3;12.4856;41.8103;-1;2;Motociclo a solo;In marcia / fermata / arresto;Passeggero;F;Rimandato;0;NON DECEDUTO;Utilizzato;
6015977;7;17/06/2022 16:40:00;Strada Urbana;VIA PRENESTINA;da specificare;;;;ALTEZZA LONGONI ROTATORIA FUORI ROMA;Scontro laterale fra veicoli in marcia;Rotatoria;Una carreggiata a senso unico di marcia;Asciutto;Asfaltata;Orizzontale;Sereno;Normale;Buona;;0;0;0;2;12.6043;41.8935;-1;1;Autocarro inferiore 35 q.;In marcia / fermata / arresto;Conducente;M;Illeso;0;;;
6015977;7;17/06/2022 16:40:00;Strada Urbana;VIA PRENESTINA;da specificare;;;;ALTEZZA LONGONI ROTATORIA FUORI ROMA;Scontro laterale fra veicoli in marcia;Rotatoria;Una carreggiata a senso unico di marcia;Asciutto;Asfaltata;Orizzontale;Sereno;Normale;Buona;;0;0;0;2;12.6043;41.8935;-1;2;Autovettura privata;In marcia / fermata / arresto;Conducente;M;Illeso;0;;;
6015980;12;17/06/2022 13:40:00;Strada Urbana;VIALE LUCA GAURICO;all'intersezione con;VIA FRATELLI LAURANA;VIA FRATELLI LAURANA;;;Scontro frontale/laterale DX fra veicoli in marcia;Incrocio;Due carreggiate;Asciutto;Asfaltata;Verticale ed orizzontale;Sereno;Scarso;Buona;;1;0;0;3;12.4927;41.8218;-1;1;Autovettura privata;In marcia / fermata / arresto;Conducente;M;Illeso;0;;;
6015980;12;17/06/2022 13:40:00;Strada Urbana;VIALE LUCA GAURICO;all'intersezione con;VIA FRATELLI LAURANA;VIA FRATELLI LAURANA;;;Scontro frontale/laterale DX fra veicoli in marcia;Incrocio;Due carreggiate;Asciutto;Asfaltata;Verticale ed orizzontale;Sereno;Scarso;Buona;;1;0;0;3;12.4927;41.8218;-1;1;Autovettura privata;In marcia / fermata / arresto;Passeggero;M;Rimandato;0;NON DECEDUTO;;
6015980;12;17/06/2022 13:40:00;Strada Urbana;VIALE LUCA GAURICO;all'intersezione con;VIA FRATELLI LAURANA;VIA FRATELLI LAURANA;;;Scontro frontale/laterale DX fra veicoli in marcia;Incrocio;Due carreggiate;Asciutto;Asfaltata;Verticale ed orizzontale;Sereno;Scarso;Buona;;1;0;0;3;12.4927;41.8218;-1;2;Veicolo speciale;In marcia / fermata / arresto;Conducente;M;Illeso;0;;;
6015980;12;17/06/2022 13:40:00;Strada Urbana;VIALE LUCA GAURICO;all'intersezione con;VIA FRATELLI LAURANA;VIA FRATELLI LAURANA;;;Scontro frontale/laterale DX fra veicoli in marcia;Incrocio;Due carreggiate;Asciutto;Asfaltata;Verticale ed orizzontale;Sereno;Scarso;Buona;;1;0;0;3;12.4927;41.8218;-1;2;Veicolo speciale;In marcia / fermata / arresto;Passeggero;F;Illeso;0;;Non accertato;
6015990;7;17/06/2022 13:25:00;Strada Urbana;VIALE ALESSANDRINO;in corrispondenza;;del civico n.;247;;Tamponamento;Rettilineo;Una carreggiata a doppio senso;Asciutto;Asfaltata;Orizzontale;Sereno;Normale;Buona;;0;0;0;3;12.579;41.8758;-1;1;Autovettura privata;In marcia / fermata / arresto;Conducente;M;Illeso;0;;;
6015990;7;17/06/2022 13:25:00;Strada Urbana;VIALE ALESSANDRINO;in corrispondenza;;del civico n.;247;;Tamponamento;Rettilineo;Una carreggiata a doppio senso;Asciutto;Asfaltata;Orizzontale;Sereno;Normale;Buona;;0;0;0;3;12.579;41.8758;-1;1;Autovettura privata;In marcia / fermata / arresto;Passeggero;M;Illeso;0;;;
6015990;7;17/06/2022 13:25:00;Strada Urbana;VIALE ALESSANDRINO;in corrispondenza;;del civico n.;247;;Tamponamento;Rettilineo;Una carreggiata a doppio senso;Asciutto;Asfaltata;Orizzontale;Sereno;Normale;Buona;;0;0;0;3;12.579;41.8758;-1;2;Autovettura privata;In marcia / fermata / arresto;Conducente;M;Illeso;0;;Non accertato;Inesploso
6016001;12;19/06/2022 02:00:00;Provinciale;VIA PONTINA;in prossimità;;della chilometrica;14;;Ribaltamento senza urto contro ostacolo fisso;Rettilineo;Due carreggiate;Asciutto;Asfaltata;Verticale ed orizzontale;Sereno;Scarso;Sufficiente;;0;0;0;1;12.4523;41.7939;-1;1;Autovettura privata;In marcia / fermata / arresto;Conducente;M;Illeso;0;;Non accertato;Esploso
6016003;6;18/06/2022 08:40:00;Strada Urbana;VIA ANAGNI;in prossimità;;del civico n.;132;;Tamponamento;Rettilineo;Una carreggiata a doppio senso;Asciutto;Asfaltata;Verticale ed orizzontale;Sereno;Normale;Buona;;0;0;0;2;12.5596;41.8903;-1;1;Autovettura privata;In marcia / fermata / arresto;Conducente;F;Illeso;0;;Non accertato;Inesploso
6016003;6;18/06/2022 08:40:00;Strada Urbana;VIA ANAGNI;in prossimità;;del civico n.;132;;Tamponamento;Rettilineo;Una carreggiata a doppio senso;Asciutto;Asfaltata;Verticale ed orizzontale;Sereno;Normale;Buona;;0;0;0;2;12.5596;41.8903;-1;2;Autovettura privata;In marcia / fermata / arresto;Conducente;F;Illeso;0;;Non accertato;Inesploso
6016011;12;18/06/2022 00:03:00;Strada Urbana;VIALE PASTEUR;in prossimità;;del civico n.;82;;Scontro laterale fra veicoli in marcia;Rettilineo;Una carreggiata a senso unico di marcia;Asciutto;Asfaltata;Verticale ed orizzontale;Sereno;Scarso;Buona;;0;0;0;2;12.4625;41.8316;-1;1;Autovettura privata;In marcia / fermata / arresto;Conducente;M;Illeso;0;;;
6016011;12;18/06/2022 00:03:00;Strada Urbana;VIALE PASTEUR;in prossimità;;del civico n.;82;;Scontro laterale fra veicoli in marcia;Rettilineo;Una carreggiata a senso unico di marcia;Asciutto;Asfaltata;Verticale ed orizzontale;Sereno;Scarso;Buona;;0;0;0;2;12.4625;41.8316;-1;2;Autovettura privata;In marcia / fermata / arresto;Conducente;M;Illeso;0;;;
6016013;7;17/06/2022 20:30:00;Strada Urbana;VIA CASILINA;in corrispondenza;;del civico n.;900;;Scontro laterale fra veicoli in marcia;Rettilineo;Due carreggiate;Asciutto;Asfaltata;Verticale;Sereno;Normale;Buona;;0;0;0;2;12.5692;41.874;-1;1;Autovettura privata;In marcia / fermata / arresto;Conducente;M;Illeso;0;;Non accertato;Inesploso
6016013;7;17/06/2022 20:30:00;Strada Urbana;VIA CASILINA;in corrispondenza;;del civico n.;900;;Scontro laterale fra veicoli in marcia;Rettilineo;Due carreggiate;Asciutto;Asfaltata;Verticale;Sereno;Normale;Buona;;0;0;0;2;12.5692;41.874;-1;2;Veicolo speciale;In marcia / fermata / arresto;Conducente;M;Illeso;0;;;
6016020;6;19/06/2022 07:05:00;Strada Urbana;VIA SAMPIERO DI BASTELICA;in prossimità;;del civico n.;116;;Veicolo in marcia contro veicoli in sosta;Rettilineo;Una carreggiata a senso unico di marcia;Asciutto;Asfaltata;Verticale ed orizzontale;Sereno;Normale;Buona;;1;0;0;1;12.5416;41.8909;-1;1;Autovettura privata;In marcia / fermata / arresto;Conducente;F;Illeso;0;;Non accertato;Inesploso
6016020;6;19/06/2022 07:05:00;Strada Urbana;VIA SAMPIERO DI BASTELICA;in prossimità;;del civico n.;116;;Veicolo in marcia contro veicoli in sosta;Rettilineo;Una carreggiata a senso unico di marcia;Asciutto;Asfaltata;Verticale ed orizzontale;Sereno;Normale;Buona;;1;0;0;1;12.5416;41.8909;-1;1;Autovettura privata;In marcia / fermata / arresto;Passeggero;M;Rimandato;0;NON DECEDUTO;Non accertato;Inesploso
6016020;6;19/06/2022 07:05:00;Strada Urbana;VIA SAMPIERO DI BASTELICA;in prossimità;;del civico n.;116;;Veicolo in marcia contro veicoli in sosta;Rettilineo;Una carreggiata a senso unico di marcia;Asciutto;Asfaltata;Verticale ed orizzontale;Sereno;Normale;Buona;;1;0;0;1;12.5416;41.8909;-1;2;Autocarro inferiore 35 q.;Sosta;;;;;;;
6016020;6;19/06/2022 07:05:00;Strada Urbana;VIA SAMPIERO DI BASTELICA;in prossimità;;del civico n.;116;;Veicolo in marcia contro veicoli in sosta;Rettilineo;Una carreggiata a senso unico di marcia;Asciutto;Asfaltata;Verticale ed orizzontale;Sereno;Normale;Buona;;1;0;0;1;12.5416;41.8909;-1;3;Autovettura privata;Sosta;;;;;;;
6016020;6;19/06/2022 07:05:00;Strada Urbana;VIA SAMPIERO DI BASTELICA;in prossimità;;del civico n.;116;;Veicolo in marcia contro veicoli in sosta;Rettilineo;Una carreggiata a senso unico di marcia;Asciutto;Asfaltata;Verticale ed orizzontale;Sereno;Normale;Buona;;1;0;0;1;12.5416;41.8909;-1;4;Autovettura privata;Sosta;;;;;;;
6016027;7;18/06/2022 10:15:00;Strada Urbana;VIA TOR DE' SCHIAVI;all'intersezione con;VIA DEI GLICINI;VIA DEI GLICINI;;;Scontro frontale/laterale SX fra veicoli in marcia;Incrocio;Una carreggiata a doppio senso;Asciutto;Asfaltata;Verticale ed orizzontale;Sereno;Normale;Sufficiente;;0;0;0;4;12.5638;41.8797;-1;1;Autovettura privata;In marcia / fermata / arresto;Conducente;M;Illeso;0;;;
6016027;7;18/06/2022 10:15:00;Strada Urbana;VIA TOR DE' SCHIAVI;all'intersezione con;VIA DEI GLICINI;VIA DEI GLICINI;;;Scontro frontale/laterale SX fra veicoli in marcia;Incrocio;Una carreggiata a doppio senso;Asciutto;Asfaltata;Verticale ed orizzontale;Sereno;Normale;Sufficiente;;0;0;0;4;12.5638;41.8797;-1;1;Autovettura privata;In marcia / fermata / arresto;Passeggero;M;Illeso;0;;Non accertato;Inesploso
6016027;7;18/06/2022 10:15:00;Strada Urbana;VIA TOR DE' SCHIAVI;all'intersezione con;VIA DEI GLICINI;VIA DEI GLICINI;;;Scontro frontale/laterale SX fra veicoli in marcia;Incrocio;Una carreggiata a doppio senso;Asciutto;Asfaltata;Verticale ed orizzontale;Sereno;Normale;Sufficiente;;0;0;0;4;12.5638;41.8797;-1;2;Autovettura privata;In marcia / fermata / arresto;Conducente;M;Illeso;0;;Non accertato;Inesploso
6016027;7;18/06/2022 10:15:00;Strada Urbana;VIA TOR DE' SCHIAVI;all'intersezione con;VIA DEI GLICINI;VIA DEI GLICINI;;;Scontro frontale/laterale SX fra veicoli in marcia;Incrocio;Una carreggiata a doppio senso;Asciutto;Asfaltata;Verticale ed orizzontale;Sereno;Normale;Sufficiente;;0;0;0;4;12.5638;41.8797;-1;2;Autovettura privata;In marcia / fermata / arresto;Passeggero;F;Illeso;0;;;
6016045;12;19/06/2022 11:30:00;Statale;VIA PONTINA;in prossimità;;della chilometrica;17;;Tamponamento Multiplo;Rettilineo;Due carreggiate;Asciutto;Asfaltata;Verticale ed orizzontale;Sereno;Intenso;Buona;;2;0;0;15;12.4523;41.7939;-1;1;Autovettura privata;In marcia / fermata / arresto;Conducente;M;Illeso;0;;Non accertato;Inesploso
6016045;12;19/06/2022 11:30:00;Statale;VIA PONTINA;in prossimità;;della chilometrica;17;;Tamponamento Multiplo;Rettilineo;Due carreggiate;Asciutto;Asfaltata;Verticale ed orizzontale;Sereno;Intenso;Buona;;2;0;0;15;12.4523;41.7939;-1;2;Autovettura privata;In marcia / fermata / arresto;Conducente;M;Illeso;0;;;
6016045;12;19/06/2022 11:30:00;Statale;VIA PONTINA;in prossimità;;della chilometrica;17;;Tamponamento Multiplo;Rettilineo;Due carreggiate;Asciutto;Asfaltata;Verticale ed orizzontale;Sereno;Intenso;Buona;;2;0;0;15;12.4523;41.7939;-1;2;Autovettura privata;In marcia / fermata / arresto;Passeggero;F;Rimandato;0;NON DECEDUTO;Non accertato;Inesploso
6016045;12;19/06/2022 11:30:00;Statale;VIA PONTINA;in prossimità;;della chilometrica;17;;Tamponamento Multiplo;Rettilineo;Due carreggiate;Asciutto;Asfaltata;Verticale ed orizzontale;Sereno;Intenso;Buona;;2;0;0;15;12.4523;41.7939;-1;2;Autovettura privata;In marcia / fermata / arresto;Passeggero;M;Illeso;0;;;
6016045;12;19/06/2022 11:30:00;Statale;VIA PONTINA;in prossimità;;della chilometrica;17;;Tamponamento Multiplo;Rettilineo;Due carreggiate;Asciutto;Asfaltata;Verticale ed orizzontale;Sereno;Intenso;Buona;;2;0;0;15;12.4523;41.7939;-1;2;Autovettura privata;In marcia / fermata / arresto;Passeggero;F;Illeso;0;;Non accertato;Inesploso
6016045;12;19/06/2022 11:30:00;Statale;VIA PONTINA;in prossimità;;della chilometrica;17;;Tamponamento Multiplo;Rettilineo;Due carreggiate;Asciutto;Asfaltata;Verticale ed orizzontale;Sereno;Intenso;Buona;;2;0;0;15;12.4523;41.7939;-1;3;Autovettura privata;In marcia / fermata / arresto;Conducente;M;Illeso;0;;Non accertato;Inesploso
6016045;12;19/06/2022 11:30:00;Statale;VIA PONTINA;in prossimità;;della chilometrica;17;;Tamponamento Multiplo;Rettilineo;Due carreggiate;Asciutto;Asfaltata;Verticale ed orizzontale;Sereno;Intenso;Buona;;2;0;0;15;12.4523;41.7939;-1;3;Autovettura privata;In marcia / fermata / arresto;Passeggero;F;Illeso;0;;Non accertato;Inesploso
6016045;12;19/06/2022 11:30:00;Statale;VIA PONTINA;in prossimità;;della chilometrica;17;;Tamponamento Multiplo;Rettilineo;Due carreggiate;Asciutto;Asfaltata;Verticale ed orizzontale;Sereno;Intenso;Buona;;2;0;0;15;12.4523;41.7939;-1;3;Autovettura privata;In marcia / fermata / arresto;Passeggero;F;Illeso;0;;Non accertato;Inesploso
6016045;12;19/06/2022 11:30:00;Statale;VIA PONTINA;in prossimità;;della chilometrica;17;;Tamponamento Multiplo;Rettilineo;Due carreggiate;Asciutto;Asfaltata;Verticale ed orizzontale;Sereno;Intenso;Buona;;2;0;0;15;12.4523;41.7939;-1;3;Autovettura privata;In marcia / fermata / arresto;Passeggero;M;Illeso;0;;Non accertato;Inesploso
6016045;12;19/06/2022 11:30:00;Statale;VIA PONTINA;in prossimità;;della chilometrica;17;;Tamponamento Multiplo;Rettilineo;Due carreggiate;Asciutto;Asfaltata;Verticale ed orizzontale;Sereno;Intenso;Buona;;2;0;0;15;12.4523;41.7939;-1;3;Autovettura privata;In marcia / fermata / arresto;Passeggero;F;Illeso;0;;Non accertato;Inesploso
6016045;12;19/06/2022 11:30:00;Statale;VIA PONTINA;in prossimità;;della chilometrica;17;;Tamponamento Multiplo;Rettilineo;Due carreggiate;Asciutto;Asfaltata;Verticale ed orizzontale;Sereno;Intenso;Buona;;2;0;0;15;12.4523;41.7939;-1;4;Autovettura privata;In marcia / fermata / arresto;Conducente;M;Illeso;0;;Non accertato;Inesistente
6016045;12;19/06/2022 11:30:00;Statale;VIA PONTINA;in prossimità;;della chilometrica;17;;Tamponamento Multiplo;Rettilineo;Due carreggiate;Asciutto;Asfaltata;Verticale ed orizzontale;Sereno;Intenso;Buona;;2;0;0;15;12.4523;41.7939;-1;4;Autovettura privata;In marcia / fermata / arresto;Passeggero;F;Illeso;0;;Non accertato;Inesploso
6016045;12;19/06/2022 11:30:00;Statale;VIA PONTINA;in prossimità;;della chilometrica;17;;Tamponamento Multiplo;Rettilineo;Due carreggiate;Asciutto;Asfaltata;Verticale ed orizzontale;Sereno;Intenso;Buona;;2;0;0;15;12.4523;41.7939;-1;4;Autovettura privata;In marcia / fermata / arresto;Passeggero;F;Rimandato;0;NON DECEDUTO;Non accertato;Inesploso
6016045;12;19/06/2022 11:30:00;Statale;VIA PONTINA;in prossimità;;della chilometrica;17;;Tamponamento Multiplo;Rettilineo;Due carreggiate;Asciutto;Asfaltata;Verticale ed orizzontale;Sereno;Intenso;Buona;;2;0;0;15;12.4523;41.7939;-1;4;Autovettura privata;In marcia / fermata / arresto;Passeggero;F;Illeso;0;;Non accertato;Inesploso
6016045;12;19/06/2022 11:30:00;Statale;VIA PONTINA;in prossimità;;della chilometrica;17;;Tamponamento Multiplo;Rettilineo;Due carreggiate;Asciutto;Asfaltata;Verticale ed orizzontale;Sereno;Intenso;Buona;;2;0;0;15;12.4523;41.7939;-1;4;Autovettura privata;In marcia / fermata / arresto;Passeggero;M;Illeso;0;;Non accertato;Inesploso
6016045;12;19/06/2022 11:30:00;Statale;VIA PONTINA;in prossimità;;della chilometrica;17;;Tamponamento Multiplo;Rettilineo;Due carreggiate;Asciutto;Asfaltata;Verticale ed orizzontale;Sereno;Intenso;Buona;;2;0;0;15;12.4523;41.7939;-1;5;Autovettura privata;In marcia / fermata / arresto;Conducente;M;Illeso;0;;;
6016045;12;19/06/2022 11:30:00;Statale;VIA PONTINA;in prossimità;;della chilometrica;17;;Tamponamento Multiplo;Rettilineo;Due carreggiate;Asciutto;Asfaltata;Verticale ed orizzontale;Sereno;Intenso;Buona;;2;0;0;15;12.4523;41.7939;-1;5;Autovettura privata;In marcia / fermata / arresto;Passeggero;F;Illeso;0;;Non accertato;Inesploso
6016050;7;18/06/2022 05:30:00;Strada Urbana;VIA DEI CICLAMINI;all'intersezione con;VIA FEDERICO DELPINO;VIA FEDERICO DELPINO;;;Scontro frontale/laterale SX fra veicoli in marcia;Intersezione stradale segnalata;Una carreggiata a doppio senso;Asciutto;Asfaltata;Verticale ed orizzontale;Sereno;Scarso;Buona;;2;0;0;2;12.5663;41.8914;-1;1;Autovettura privata;In marcia / fermata / arresto;Conducente;M;Rimandato;0;NON DECEDUTO;Non accertato;Esploso
6016050;7;18/06/2022 05:30:00;Strada Urbana;VIA DEI CICLAMINI;all'intersezione con;VIA FEDERICO DELPINO;VIA FEDERICO DELPINO;;;Scontro frontale/laterale SX fra veicoli in marcia;Intersezione stradale segnalata;Una carreggiata a doppio senso;Asciutto;Asfaltata;Verticale ed orizzontale;Sereno;Scarso;Buona;;2;0;0;2;12.5663;41.8914;-1;1;Autovettura privata;In marcia / fermata / arresto;Passeggero;F;Illeso;0;;;
6016050;7;18/06/2022 05:30:00;Strada Urbana;VIA DEI CICLAMINI;all'intersezione con;VIA FEDERICO DELPINO;VIA FEDERICO DELPINO;;;Scontro frontale/laterale SX fra veicoli in marcia;Intersezione stradale segnalata;Una carreggiata a doppio senso;Asciutto;Asfaltata;Verticale ed orizzontale;Sereno;Scarso;Buona;;2;0;0;2;12.5663;41.8914;-1;1;Autovettura privata;In marcia / fermata / arresto;Passeggero;M;Rimandato;0;NON DECEDUTO;Non accertato;
6016050;7;18/06/2022 05:30:00;Strada Urbana;VIA DEI CICLAMINI;all'intersezione con;VIA FEDERICO DELPINO;VIA FEDERICO DELPINO;;;Scontro frontale/laterale SX fra veicoli in marcia;Intersezione stradale segnalata;Una carreggiata a doppio senso;Asciutto;Asfaltata;Verticale ed orizzontale;Sereno;Scarso;Buona;;2;0;0;2;12.5663;41.8914;-1;2;Autovettura privata;In marcia / fermata / arresto;Conducente;M;Illeso;0;;Non accertato;Esploso
6016067;7;18/06/2022 19:00:00;Strada Urbana;VIA DI TOR SAPIENZA;in corrispondenza;;del civico n.;35;;Investimento di pedone;Rettilineo;Una carreggiata a doppio senso;Asciutto;Asfaltata;Verticale ed orizzontale;Sereno;Normale;Buona;;1;0;0;5;12.5907;41.9012;-1;;;;Pedone;M;Rimandato;0;NON DECEDUTO;;
6016067;7;18/06/2022 19:00:00;Strada Urbana;VIA DI TOR SAPIENZA;in corrispondenza;;del civico n.;35;;Investimento di pedone;Rettilineo;Una carreggiata a doppio senso;Asciutto;Asfaltata;Verticale ed orizzontale;Sereno;Normale;Buona;;1;0;0;5;12.5907;41.9012;-1;1;Autovettura privata;In marcia / fermata / arresto;Conducente;M;Illeso;0;;Non accertato;Inesploso
6016067;7;18/06/2022 19:00:00;Strada Urbana;VIA DI TOR SAPIENZA;in corrispondenza;;del civico n.;35;;Investimento di pedone;Rettilineo;Una carreggiata a doppio senso;Asciutto;Asfaltata;Verticale ed orizzontale;Sereno;Normale;Buona;;1;0;0;5;12.5907;41.9012;-1;1;Autovettura privata;In marcia / fermata / arresto;Passeggero;M;Illeso;0;;Non accertato;Inesploso
6016067;7;18/06/2022 19:00:00;Strada Urbana;VIA DI TOR SAPIENZA;in corrispondenza;;del civico n.;35;;Investimento di pedone;Rettilineo;Una carreggiata a doppio senso;Asciutto;Asfaltata;Verticale ed orizzontale;Sereno;Normale;Buona;;1;0;0;5;12.5907;41.9012;-1;1;Autovettura privata;In marcia / fermata / arresto;Passeggero;F;Illeso;0;;Non accertato;Inesploso
6016067;7;18/06/2022 19:00:00;Strada Urbana;VIA DI TOR SAPIENZA;in corrispondenza;;del civico n.;35;;Investimento di pedone;Rettilineo;Una carreggiata a doppio senso;Asciutto;Asfaltata;Verticale ed orizzontale;Sereno;Normale;Buona;;1;0;0;5;12.5907;41.9012;-1;1;Autovettura privata;In marcia / fermata / arresto;Passeggero;M;Illeso;0;;Non accertato;Inesploso