Protocollo;Gruppo;DataOraIncidente;Localizzazione1;STRADA1;Localizzazione2;STRADA2;Strada02;Chilometrica;DaSpecificare;NaturaIncidente;particolaritastrade;TipoStrada;FondoStradale;Pavimentazione;Segnaletica;CondizioneAtmosferica;Traffico;Visibilita;Illuminazione;NUM_FERITI;NUM_RISERVATA;NUM_MORTI;NUM_ILLESI;Longitude;Latitude;Confermato;Progressivo;TipoVeicolo;StatoVeicolo;TipoPersona;Sesso;Tipolesione;Deceduto;DecedutoDopo;CinturaCascoUtilizzato;Airbag;
6016816;18;18/06/2022 18:10:00;Strada Urbana;VIA MATTIA BATTISTINI;all'intersezione semaforizzata con;VIA DEL FORTE BRASCHI;VIA DEL FORTE BRASCHI;;;Scontro laterale fra veicoli in marcia;Intersezione semaforizzata;Una carreggiata a doppio senso;Asciutto;Asfaltata;Verticale ed orizzontale;Sereno;Scarso;Buona;;1;0;0;3;12.4184;41.9139;-1;1;Autovettura privata;In marcia / fermata / arresto;Conducente;M;Illeso;0;;Non accertato;
6016816;18;18/06/2022 18:10:00;Strada Urbana;VIA MATTIA BATTISTINI;all'intersezione semaforizzata con;VIA DEL FORTE BRASCHI;VIA DEL FORTE BRASCHI;;;Scontro laterale fra veicoli in marcia;Intersezione semaforizzata;Una carreggiata a doppio senso;Asciutto;Asfaltata;Verticale ed orizzontale;Sereno;Scarso;Buona;;1;0;0;3;12.4184;41.9139;-1;1;Autovettura privata;In marcia / fermata / arresto;Passeggero;F;Illeso;0;;Non accertato;
6016816;18;18/06/2022 18:10:00;Strada Urbana;VIA MATTIA BATTISTINI;all'intersezione semaforizzata con;VIA DEL FORTE BRASCHI;VIA DEL FORTE BRASCHI;;;Scontro laterale fra veicoli in marcia;Intersezione semaforizzata;Una carreggiata a doppio senso;Asciutto;Asfaltata;Verticale ed orizzontale;Sereno;Scarso;Buona;;1;0;0;3;12.4184;41.9139;-1;1;Autovettura privata;In marcia / fermata / arresto;Passeggero;F;Illeso;0;;Non accertato;Inesploso
6016816;18;18/06/2022 18:10:00;Strada Urbana;VIA MATTIA BATTISTINI;all'intersezione semaforizzata con;VIA DEL FORTE BRASCHI;VIA DEL FORTE BRASCHI;;;Scontro laterale fra veicoli in marcia;Intersezione semaforizzata;Una carreggiata a doppio senso;Asciutto;Asfaltata;Verticale ed orizzontale;Sereno;Scarso;Buona;;1;0;0;3;12.4184;41.9139;-1;2;Motociclo a solo;In marcia / fermata / arresto;Conducente;M;Rifiuta cure immediate;0;NON DECEDUTO;Non accertato;
6016821;5;17/06/2022 08:30:00;Strada Urbana;LARGO DOMENICO DE DOMINICIS;in prossimità;;del civico n.;7;;Veicolo in marcia contro veicolo in sosta;Rettilineo;Una carreggiata a doppio senso;Asciutto;Asfaltata;Verticale ed orizzontale;Sereno;Normale;Buona;;0;0;0;1;12.5359;41.9029;-1;1;Autovettura privata;Sosta;;;;;;;
6016821;5;17/06/2022 08:30:00;Strada Urbana;LARGO DOMENICO DE DOMINICIS;in prossimità;;del civico n.;7;;Veicolo in marcia contro veicolo in sosta;Rettilineo;Una carreggiata a doppio senso;Asciutto;Asfaltata;Verticale ed orizzontale;Sereno;Normale;Buona;;0;0;0;1;12.5359;41.9029;-1;2;Autovettura privata;In marcia / fermata / arresto;Conducente;M;Illeso;0;;Non accertato;Inesploso
6016831;11;20/06/2022 01:15:00;Strada Urbana;VIA DEI GEORGOFILI;all'intersezione con;VIA DELL'ARCADIA;VIA DELL'ARCADIA;;;Scontro frontale/laterale DX fra veicoli in marcia;Incrocio;Una carreggiata a doppio senso;Asciutto;Asfaltata;Verticale ed orizzontale;Sereno;Scarso;Sufficiente;;2;0;0;0;12.4921;41.8533;-1;1;Autovettura privata;In marcia / fermata / arresto;Conducente;M;Rifiuta cure immediate;0;NON DECEDUTO;Non accertato;
6016831;11;20/06/2022 01:15:00;Strada Urbana;VIA DEI GEORGOFILI;all'intersezione con;VIA DELL'ARCADIA;VIA DELL'ARCADIA;;;Scontro frontale/laterale DX fra veicoli in marcia;Incrocio;Una carreggiata a doppio senso;Asciutto;Asfaltata;Verticale ed orizzontale;Sereno;Scarso;Sufficiente;;2;0;0;0;12.4921;41.8533;-1;2;Autovettura privata;In marcia / fermata / arresto;Conducente;M;Rifiuta cure immediate;0;NON DECEDUTO;Non accertato;
6016843;19;18/06/2022 17:35:00;Strada Urbana;VIA DI SELVA CANDIDA;in prossimità;;del civico n.;197;;Scontro frontale fra veicoli in marcia;Rettilineo;Una carreggiata a doppio senso;Asciutto;Asfaltata;Assente;Sereno;Normale;Buona;;2;0;0;1;12.3762;41.931;-1;1;Autovettura privata;In marcia / fermata / arresto;Conducente;M;Illeso;0;;;
6016843;19;18/06/2022 17:35:00;Strada Urbana;VIA DI SELVA CANDIDA;in prossimità;;del civico n.;197;;Scontro frontale fra veicoli in marcia;Rettilineo;Una carreggiata a doppio senso;Asciutto;Asfaltata;Assente;Sereno;Normale;Buona;;2;0;0;1;12.3762;41.931;-1;2;Motociclo a solo;In marcia / fermata / arresto;Conducente;M;Rimandato;0;NON DECEDUTO;;
6016843;19;18/06/2022 17:35:00;Strada Urbana;VIA DI SELVA CANDIDA;in prossimità;;del civico n.;197;;Scontro frontale fra veicoli in marcia;Rettilineo;Una carreggiata a doppio senso;Asciutto;Asfaltata;Assente;Sereno;Normale;Buona;;2;0;0;1;12.3762;41.931;-1;2;Motociclo a solo;In marcia / fermata / arresto;Passeggero;F;Rimandato;0;NON DECEDUTO;;
6016847;18;18/06/2022 12:25:00;Strada Urbana;VIA DI BOCCEA;in corrispondenza;;del civico n.;116;;Veicolo in marcia contro veicoli in sosta;Rettilineo;Una carreggiata a doppio senso;Asciutto;Asfaltata;Verticale ed orizzontale;Sereno;Normale;Buona;;0;0;0;4;12.425;41.9023;-1;1;Autovettura privata;In marcia / fermata / arresto;Conducente;M;Illeso;0;;Non accertato;
6016847;18;18/06/2022 12:25:00;Strada Urbana;VIA DI BOCCEA;in corrispondenza;;del civico n.;116;;Veicolo in marcia contro veicoli in sosta;Rettilineo;Una carreggiata a doppio senso;Asciutto;Asfaltata;Verticale ed orizzontale;Sereno;Normale;Buona;;0;0;0;4;12.425;41.9023;-1;1;Autovettura privata;In marcia / fermata / arresto;Passeggero;F;Illeso;0;;Non utilizzato;Inesploso
6016847;18;18/06/2022 12:25:00;Strada Urbana;VIA DI BOCCEA;in corrispondenza;;del civico n.;116;;Veicolo in marcia contro veicoli in sosta;Rettilineo;Una carreggiata a doppio senso;Asciutto;Asfaltata;Verticale ed orizzontale;Sereno;Normale;Buona;;0;0;0;4;12.425;41.9023;-1;2;Autovettura privata;In marcia / fermata / arresto;Conducente;M;Illeso;0;;;Inesploso
6016847;18;18/06/2022 12:25:00;Strada Urbana;VIA DI BOCCEA;in corrispondenza;;del civico n.;116;;Veicolo in marcia contro veicoli in sosta;Rettilineo;Una carreggiata a doppio senso;Asciutto;Asfaltata;Verticale ed orizzontale;Sereno;Normale;Buona;;0;0;0;4;12.425;41.9023;-1;2;Autovettura privata;In marcia / fermata / arresto;Passeggero;F;Illeso;0;;Non accertato;Inesploso
6016854;5;17/06/2022 09:10:00;Strada Urbana;VIA TIBURTINA;da specificare;;;;F.C.1331;Scontro laterale fra veicoli in marcia;Rettilineo;Più di due carreggiate;Asciutto;Asfaltata;Orizzontale;Sereno;Normale;Buona;;0;0;0;2;12.6179;41.9372;-1;1;Autocarro inferiore 35 q.;In marcia / fermata / arresto;Conducente;M;Illeso;0;;Non accertato;Inesploso
6016854;5;17/06/2022 09:10:00;Strada Urbana;VIA TIBURTINA;da specificare;;;;F.C.1331;Scontro laterale fra veicoli in marcia;Rettilineo;Più di due carreggiate;Asciutto;Asfaltata;Orizzontale;Sereno;Normale;Buona;;0;0;0;2;12.6179;41.9372;-1;2;Motociclo a solo;In marcia / fermata / arresto;Conducente;M;Illeso;0;;Non accertato;
6016859;10;20/06/2022 07:05:00;Strada Urbana;VIA DEL CALICE;in corrispondenza;;del civico n.;54;;Scontro frontale/laterale DX fra veicoli in marcia;Rettilineo;Una carreggiata a doppio senso;Asciutto;Asfaltata;Verticale ed orizzontale;Sereno;Normale;Buona;;1;0;0;1;12.5639;41.8338;-1;1;Autovettura privata;In marcia / fermata / arresto;Conducente;F;Illeso;0;;;Inesploso
6016859;10;20/06/2022 07:05:00;Strada Urbana;VIA DEL CALICE;in corrispondenza;;del civico n.;54;;Scontro frontale/laterale DX fra veicoli in marcia;Rettilineo;Una carreggiata a doppio senso;Asciutto;Asfaltata;Verticale ed orizzontale;Sereno;Normale;Buona;;1;0;0;1;12.5639;41.8338;-1;2;Motociclo a solo;In marcia / fermata / arresto;Conducente;M;Rimandato;0;NON DECEDUTO;;
6016862;5;17/06/2022 17:30:00;Strada Urbana;VIALE PALMIRO TOGLIATTI;in prossimità;;del civico n.;1471;;Tamponamento;Rettilineo;Più di due carreggiate;Asciutto;Asfaltata;Verticale ed orizzontale;Sereno;Normale;Buona;;0;0;0;3;12.5715;41.9114;-1;1;Autovettura privata;In marcia / fermata / arresto;Conducente;F;Illeso;0;;Non accertato;Inesploso
6016862;5;17/06/2022 17:30:00;Strada Urbana;VIALE PALMIRO TOGLIATTI;in prossimità;;del civico n.;1471;;Tamponamento;Rettilineo;Più di due carreggiate;Asciutto;Asfaltata;Verticale ed orizzontale;Sereno;Normale;Buona;;0;0;0;3;12.5715;41.9114;-1;1;Autovettura privata;In marcia / fermata / arresto;Passeggero;M;Illeso;0;;Non accertato;Inesploso
6016862;5;17/06/2022 17:30:00;Strada Urbana;VIALE PALMIRO TOGLIATTI;in prossimità;;del civico n.;1471;;Tamponamento;Rettilineo;Più di due carreggiate;Asciutto;Asfaltata;Verticale ed orizzontale;Sereno;Normale;Buona;;0;0;0;3;12.5715;41.9114;-1;2;Autovettura privata;In marcia / fermata / arresto;Conducente;M;Illeso;0;;Non accertato;Inesploso
6016865;18;18/06/2022 18:10:00;Strada Urbana;VIA VERZUOLO;in corrispondenza;;del civico n.;47;;Scontro laterale fra veicoli in marcia;Rettilineo;Una carreggiata a senso unico di marcia;Asciutto;Asfaltata;Verticale ed orizzontale;Sereno;Scarso;Buona;;1;0;0;2;12.3755;41.918;-1;1;Motociclo con passeggero;In marcia / fermata / arresto;Conducente;F;Rimandato;0;NON DECEDUTO;;
6016865;18;18/06/2022 18:10:00;Strada Urbana;VIA VERZUOLO;in corrispondenza;;del civico n.;47;;Scontro laterale fra veicoli in marcia;Rettilineo;Una carreggiata a senso unico di marcia;Asciutto;Asfaltata;Verticale ed orizzontale;Sereno;Scarso;Buona;;1;0;0;2;12.3755;41.918;-1;1;Motociclo con passeggero;In marcia / fermata / arresto;Passeggero;M;Illeso;0;;Non accertato;
6016865;18;18/06/2022 18:10:00;Strada Urbana;VIA VERZUOLO;in corrispondenza;;del civico n.;47;;Scontro laterale fra veicoli in marcia;Rettilineo;Una carreggiata a senso unico di marcia;Asciutto;Asfaltata;Verticale ed orizzontale;Sereno;Scarso;Buona;;1;0;0;2;12.3755;41.918;-1;2;Autovettura privata;In marcia / fermata / arresto;Conducente;M;Illeso;0;;Non accertato;Inesploso
6016865;18;18/06/2022 18:10:00;Strada Urbana;VIA VERZUOLO;in corrispondenza;;del civico n.;47;;Scontro laterale fra veicoli in marcia;Rettilineo;Una carreggiata a senso unico di marcia;Asciutto;Asfaltata;Verticale ed orizzontale;Sereno;Scarso;Buona;;1;0;0;2;12.3755;41.918;-1;3;Autovettura privata;Sosta;;;;;;;
6016879;19;19/06/2022 08:10:00;Strada Urbana;VIA CARDINALE MERCATI;in corrispondenza;;del civico n.;23;;Veicolo in marcia contro veicolo in sosta;Rettilineo;Una carreggiata a senso unico di marcia;Asciutto;Asfaltata;Orizzontale;Sereno;Scarso;Buona;;0;0;0;1;12.4184;41.9206;-1;1;Autovettura privata;In marcia / fermata / arresto;Conducente;F;Illeso;0;;;
6016879;19;19/06/2022 08:10:00;Strada Urbana;VIA CARDINALE MERCATI;in corrispondenza;;del civico n.;23;;Veicolo in marcia contro veicolo in sosta;Rettilineo;Una carreggiata a senso unico di marcia;Asciutto;Asfaltata;Orizzontale;Sereno;Scarso;Buona;;0;0;0;1;12.4184;41.9206;-1;2;Autovettura privata;Sosta;;;;;;;
6016879;19;19/06/2022 08:10:00;Strada Urbana;VIA CARDINALE MERCATI;in corrispondenza;;del civico n.;23;;Veicolo in marcia contro veicolo in sosta;Rettilineo;Una carreggiata a senso unico di marcia;Asciutto;Asfaltata;Orizzontale;Sereno;Scarso;Buona;;0;0;0;1;12.4184;41.9206;-1;3;Autovettura privata;Sosta;;;;;;;
6016882;5;17/06/2022 18:20:00;Strada Urbana;VIA BELMONTE IN SABINA;da specificare;;;;inversione di marcia alt. uscita 12 dal GRA;Scontro laterale fra veicoli in marcia;Rettilineo;Due carreggiate;Asciutto;Asfaltata;Verticale ed orizzontale;Sereno;Normale;Buona;;0;0;0;2;12.5936;41.9464;-1;1;Autovettura privata;In marcia / fermata / arresto;Conducente;M;Illeso;0;;;
6016882;5;17/06/2022 18:20:00;Strada Urbana;VIA BELMONTE IN SABINA;da specificare;;;;inversione di marcia alt. uscita 12 dal GRA;Scontro laterale fra veicoli in marcia;Rettilineo;Due carreggiate;Asciutto;Asfaltata;Verticale ed orizzontale;Sereno;Normale;Buona;;0;0;0;2;12.5936;41.9464;-1;1;Autovettura privata;In marcia / fermata / arresto;Passeggero;F;Illeso;0;;;
6016882;5;17/06/2022 18:20:00;Strada Urbana;VIA BELMONTE IN SABINA;da specificare;;;;inversione di marcia alt. uscita 12 dal GRA;Scontro laterale fra veicoli in marcia;Rettilineo;Due carreggiate;Asciutto;Asfaltata;Verticale ed orizzontale;Sereno;Normale;Buona;;0;0;0;2;12.5936;41.9464;-1;2;Autovettura privata;Allontanatosi;;;;;;;
6016885;5;18/06/2022 12:05:00;Strada Urbana;VIA AMEDEO SOMMOVIGO;da specificare;;;;fronte civico 23;Scontro laterale fra veicoli in marcia;Rettilineo;Una carreggiata a doppio senso;Asciutto;Asfaltata;Assente;Sereno;Scarso;Buona;;0;0;0;2;12.5772;41.9109;-1;1;Autovettura privata;In marcia / fermata / arresto;Conducente;F;Illeso;0;;Non accertato;Inesploso
6016885;5;18/06/2022 12:05:00;Strada Urbana;VIA AMEDEO SOMMOVIGO;da specificare;;;;fronte civico 23;Scontro laterale fra veicoli in marcia;Rettilineo;Una carreggiata a doppio senso;Asciutto;Asfaltata;Assente;Sereno;Scarso;Buona;;0;0;0;2;12.5772;41.9109;-1;2;Autovettura privata;In marcia / fermata / arresto;Conducente;M;Illeso;0;;Non accertato;Inesploso
6016911;5;18/06/2022 09:00:00;Strada Urbana;VIA DI PORTONACCIO;all'intersezione con;VIA CASTELGUIDONE;VIA CASTELGUIDONE;;;Tamponamento;Intersezione semaforizzata;Due carreggiate;Asciutto;Asfaltata;Assente;Sereno;Normale;Buona;;0;0;0;3;12.5385;41.8986;-1;1;Autovettura privata;In marcia / fermata / arresto;Conducente;M;Illeso;0;;Non accertato;Inesploso
6016911;5;18/06/2022 09:00:00;Strada Urbana;VIA DI PORTONACCIO;all'intersezione con;VIA CASTELGUIDONE;VIA CASTELGUIDONE;;;Tamponamento;Intersezione semaforizzata;Due carreggiate;Asciutto;Asfaltata;Assente;Sereno;Normale;Buona;;0;0;0;3;12.5385;41.8986;-1;1;Autovettura privata;In marcia / fermata / arresto;Passeggero;M;Illeso;0;;Non accertato;Inesploso
6016911;5;18/06/2022 09:00:00;Strada Urbana;VIA DI PORTONACCIO;all'intersezione con;VIA CASTELGUIDONE;VIA CASTELGUIDONE;;;Tamponamento;Intersezione semaforizzata;Due carreggiate;Asciutto;Asfaltata;Assente;Sereno;Normale;Buona;;0;0;0;3;12.5385;41.8986;-1;2;Altro;In marcia / fermata / arresto;Conducente;M;Illeso;0;;Non accertato;Inesistente
6016912;18;18/06/2022 15:00:00;Strada Urbana;VIA BALDO DEGLI UBALDI;in corrispondenza;;del civico n.;133;;Veicolo in marcia contro veicolo in sosta;Rettilineo;Due carreggiate;Asciutto;Asfaltata;Verticale ed orizzontale;Sereno;Scarso;Buona;;0;0;0;2;12.4345;41.8993;-1;1;Autovettura privata;In marcia / fermata / arresto;Conducente;F;Illeso;0;;;
6016912;18;18/06/2022 15:00:00;Strada Urbana;VIA BALDO DEGLI UBALDI;in corrispondenza;;del civico n.;133;;Veicolo in marcia contro veicolo in sosta;Rettilineo;Due carreggiate;Asciutto;Asfaltata;Verticale ed orizzontale;Sereno;Scarso;Buona;;0;0;0;2;12.4345;41.8993;-1;1;Autovettura privata;In marcia / fermata / arresto;Passeggero;M;Illeso;0;;;
6016912;18;18/06/2022 15:00:00;Strada Urbana;VIA BALDO DEGLI UBALDI;in corrispondenza;;del civico n.;133;;Veicolo in marcia contro veicolo in sosta;Rettilineo;Due carreggiate;Asciutto;Asfaltata;Verticale ed orizzontale;Sereno;Scarso;Buona;;0;0;0;2;12.4345;41.8993;-1;2;Autovettura privata;Sosta;;;;;;;
6016943;18;19/06/2022 05:45:00;Strada Urbana;VIA GREGORIO VII;in prossimità;;del civico n.;136;;Veicolo in marcia contro veicolo in sosta;Rettilineo;Più di due carreggiate;Asciutto;Asfaltata;Verticale ed orizzontale;Sereno;Scarso;Buona;;1;0;0;0;12.4457;41.8958;-1;1;Autovettura privata;In marcia / fermata / arresto;Conducente;M;Rimandato;0;NON DECEDUTO;Non accertato;
6016943;18;19/06/2022 05:45:00;Strada Urbana;VIA GREGORIO VII;in prossimità;;del civico n.;136;;Veicolo in marcia contro veicolo in sosta;Rettilineo;Più di due carreggiate;Asciutto;Asfaltata;Verticale ed orizzontale;Sereno;Scarso;Buona;;1;0;0;0;12.4457;41.8958;-1;2;Autovettura privata;Sosta;;;;;;;
6016943;18;19/06/2022 05:45:00;Strada Urbana;VIA GREGORIO VII;in prossimità;;del civico n.;136;;Veicolo in marcia contro veicolo in sosta;Rettilineo;Più di due carreggiate;Asciutto;Asfaltata;Verticale ed orizzontale;Sereno;Scarso;Buona;;1;0;0;0;12.4457;41.8958;-1;3;Autovettura privata;Sosta;;;;;;;
6016944;19;19/06/2022 11:40:00;Strada Urbana;PIAZZA PIETRO THOUAR;in prossimità;;del civico n.;37;;Veicolo in marcia contro veicolo in sosta;Rettilineo;Una carreggiata a senso unico di marcia;Asciutto;Asfaltata;Verticale ed orizzontale;Sereno;Normale;Buona;;0;0;0;0;12.4214;41.9429;-1;1;Autovettura privata;Allontanatosi;;;;;;;
6016944;19;19/06/2022 11:40:00;Strada Urbana;PIAZZA PIETRO THOUAR;in prossimità;;del civico n.;37;;Veicolo in marcia contro veicolo in sosta;Rettilineo;Una carreggiata a senso unico di marcia;Asciutto;Asfaltata;Verticale ed orizzontale;Sereno;Normale;Buona;;0;0;0;0;12.4214;41.9429;-1;2;Autovettura privata;Sosta;;;;;;;
6016945;5;18/06/2022 11:20:00;Strada Urbana;VIA POGGIO BRACCIOLINI;all'intersezione con;VIA FRANCESCO POSTERLA;VIA FRANCESCO POSTERLA;;;Scontro frontale/laterale SX fra veicoli in marcia;Intersezione stradale segnalata;Una carreggiata a doppio senso;Asciutto;Asfaltata;Verticale ed orizzontale;Sereno;Scarso;Buona;;0;0;0;3;12.5715;41.9454;-1;1;Autovettura privata;In marcia / fermata / arresto;Conducente;F;Illeso;0;;Non accertato;Inesploso
6016945;5;18/06/2022 11:20:00;Strada Urbana;VIA POGGIO BRACCIOLINI;all'intersezione con;VIA FRANCESCO POSTERLA;VIA FRANCESCO POSTERLA;;;Scontro frontale/laterale SX fra veicoli in marcia;Intersezione stradale segnalata;Una carreggiata a doppio senso;Asciutto;Asfaltata;Verticale ed orizzontale;Sereno;Scarso;Buona;;0;0;0;3;12.5715;41.9454;-1;1;Autovettura privata;In marcia / fermata / arresto;Passeggero;M;Illeso;0;;Non accertato;Inesploso
6016945;5;18/06/2022 11:20:00;Strada Urbana;VIA POGGIO BRACCIOLINI;all'intersezione con;VIA FRANCESCO POSTERLA;VIA FRANCESCO POSTERLA;;;Scontro frontale/laterale SX fra veicoli in marcia;Intersezione stradale segnalata;Una carreggiata a doppio senso;Asciutto;Asfaltata;Verticale ed orizzontale;Sereno;Scarso;Buona;;0;0;0;3;12.5715;41.9454;-1;2;Autovettura privata;In marcia / fermata / arresto;Conducente;M;Illeso;0;;Non accertato;Inesploso
6016960;5;19/06/2022 14:30:00;Strada Urbana;VIA TIBURTINA;in prossimità;;del civico n.;994;;Scontro laterale fra veicoli in marcia;Rettilineo;Due carreggiate;Asciutto;Asfaltata;Verticale ed orizzontale;Sereno;Scarso;Buona;;0;0;0;3;12.5764;41.9284;-1;1;Autovettura privata;In marcia / fermata / arresto;Conducente;M;Illeso;0;;Non accertato;Inesploso
6016960;5;19/06/2022 14:30:00;Strada Urbana;VIA TIBURTINA;in prossimità;;del civico n.;994;;Scontro laterale fra veicoli in marcia;Rettilineo;Due carreggiate;Asciutto;Asfaltata;Verticale ed orizzontale;Sereno;Scarso;Buona;;0;0;0;3;12.5764;41.9284;-1;1;Autovettura privata;In marcia / fermata / arresto;Passeggero;F;Illeso;0;;Non accertato;Inesploso
6016960;5;19/06/2022 14:30:00;Strada Urbana;VIA TIBURTINA;in prossimità;;del civico n.;994;;Scontro laterale fra veicoli in marcia;Rettilineo;Due carreggiate;Asciutto;Asfaltata;Verticale ed orizzontale;Sereno;Scarso;Buona;;0;0;0;3;12.5764;41.9284;-1;2;Autovettura privata;In marcia / fermata / arresto;Conducente;F;Illeso;0;;Non accertato;Inesploso
6016961;18;18/06/2022 05:25:00;Strada Urbana;VIA DELLA STAZIONE DI S. PIETRO;da specificare;;;;FRONTE CIV. 53;Veicolo in marcia contro veicolo in sosta;Rettilineo;Una carreggiata a doppio senso;Asciutto;Asfaltata;Verticale ed orizzontale;Sereno;Scarso;Buona;;0;0;0;1;12.4554;41.8972;-1;1;Autovettura privata;In marcia / fermata / arresto;Conducente;M;Illeso;0;;;
6016961;18;18/06/2022 05:25:00;Strada Urbana;VIA DELLA STAZIONE DI S. PIETRO;da specificare;;;;FRONTE CIV. 53;Veicolo in marcia contro veicolo in sosta;Rettilineo;Una carreggiata a doppio senso;Asciutto;Asfaltata;Verticale ed orizzontale;Sereno;Scarso;Buona;;0;0;0;1;12.4554;41.8972;-1;2;Autovettura privata;Sosta;;;;;;;
6016975;18;18/06/2022 10:15:00;Strada Urbana;PIAZZA DI VILLA CARPEGNA;all'intersezione semaforizzata con;VIA DI TORRE ROSSA;VIA DI TORRE ROSSA;;;Scontro laterale fra veicoli in marcia;Intersezione semaforizzata;Una carreggiata a senso unico di marcia;Asciutto;Asfaltata;Verticale ed orizzontale;Sereno;Normale;Buona;;0;0;0;2;12.4296;41.8954;-1;1;Motociclo a solo;In marcia / fermata / arresto;Conducente;M;Illeso;0;;Non accertato;
6016975;18;18/06/2022 10:15:00;Strada Urbana;PIAZZA DI VILLA CARPEGNA;all'intersezione semaforizzata con;VIA DI TORRE ROSSA;VIA DI TORRE ROSSA;;;Scontro laterale fra veicoli in marcia;Intersezione semaforizzata;Una carreggiata a senso unico di marcia;Asciutto;Asfaltata;Verticale ed orizzontale;Sereno;Normale;Buona;;0;0;0;2;12.4296;41.8954;-1;2;Autovettura pubblica;In marcia / fermata / arresto;Conducente;M;Illeso;0;;Non accertato;
6017004;12;20/06/2022 02:30:00;Provinciale;VIA PONTINA;da specificare;;;;km 22,900 direz. Pomezia;Veicolo in marcia contro ostacolo fisso;Pianeggiante;Una carreggiata a senso unico alternato;Asciutto;Asfaltata;Verticale ed orizzontale;Sereno;Scarso;Insufficiente;;0;0;0;1;12.4523;41.7939;-1;1;Autovettura privata;In marcia / fermata / arresto;Conducente;M;Illeso;0;;Non accertato;Inesploso
6017056;18;19/06/2022 09:30:00;Strada Urbana;VIA GREGORIO VII;all'intersezione con;VIA INNOCENZO XI;VIA INNOCENZO XI;;;Scontro frontale/laterale SX fra veicoli in marcia;Intersezione semaforizzata;Più di due carreggiate;Asciutto;Asfaltata;Verticale ed orizzontale;Sereno;Normale;Buona;;0;0;0;3;12.4401;41.8959;-1;1;Autovettura privata;In marcia / fermata / arresto;Conducente;F;Illeso;0;;Non accertato;Inesploso
6017056;18;19/06/2022 09:30:00;Strada Urbana;VIA GREGORIO VII;all'intersezione con;VIA INNOCENZO XI;VIA INNOCENZO XI;;;Scontro frontale/laterale SX fra veicoli in marcia;Intersezione semaforizzata;Più di due carreggiate;Asciutto;Asfaltata;Verticale ed orizzontale;Sereno;Normale;Buona;;0;0;0;3;12.4401;41.8959;-1;2;Autovettura privata;In marcia / fermata / arresto;Conducente;F;Illeso;0;;Non accertato;Inesploso
6017056;18;19/06/2022 09:30:00;Strada Urbana;VIA GREGORIO VII;all'intersezione con;VIA INNOCENZO XI;VIA INNOCENZO XI;;;Scontro frontale/laterale SX fra veicoli in marcia;Intersezione semaforizzata;Più di due carreggiate;Asciutto;Asfaltata;Verticale ed orizzontale;Sereno;Normale;Buona;;0;0;0;3;12.4401;41.8959;-1;2;Autovettura privata;In marcia / fermata / arresto;Passeggero;M;Illeso;0;;Non accertato;Inesploso
6017064;16;17/06/2022 15:15:00;Strada Urbana;VIA DEL CASALE LUMBROSO;da specificare;;;;FRONTE CIVICO 6/E;Veicolo in marcia contro ostacolo accidentale;Rettilineo;Una carreggiata a doppio senso;Asciutto;Asfaltata;Verticale ed orizzontale;Sereno;Normale;Buona;;1;0;0;2;12.3601;41.8671;-1;1;Autovettura privata;In marcia / fermata / arresto;Conducente;F;Illeso;0;;Non accertato;Inesploso
6017064;16;17/06/2022 15:15:00;Strada Urbana;VIA DEL CASALE LUMBROSO;da specificare;;;;FRONTE CIVICO 6/E;Veicolo in marcia contro ostacolo accidentale;Rettilineo;Una carreggiata a doppio senso;Asciutto;Asfaltata;Verticale ed orizzontale;Sereno;Normale;Buona;;1;0;0;2;12.3601;41.8671;-1;1;Autovettura privata;In marcia / fermata / arresto;Passeggero;F;Rimandato;0;NON DECEDUTO;Non accertato;Inesploso
6017064;16;17/06/2022 15:15:00;Strada Urbana;VIA DEL CASALE LUMBROSO;da specificare;;;;FRONTE CIVICO 6/E;Veicolo in marcia contro ostacolo accidentale;Rettilineo;Una carreggiata a doppio senso;Asciutto;Asfaltata;Verticale ed orizzontale;Sereno;Normale;Buona;;1;0;0;2;12.3601;41.8671;-1;2;Autocarro superiore 35 q.;In marcia / fermata / arresto;Conducente;M;Illeso;0;;Non accertato;Inesistente
6017081;18;19/06/2022 09:50:00;Strada Urbana;VIA GREGORIO VII;in prossimità;;del civico n.;202;;Veicolo in marcia contro ostacolo accidentale;Rettilineo;Più di due carreggiate;Asciutto;Asfaltata;Verticale ed orizzontale;Sereno;Normale;Buona;;0;0;0;1;12.4424;41.8966;-1;1;Autovettura di polizia;In marcia / fermata / arresto;Conducente;M;Illeso;0;;Non accertato;Inesploso
6017097;17;19/06/2022 00:45:00;Strada Urbana;LUNGOTEVERE DELLA VITTORIA;in corrispondenza;;del civico n.;31;;Veicolo in marcia contro ostacolo accidentale;Rettilineo;Una carreggiata a doppio senso;Asciutto;Asfaltata;Verticale ed orizzontale;Sereno;Intenso;Sufficiente;;0;0;0;4;12.4607;41.9231;-1;1;Autovettura privata;In marcia / fermata / arresto;Conducente;M;Illeso;0;;;