Protocollo;Gruppo;DataOraIncidente;Localizzazione1;STRADA1;Localizzazione2;STRADA2;Strada02;Chilometrica;DaSpecificare;NaturaIncidente;particolaritastrade;TipoStrada;FondoStradale;Pavimentazione;Segnaletica;CondizioneAtmosferica;Traffico;Visibilita;Illuminazione;NUM_FERITI;NUM_RISERVATA;NUM_MORTI;NUM_ILLESI;Longitude;Latitude;Confermato;Progressivo;TipoVeicolo;StatoVeicolo;TipoPersona;Sesso;Tipolesione;Deceduto;DecedutoDopo;CinturaCascoUtilizzato;Airbag;
6028006;9;27/06/2022 14:10:00;Strada Urbana;VIA DELL'ARCO DI TRAVERTINO;da specificare;;;;fronte civico 18;Scontro laterale fra veicoli in marcia;Rettilineo;Due carreggiate;Asciutto;Asfaltata;Verticale ed orizzontale;Sereno;Normale;Buona;;0;0;0;2;12.5372;41.8687;-1;1;Autovettura privata;In marcia / fermata / arresto;Conducente;M;Illeso;0;;Non accertato;Inesploso
6028006;9;27/06/2022 14:10:00;Strada Urbana;VIA DELL'ARCO DI TRAVERTINO;da specificare;;;;fronte civico 18;Scontro laterale fra veicoli in marcia;Rettilineo;Due carreggiate;Asciutto;Asfaltata;Verticale ed orizzontale;Sereno;Normale;Buona;;0;0;0;2;12.5372;41.8687;-1;2;Autovettura privata;In marcia / fermata / arresto;Conducente;F;Illeso;0;;Non accertato;Inesploso
6028007;18;27/06/2022 09:50:00;Strada Urbana;VIA DELLE FORNACI;in prossimità;;del civico n.;140;;Scontro frontale fra veicoli in marcia;Pendenza;Una carreggiata a doppio senso;Asciutto;Asfaltata;Verticale ed orizzontale;Sereno;Normale;Buona;;3;0;0;0;12.4571;41.8951;-1;1;Ciclomotore;In marcia / fermata / arresto;Conducente;F;Rimandato;0;NON DECEDUTO;Non accertato;
6028007;18;27/06/2022 09:50:00;Strada Urbana;VIA DELLE FORNACI;in prossimità;;del civico n.;140;;Scontro frontale fra veicoli in marcia;Pendenza;Una carreggiata a doppio senso;Asciutto;Asfaltata;Verticale ed orizzontale;Sereno;Normale;Buona;;3;0;0;0;12.4571;41.8951;-1;2;Motociclo a solo;In marcia / fermata / arresto;Conducente;F;Rimandato;0;NON DECEDUTO;;
6028007;18;27/06/2022 09:50:00;Strada Urbana;VIA DELLE FORNACI;in prossimità;;del civico n.;140;;Scontro frontale fra veicoli in marcia;Pendenza;Una carreggiata a doppio senso;Asciutto;Asfaltata;Verticale ed orizzontale;Sereno;Normale;Buona;;3;0;0;0;12.4571;41.8951;-1;3;Autovettura privata;In marcia / fermata / arresto;Conducente;M;Rifiuta cure immediate;0;NON DECEDUTO;Non accertato;
6028040;18;27/06/2022 14:35:00;Strada Urbana;VIA DI MONTE DEL GALLO;in prossimità;;del civico n.;10;;Veicolo in marcia contro veicolo in sosta;Rettilineo;Una carreggiata a doppio senso;Asciutto;Asfaltata;Verticale ed orizzontale;Sereno;Scarso;Buona;;0;0;0;2;12.4511;41.8972;-1;1;Autovettura privata;In marcia / fermata / arresto;Conducente;F;Illeso;0;;;
6028040;18;27/06/2022 14:35:00;Strada Urbana;VIA DI MONTE DEL GALLO;in prossimità;;del civico n.;10;;Veicolo in marcia contro veicolo in sosta;Rettilineo;Una carreggiata a doppio senso;Asciutto;Asfaltata;Verticale ed orizzontale;Sereno;Scarso;Buona;;0;0;0;2;12.4511;41.8972;-1;1;Autovettura privata;In marcia / fermata / arresto;Passeggero;M;Illeso;0;;;
6028040;18;27/06/2022 14:35:00;Strada Urbana;VIA DI MONTE DEL GALLO;in prossimità;;del civico n.;10;;Veicolo in marcia contro veicolo in sosta;Rettilineo;Una carreggiata a doppio senso;Asciutto;Asfaltata;Verticale ed orizzontale;Sereno;Scarso;Buona;;0;0;0;2;12.4511;41.8972;-1;2;Motociclo a solo;Sosta;;;;;;;
6028047;18;25/06/2022 16:05:00;Strada Urbana;PIAZZA DEI GIURECONSULTI;in prossimità;;del civico n.;16;;Investimento di pedone;Pendenza;Una carreggiata a doppio senso;Asciutto;Asfaltata;Verticale ed orizzontale;Sereno;Normale;Buona;;1;0;0;1;12.4251;41.902;-1;;;;Pedone;M;Ricoverato;0;NON DECEDUTO;;
6028047;18;25/06/2022 16:05:00;Strada Urbana;PIAZZA DEI GIURECONSULTI;in prossimità;;del civico n.;16;;Investimento di pedone;Pendenza;Una carreggiata a doppio senso;Asciutto;Asfaltata;Verticale ed orizzontale;Sereno;Normale;Buona;;1;0;0;1;12.4251;41.902;-1;1;Autobus di linea;In marcia / fermata / arresto;Conducente;M;Illeso;0;;Non accertato;Inesploso
6028072;18;26/06/2022 08:50:00;Strada Urbana;VIA DEL QUARTACCIO;all'intersezione con;VIA ORBASSANO;VIA ORBASSANO;;;Scontro frontale/laterale SX fra veicoli in marcia;Intersezione non regolata/non segnalata;Una carreggiata a doppio senso;Asciutto;Asfaltata;Verticale ed orizzontale;Sereno;Normale;Buona;;1;0;0;1;12.3955;41.919;-1;1;Autovettura privata;In marcia / fermata / arresto;Conducente;F;Illeso;0;;Non accertato;Inesploso
6028072;18;26/06/2022 08:50:00;Strada Urbana;VIA DEL QUARTACCIO;all'intersezione con;VIA ORBASSANO;VIA ORBASSANO;;;Scontro frontale/laterale SX fra veicoli in marcia;Intersezione non regolata/non segnalata;Una carreggiata a doppio senso;Asciutto;Asfaltata;Verticale ed orizzontale;Sereno;Normale;Buona;;1;0;0;1;12.3955;41.919;-1;2;Velocipede;In marcia / fermata / arresto;Conducente;M;Rimandato;0;NON DECEDUTO;Esente;
6028099;18;26/06/2022 16:30:00;Strada Urbana;VIA DI BOCCEA;in prossimità;;del civico n.;539/D;;Scontro laterale fra veicoli in marcia;Rettilineo;Una carreggiata a senso unico di marcia;Asciutto;Asfaltata;Verticale ed orizzontale;Sole radente;Normale;Buona;;2;0;0;2;12.3866;41.9143;-1;1;Autovettura privata;In marcia / fermata / arresto;Conducente;F;Illeso;0;;Non accertato;Inesploso
6028099;18;26/06/2022 16:30:00;Strada Urbana;VIA DI BOCCEA;in prossimità;;del civico n.;539/D;;Scontro laterale fra veicoli in marcia;Rettilineo;Una carreggiata a senso unico di marcia;Asciutto;Asfaltata;Verticale ed orizzontale;Sole radente;Normale;Buona;;2;0;0;2;12.3866;41.9143;-1;1;Autovettura privata;In marcia / fermata / arresto;Passeggero;F;Illeso;0;;Non accertato;Inesploso
6028099;18;26/06/2022 16:30:00;Strada Urbana;VIA DI BOCCEA;in prossimità;;del civico n.;539/D;;Scontro laterale fra veicoli in marcia;Rettilineo;Una carreggiata a senso unico di marcia;Asciutto;Asfaltata;Verticale ed orizzontale;Sole radente;Normale;Buona;;2;0;0;2;12.3866;41.9143;-1;2;Motociclo a solo;In marcia / fermata / arresto;Conducente;M;Rimandato;0;NON DECEDUTO;Non accertato;
6028099;18;26/06/2022 16:30:00;Strada Urbana;VIA DI BOCCEA;in prossimità;;del civico n.;539/D;;Scontro laterale fra veicoli in marcia;Rettilineo;Una carreggiata a senso unico di marcia;Asciutto;Asfaltata;Verticale ed orizzontale;Sole radente;Normale;Buona;;2;0;0;2;12.3866;41.9143;-1;2;Motociclo a solo;In marcia / fermata / arresto;Passeggero;F;Rimandato;0;NON DECEDUTO;Non accertato;
6028134;18;22/06/2022 12:50:00;Strada Urbana;VIA DI TORREVECCHIA;in prossimità;;del civico n.;901;;Veicolo in marcia contro veicolo in sosta;Rettilineo;Due carreggiate;Asciutto;Asfaltata;Assente;Sereno;Normale;Buona;;0;0;0;1;12.408;41.9158;-1;1;Autocarro inferiore 35 q.;In marcia / fermata / arresto;Conducente;M;Illeso;0;;Non accertato;Esploso
6028134;18;22/06/2022 12:50:00;Strada Urbana;VIA DI TORREVECCHIA;in prossimità;;del civico n.;901;;Veicolo in marcia contro veicolo in sosta;Rettilineo;Due carreggiate;Asciutto;Asfaltata;Assente;Sereno;Normale;Buona;;0;0;0;1;12.408;41.9158;-1;2;Autovettura privata;Sosta;;;;;;;
6028134;18;22/06/2022 12:50:00;Strada Urbana;VIA DI TORREVECCHIA;in prossimità;;del civico n.;901;;Veicolo in marcia contro veicolo in sosta;Rettilineo;Due carreggiate;Asciutto;Asfaltata;Assente;Sereno;Normale;Buona;;0;0;0;1;12.408;41.9158;-1;3;Autovettura privata;Sosta;;;;;;;
6028134;18;22/06/2022 12:50:00;Strada Urbana;VIA DI TORREVECCHIA;in prossimità;;del civico n.;901;;Veicolo in marcia contro veicolo in sosta;Rettilineo;Due carreggiate;Asciutto;Asfaltata;Assente;Sereno;Normale;Buona;;0;0;0;1;12.408;41.9158;-1;4;Autovettura privata;Sosta;;;;;;;
6028134;18;22/06/2022 12:50:00;Strada Urbana;VIA DI TORREVECCHIA;in prossimità;;del civico n.;901;;Veicolo in marcia contro veicolo in sosta;Rettilineo;Due carreggiate;Asciutto;Asfaltata;Assente;Sereno;Normale;Buona;;0;0;0;1;12.408;41.9158;-1;5;Autovettura privata;Sosta;;;;;;;
6028150;18;26/06/2022 23:30:00;Strada Urbana;VIA MATTIA BATTISTINI;all'intersezione semaforizzata con;VIA DI BOCCEA;VIA DI BOCCEA;;;Tamponamento;Intersezione semaforizzata;Una carreggiata a doppio senso;Asciutto;Asfaltata;Verticale ed orizzontale;Sereno;Normale;Sufficiente;;0;0;0;2;12.4184;41.9139;-1;1;Autovettura privata;In marcia / fermata / arresto;Conducente;M;Illeso;0;;Non accertato;Inesploso
6028150;18;26/06/2022 23:30:00;Strada Urbana;VIA MATTIA BATTISTINI;all'intersezione semaforizzata con;VIA DI BOCCEA;VIA DI BOCCEA;;;Tamponamento;Intersezione semaforizzata;Una carreggiata a doppio senso;Asciutto;Asfaltata;Verticale ed orizzontale;Sereno;Normale;Sufficiente;;0;0;0;2;12.4184;41.9139;-1;2;Autovettura privata;In marcia / fermata / arresto;Conducente;F;Illeso;0;;Non accertato;Inesploso
6028153;18;26/06/2022 23:55:00;Strada Urbana;VIA MATTIA BATTISTINI;all'intersezione semaforizzata con;VIA DI BOCCEA;VIA DI BOCCEA;;;Veicolo in marcia contro ostacolo accidentale;Intersezione semaforizzata;Una carreggiata a doppio senso;Viscido da liquidi oleosi;Asfaltata;Verticale ed orizzontale;Sereno;Normale;Sufficiente;;1;0;0;0;12.4184;41.9139;-1;1;Motociclo a solo;In marcia / fermata / arresto;Conducente;M;Rifiuta cure immediate;0;NON DECEDUTO;Non accertato;
6028160;19;27/06/2022 09:20:00;Strada Urbana;VIA FLAMINIA;in prossimità;;del civico n.;1113;;Scontro laterale fra veicoli in marcia;Rettilineo;Una carreggiata a senso unico di marcia;Asciutto;Asfaltata;Orizzontale;Sereno;Intenso;Buona;;0;0;0;4;12.4927;41.984;-1;1;Autocarro inferiore 35 q.;In marcia / fermata / arresto;Conducente;M;Illeso;0;;Non accertato;
6028160;19;27/06/2022 09:20:00;Strada Urbana;VIA FLAMINIA;in prossimità;;del civico n.;1113;;Scontro laterale fra veicoli in marcia;Rettilineo;Una carreggiata a senso unico di marcia;Asciutto;Asfaltata;Orizzontale;Sereno;Intenso;Buona;;0;0;0;4;12.4927;41.984;-1;2;Autovettura di polizia;In marcia / fermata / arresto;Conducente;M;Illeso;0;;;
6028160;19;27/06/2022 09:20:00;Strada Urbana;VIA FLAMINIA;in prossimità;;del civico n.;1113;;Scontro laterale fra veicoli in marcia;Rettilineo;Una carreggiata a senso unico di marcia;Asciutto;Asfaltata;Orizzontale;Sereno;Intenso;Buona;;0;0;0;4;12.4927;41.984;-1;2;Autovettura di polizia;In marcia / fermata / arresto;Passeggero;M;Illeso;0;;;
6028160;19;27/06/2022 09:20:00;Strada Urbana;VIA FLAMINIA;in prossimità;;del civico n.;1113;;Scontro laterale fra veicoli in marcia;Rettilineo;Una carreggiata a senso unico di marcia;Asciutto;Asfaltata;Orizzontale;Sereno;Intenso;Buona;;0;0;0;4;12.4927;41.984;-1;2;Autovettura di polizia;In marcia / fermata / arresto;Passeggero;F;Illeso;0;;;
6028173;7;27/06/2022 10:48:00;Strada Urbana;VIA DI TOR CERVARA;in corrispondenza;;del civico n.;295;;Scontro frontale/laterale DX fra veicoli in marcia;Dosso;Una carreggiata a doppio senso;Asciutto;Asfaltata;Verticale ed orizzontale;Sereno;Normale;Sufficiente;;0;0;0;2;12.5897;41.9066;-1;1;Autovettura privata;In marcia / fermata / arresto;Conducente;M;Illeso;0;;Non accertato;Inesploso
6028173;7;27/06/2022 10:48:00;Strada Urbana;VIA DI TOR CERVARA;in corrispondenza;;del civico n.;295;;Scontro frontale/laterale DX fra veicoli in marcia;Dosso;Una carreggiata a doppio senso;Asciutto;Asfaltata;Verticale ed orizzontale;Sereno;Normale;Sufficiente;;0;0;0;2;12.5897;41.9066;-1;2;Autovettura privata;In marcia / fermata / arresto;Conducente;M;Illeso;0;;Non accertato;Inesploso
6028210;19;27/06/2022 12:35:00;Strada Urbana;VIA TRIONFALE;in prossimità;;del civico n.;7727;;Veicolo in marcia contro veicoli in sosta;Rettilineo;Una carreggiata a senso unico di marcia;Asciutto;Asfaltata;Verticale ed orizzontale;Sereno;Normale;Buona;;1;0;0;0;12.4322;41.9351;-1;1;Autovettura privata;In marcia / fermata / arresto;Conducente;M;Rifiuta cure immediate;0;NON DECEDUTO;Non accertato;
6028210;19;27/06/2022 12:35:00;Strada Urbana;VIA TRIONFALE;in prossimità;;del civico n.;7727;;Veicolo in marcia contro veicoli in sosta;Rettilineo;Una carreggiata a senso unico di marcia;Asciutto;Asfaltata;Verticale ed orizzontale;Sereno;Normale;Buona;;1;0;0;0;12.4322;41.9351;-1;2;Autovettura privata;Sosta;;;;;;;
6028210;19;27/06/2022 12:35:00;Strada Urbana;VIA TRIONFALE;in prossimità;;del civico n.;7727;;Veicolo in marcia contro veicoli in sosta;Rettilineo;Una carreggiata a senso unico di marcia;Asciutto;Asfaltata;Verticale ed orizzontale;Sereno;Normale;Buona;;1;0;0;0;12.4322;41.9351;-1;3;Autovettura privata;Sosta;;;;;;;
6028210;19;27/06/2022 12:35:00;Strada Urbana;VIA TRIONFALE;in prossimità;;del civico n.;7727;;Veicolo in marcia contro veicoli in sosta;Rettilineo;Una carreggiata a senso unico di marcia;Asciutto;Asfaltata;Verticale ed orizzontale;Sereno;Normale;Buona;;1;0;0;0;12.4322;41.9351;-1;4;Autovettura privata;Sosta;;;;;;;
6028214;16;24/06/2022 06:48:00;;VIA EDOARDO JENNER;in prossimità;;del civico n.;30;;Veicolo in marcia contro ostacolo fisso;;;;;;;;;;0;0;0;1;;;0;1;Autovettura privata;In marcia / fermata / arresto;Conducente;M;Illeso;0;;;
6028228;16;24/06/2022 08:10:00;Strada Urbana;CIRCONVALLAZIONE GIANICOLENSE;in prossimità;;del civico n.;368;;Scontro laterale fra veicoli in marcia;Rettilineo;Più di due carreggiate;Asciutto;Asfaltata;Assente;Nuvoloso;Intenso;Buona;;0;0;0;2;12.4435;41.8772;-1;1;Autovettura privata;In marcia / fermata / arresto;Conducente;F;Illeso;0;;Non accertato;
6028228;16;24/06/2022 08:10:00;Strada Urbana;CIRCONVALLAZIONE GIANICOLENSE;in prossimità;;del civico n.;368;;Scontro laterale fra veicoli in marcia;Rettilineo;Più di due carreggiate;Asciutto;Asfaltata;Assente;Nuvoloso;Intenso;Buona;;0;0;0;2;12.4435;41.8772;-1;2;Autobus urbano;In marcia / fermata / arresto;Conducente;M;Illeso;0;;Non accertato;
6028240;16;24/06/2022 10:20:00;Strada Urbana;VIA FABIOLA;da specificare;;;; corrispondenza civ.14 area interna Municipio XII;Investimento di pedone;Rettilineo;Una carreggiata a senso unico di marcia;Asciutto;Asfaltata;Verticale ed orizzontale;Sereno;Scarso;Buona;;1;0;0;1;12.4498;41.8762;-1;;;;Pedone;F;Rimandato;0;NON DECEDUTO;;
6028240;16;24/06/2022 10:20:00;Strada Urbana;VIA FABIOLA;da specificare;;;; corrispondenza civ.14 area interna Municipio XII;Investimento di pedone;Rettilineo;Una carreggiata a senso unico di marcia;Asciutto;Asfaltata;Verticale ed orizzontale;Sereno;Scarso;Buona;;1;0;0;1;12.4498;41.8762;-1;1;Autovettura privata;In marcia / fermata / arresto;Conducente;M;Illeso;0;;Non accertato;Inesploso
6028252;16;24/06/2022 13:30:00;Strada Urbana;VIA LAURA MANTEGAZZA;all'intersezione con;VIA S. VINCENZO DE' PAOLI;VIA S. VINCENZO DE' PAOLI;;;Ribaltamento senza urto contro ostacolo fisso;Incrocio;Due carreggiate;Asciutto;Asfaltata;Verticale ed orizzontale;Sereno;Normale;Buona;;1;0;0;1;12.456;41.8714;-1;1;Autovettura privata;In marcia / fermata / arresto;Conducente;M;Illeso;0;;Non accertato;
6028252;16;24/06/2022 13:30:00;Strada Urbana;VIA LAURA MANTEGAZZA;all'intersezione con;VIA S. VINCENZO DE' PAOLI;VIA S. VINCENZO DE' PAOLI;;;Ribaltamento senza urto contro ostacolo fisso;Incrocio;Due carreggiate;Asciutto;Asfaltata;Verticale ed orizzontale;Sereno;Normale;Buona;;1;0;0;1;12.456;41.8714;-1;2;Ciclomotore;In marcia / fermata / arresto;Conducente;F;Rimandato;0;NON DECEDUTO;Non accertato;
6028266;16;24/06/2022 17:20:00;Strada Urbana;VIA DI BRAVA;all'intersezione con;VIA ATTILIO BRUNIALTI;VIA ATTILIO BRUNIALTI;;;Scontro frontale/laterale SX fra veicoli in marcia;Intersezione stradale segnalata;Una carreggiata a doppio senso;Asciutto;Asfaltata;Verticale ed orizzontale;Sereno;Normale;Buona;;0;0;0;2;12.3824;41.8696;-1;1;Motociclo a solo;In marcia / fermata / arresto;Conducente;M;Illeso;0;;Non accertato;
6028266;16;24/06/2022 17:20:00;Strada Urbana;VIA DI BRAVA;all'intersezione con;VIA ATTILIO BRUNIALTI;VIA ATTILIO BRUNIALTI;;;Scontro frontale/laterale SX fra veicoli in marcia;Intersezione stradale segnalata;Una carreggiata a doppio senso;Asciutto;Asfaltata;Verticale ed orizzontale;Sereno;Normale;Buona;;0;0;0;2;12.3824;41.8696;-1;2;Autovettura privata;In marcia / fermata / arresto;Conducente;M;Illeso;0;;Non accertato;
6028498;15;27/06/2022 18:05:00;Strada Urbana;PIAZZA ANTONIO MEUCCI;all'intersezione con;VIA DELLA MAGLIANA;VIA DELLA MAGLIANA;;;Scontro frontale/laterale DX fra veicoli in marcia;Intersezione semaforizzata;Una carreggiata a senso unico di marcia;Asciutto;Asfaltata;Verticale ed orizzontale;Sereno;Normale;Buona;;0;0;0;2;12.4631;41.8618;-1;1;Autovettura privata;In marcia / fermata / arresto;Conducente;F;Illeso;0;;Non accertato;Inesploso
6028498;15;27/06/2022 18:05:00;Strada Urbana;PIAZZA ANTONIO MEUCCI;all'intersezione con;VIA DELLA MAGLIANA;VIA DELLA MAGLIANA;;;Scontro frontale/laterale DX fra veicoli in marcia;Intersezione semaforizzata;Una carreggiata a senso unico di marcia;Asciutto;Asfaltata;Verticale ed orizzontale;Sereno;Normale;Buona;;0;0;0;2;12.4631;41.8618;-1;2;Autovettura privata;In marcia / fermata / arresto;Conducente;F;Illeso;0;;Non accertato;Inesploso
6028500;12;27/06/2022 10:45:00;Strada Urbana;VIA GIUSEPPE MENDOZZA;da specificare;;;;altezza albero numero 53;Veicolo in marcia contro ostacolo accidentale;Rettilineo;Una carreggiata a doppio senso;Asciutto;Asfaltata;Verticale ed orizzontale;Sereno;Normale;Buona;;0;0;0;1;12.4437;41.8063;-1;1;Ciclomotore;In marcia / fermata / arresto;Conducente;M;Illeso;0;;Non accertato;
6028511;8;27/06/2022 10:25:00;Strada Urbana;VIA BORGHESIANA;in prossimità;;del civico n.;120;;Scontro frontale/laterale SX fra veicoli in marcia;Rettilineo;Una carreggiata a doppio senso;Asciutto;Asfaltata;Verticale ed orizzontale;Sereno;Normale;Buona;;0;0;0;3;12.6682;41.8834;-1;1;Autovettura privata;In marcia / fermata / arresto;Conducente;M;Illeso;0;;Non accertato;Inesploso
6028511;8;27/06/2022 10:25:00;Strada Urbana;VIA BORGHESIANA;in prossimità;;del civico n.;120;;Scontro frontale/laterale SX fra veicoli in marcia;Rettilineo;Una carreggiata a doppio senso;Asciutto;Asfaltata;Verticale ed orizzontale;Sereno;Normale;Buona;;0;0;0;3;12.6682;41.8834;-1;1;Autovettura privata;In marcia / fermata / arresto;Passeggero;F;Illeso;0;;Non accertato;Inesploso
6028511;8;27/06/2022 10:25:00;Strada Urbana;VIA BORGHESIANA;in prossimità;;del civico n.;120;;Scontro frontale/laterale SX fra veicoli in marcia;Rettilineo;Una carreggiata a doppio senso;Asciutto;Asfaltata;Verticale ed orizzontale;Sereno;Normale;Buona;;0;0;0;3;12.6682;41.8834;-1;2;Autocarro inferiore 35 q.;In marcia / fermata / arresto;Conducente;M;Illeso;0;;Non accertato;Inesploso
6028515;16;26/06/2022 22:40:00;Strada Urbana;VIA DEL CASALETTO;in prossimità;;del civico n.;257;;Veicolo in marcia contro veicolo arresto;Rettilineo;Una carreggiata a doppio senso;Asciutto;Asfaltata;Verticale ed orizzontale;Sereno;Normale;Buona;;0;0;0;2;12.4391;41.8695;-1;1;Autovettura privata;In marcia / fermata / arresto;Conducente;F;Illeso;0;;Non accertato;
6028515;16;26/06/2022 22:40:00;Strada Urbana;VIA DEL CASALETTO;in prossimità;;del civico n.;257;;Veicolo in marcia contro veicolo arresto;Rettilineo;Una carreggiata a doppio senso;Asciutto;Asfaltata;Verticale ed orizzontale;Sereno;Normale;Buona;;0;0;0;2;12.4391;41.8695;-1;2;Autovettura privata;In marcia / fermata / arresto;Conducente;F;Illeso;0;;Non accertato;
6028516;8;27/06/2022 11:15:00;Strada Urbana;VIA DEI RUDERI DI CASA CALDA;all'intersezione con;VIA PIETRO BELON;VIA PIETRO BELON;;;Tamponamento;Intersezione stradale segnalata;Una carreggiata a doppio senso;Asciutto;Asfaltata;Verticale ed orizzontale;Sereno;Intenso;Buona;;1;0;0;1;12.591;41.8731;-1;1;Autovettura privata;In marcia / fermata / arresto;Conducente;M;Illeso;0;;Non accertato;Inesploso
6028516;8;27/06/2022 11:15:00;Strada Urbana;VIA DEI RUDERI DI CASA CALDA;all'intersezione con;VIA PIETRO BELON;VIA PIETRO BELON;;;Tamponamento;Intersezione stradale segnalata;Una carreggiata a doppio senso;Asciutto;Asfaltata;Verticale ed orizzontale;Sereno;Intenso;Buona;;1;0;0;1;12.591;41.8731;-1;2;Autovettura privata;In marcia / fermata / arresto;Conducente;F;Rimandato;0;NON DECEDUTO;;
6028519;11;27/06/2022 07:15:00;Strada Urbana;VIA APPIA PIGNATELLI;da specificare;;;;PROSSIMITA' FRONTE PALO ACEA N. 71;Scontro laterale fra veicoli in marcia;Curva a visuale libera;Una carreggiata a doppio senso;Asciutto;Asfaltata;Verticale ed orizzontale;Sereno;Intenso;Buona;;1;0;0;0;12.528;41.8515;0;1;Autovettura privata;In marcia / fermata / arresto;;;;;;;
6028519;11;27/06/2022 07:15:00;Strada Urbana;VIA APPIA PIGNATELLI;da specificare;;;;PROSSIMITA' FRONTE PALO ACEA N. 71;Scontro laterale fra veicoli in marcia;Curva a visuale libera;Una carreggiata a doppio senso;Asciutto;Asfaltata;Verticale ed orizzontale;Sereno;Intenso;Buona;;1;0;0;0;12.528;41.8515;0;2;Motociclo a solo;In marcia / fermata / arresto;Conducente;M;Rimandato;0;NON DECEDUTO;Non accertato;
6028521;8;27/06/2022 16:10:00;Provinciale entro l'abitato;VIA PRENESTINA;da specificare;;;;70 mt dopo via Avola direz. fuori Roma;Scontro frontale fra veicoli in marcia;Curva a visuale libera;Una carreggiata a doppio senso;Asciutto;Asfaltata;Orizzontale;Nuvoloso;Normale;Buona;;3;1;0;0;12.6155;41.8933;-1;1;Autovettura privata;In marcia / fermata / arresto;Conducente;F;Rimandato;0;NON DECEDUTO;;
6028521;8;27/06/2022 16:10:00;Provinciale entro l'abitato;VIA PRENESTINA;da specificare;;;;70 mt dopo via Avola direz. fuori Roma;Scontro frontale fra veicoli in marcia;Curva a visuale libera;Una carreggiata a doppio senso;Asciutto;Asfaltata;Orizzontale;Nuvoloso;Normale;Buona;;3;1;0;0;12.6155;41.8933;-1;1;Autovettura privata;In marcia / fermata / arresto;Passeggero;M;Rimandato;0;NON DECEDUTO;;
6028521;8;27/06/2022 16:10:00;Provinciale entro l'abitato;VIA PRENESTINA;da specificare;;;;70 mt dopo via Avola direz. fuori Roma;Scontro frontale fra veicoli in marcia;Curva a visuale libera;Una carreggiata a doppio senso;Asciutto;Asfaltata;Orizzontale;Nuvoloso;Normale;Buona;;3;1;0;0;12.6155;41.8933;-1;1;Autovettura privata;In marcia / fermata / arresto;Passeggero;F;Rimandato;0;NON DECEDUTO;;
6028521;8;27/06/2022 16:10:00;Provinciale entro l'abitato;VIA PRENESTINA;da specificare;;;;70 mt dopo via Avola direz. fuori Roma;Scontro frontale fra veicoli in marcia;Curva a visuale libera;Una carreggiata a doppio senso;Asciutto;Asfaltata;Orizzontale;Nuvoloso;Normale;Buona;;3;1;0;0;12.6155;41.8933;-1;2;Autovettura privata;In marcia / fermata / arresto;Conducente;M;Prognosi riservata;0;NON DECEDUTO;;
6028526;8;27/06/2022 18:10:00;Strada Urbana;VIA NICOLA SCARANO;all'intersezione con;VIA FRANCESCO ROSASPINA;VIA FRANCESCO ROSASPINA;;;Scontro frontale/laterale DX fra veicoli in marcia;Incrocio;Una carreggiata a senso unico di marcia;Asciutto;Asfaltata;Verticale;Sereno;Normale;Buona;;2;0;0;2;12.6224;41.8667;-1;1;Autovettura privata;In marcia / fermata / arresto;Conducente;M;Illeso;0;;;
6028526;8;27/06/2022 18:10:00;Strada Urbana;VIA NICOLA SCARANO;all'intersezione con;VIA FRANCESCO ROSASPINA;VIA FRANCESCO ROSASPINA;;;Scontro frontale/laterale DX fra veicoli in marcia;Incrocio;Una carreggiata a senso unico di marcia;Asciutto;Asfaltata;Verticale;Sereno;Normale;Buona;;2;0;0;2;12.6224;41.8667;-1;2;Autovettura privata;In marcia / fermata / arresto;Conducente;F;Rifiuta cure immediate;0;NON DECEDUTO;;
6028526;8;27/06/2022 18:10:00;Strada Urbana;VIA NICOLA SCARANO;all'intersezione con;VIA FRANCESCO ROSASPINA;VIA FRANCESCO ROSASPINA;;;Scontro frontale/laterale DX fra veicoli in marcia;Incrocio;Una carreggiata a senso unico di marcia;Asciutto;Asfaltata;Verticale;Sereno;Normale;Buona;;2;0;0;2;12.6224;41.8667;-1;2;Autovettura privata;In marcia / fermata / arresto;Passeggero;F;Rifiuta cure immediate;0;NON DECEDUTO;;
6028526;8;27/06/2022 18:10:00;Strada Urbana;VIA NICOLA SCARANO;all'intersezione con;VIA FRANCESCO ROSASPINA;VIA FRANCESCO ROSASPINA;;;Scontro frontale/laterale DX fra veicoli in marcia;Incrocio;Una carreggiata a senso unico di marcia;Asciutto;Asfaltata;Verticale;Sereno;Normale;Buona;;2;0;0;2;12.6224;41.8667;-1;2;Autovettura privata;In marcia / fermata / arresto;Passeggero;F;Illeso;0;;;
6028527;12;27/06/2022 17:30:00;Strada Urbana;VIA DI MEZZOCAMMINO;da specificare;;;;altezza palo acea 39 direzione Roma;Veicolo in marcia contro ostacolo accidentale;Curva a visuale libera;Una carreggiata a doppio senso;Asciutto;Asfaltata;Verticale ed orizzontale;Sereno;Normale;Buona;;1;0;0;0;12.4375;41.79;-1;1;Quadriciclo leggero;In marcia / fermata / arresto;Conducente;M;Rimandato;0;NON DECEDUTO;Non accertato;Inesistente