Protocollo;Gruppo;DataOraIncidente;Localizzazione1;STRADA1;Localizzazione2;STRADA2;Strada02;Chilometrica;DaSpecificare;NaturaIncidente;particolaritastrade;TipoStrada;FondoStradale;Pavimentazione;Segnaletica;CondizioneAtmosferica;Traffico;Visibilita;Illuminazione;NUM_FERITI;NUM_RISERVATA;NUM_MORTI;NUM_ILLESI;Longitude;Latitude;Confermato;Progressivo;TipoVeicolo;StatoVeicolo;TipoPersona;Sesso;Tipolesione;Deceduto;DecedutoDopo;CinturaCascoUtilizzato;Airbag;
6028528;8;27/06/2022 18:30:00;Strada Urbana;VIA CASILINA;in corrispondenza;;del civico n.;1640;;Scontro laterale fra veicoli in marcia;Rettilineo;Una carreggiata a senso unico di marcia;Asciutto;Asfaltata;Verticale;Sereno;Intenso;Buona;;0;0;0;2;12.6433;41.8623;-1;1;Motociclo con passeggero;In marcia / fermata / arresto;Conducente;M;Illeso;0;;;
6028528;8;27/06/2022 18:30:00;Strada Urbana;VIA CASILINA;in corrispondenza;;del civico n.;1640;;Scontro laterale fra veicoli in marcia;Rettilineo;Una carreggiata a senso unico di marcia;Asciutto;Asfaltata;Verticale;Sereno;Intenso;Buona;;0;0;0;2;12.6433;41.8623;-1;2;Autovettura privata;In marcia / fermata / arresto;Conducente;F;Illeso;0;;;
6028532;8;27/06/2022 20:20:00;Strada Urbana;VIA FRANCESCO ROSASPINA;da specificare;;;;fr. civ. 90;Veicolo in marcia contro veicolo in sosta;Rettilineo;Una carreggiata a senso unico di marcia;Asciutto;Asfaltata;Verticale;Sereno;Scarso;Buona;;0;0;0;2;12.6222;41.868;-1;1;Autovettura privata;In marcia / fermata / arresto;Conducente;M;Illeso;0;;Non accertato;Inesploso
6028532;8;27/06/2022 20:20:00;Strada Urbana;VIA FRANCESCO ROSASPINA;da specificare;;;;fr. civ. 90;Veicolo in marcia contro veicolo in sosta;Rettilineo;Una carreggiata a senso unico di marcia;Asciutto;Asfaltata;Verticale;Sereno;Scarso;Buona;;0;0;0;2;12.6222;41.868;-1;1;Autovettura privata;In marcia / fermata / arresto;Passeggero;F;Illeso;0;;Non accertato;Inesploso
6028532;8;27/06/2022 20:20:00;Strada Urbana;VIA FRANCESCO ROSASPINA;da specificare;;;;fr. civ. 90;Veicolo in marcia contro veicolo in sosta;Rettilineo;Una carreggiata a senso unico di marcia;Asciutto;Asfaltata;Verticale;Sereno;Scarso;Buona;;0;0;0;2;12.6222;41.868;-1;2;Autovettura privata;Sosta;;;;;;;
6028535;7;27/06/2022 21:10:00;Strada Urbana;VIALE DELLA BELLA VILLA;all'intersezione con;VIALE ALESSANDRINO;VIALE ALESSANDRINO;;;Scontro laterale fra veicoli in marcia;Incrocio;Una carreggiata a doppio senso;Asciutto;Asfaltata;Orizzontale;Sereno;Scarso;Buona;;0;0;0;2;12.5796;41.8729;-1;1;Autovettura privata;In marcia / fermata / arresto;Conducente;M;Illeso;0;;Non accertato;Esploso
6028535;7;27/06/2022 21:10:00;Strada Urbana;VIALE DELLA BELLA VILLA;all'intersezione con;VIALE ALESSANDRINO;VIALE ALESSANDRINO;;;Scontro laterale fra veicoli in marcia;Incrocio;Una carreggiata a doppio senso;Asciutto;Asfaltata;Orizzontale;Sereno;Scarso;Buona;;0;0;0;2;12.5796;41.8729;-1;2;Autovettura privata;In marcia / fermata / arresto;Conducente;F;Illeso;0;;Non accertato;Inesploso
6028535;7;27/06/2022 21:10:00;Strada Urbana;VIALE DELLA BELLA VILLA;all'intersezione con;VIALE ALESSANDRINO;VIALE ALESSANDRINO;;;Scontro laterale fra veicoli in marcia;Incrocio;Una carreggiata a doppio senso;Asciutto;Asfaltata;Orizzontale;Sereno;Scarso;Buona;;0;0;0;2;12.5796;41.8729;-1;3;Autovettura privata;Sosta;;;;;;;
6028535;7;27/06/2022 21:10:00;Strada Urbana;VIALE DELLA BELLA VILLA;all'intersezione con;VIALE ALESSANDRINO;VIALE ALESSANDRINO;;;Scontro laterale fra veicoli in marcia;Incrocio;Una carreggiata a doppio senso;Asciutto;Asfaltata;Orizzontale;Sereno;Scarso;Buona;;0;0;0;2;12.5796;41.8729;-1;4;Autovettura privata;Sosta;;;;;;;
6028536;8;28/06/2022 01:20:00;Strada Urbana;VIA DEL PONTE DI NONA;in corrispondenza;;del palo luce n.;7;;Scontro frontale fra veicoli in marcia;Curva senza visuale libera;Una carreggiata a doppio senso;Asciutto;Asfaltata;Orizzontale;Sereno;Normale;Sufficiente;;2;0;0;0;12.663;41.8961;-1;1;Autovettura privata;In marcia / fermata / arresto;Conducente;M;Rimandato;0;NON DECEDUTO;Non accertato;Esploso
6028536;8;28/06/2022 01:20:00;Strada Urbana;VIA DEL PONTE DI NONA;in corrispondenza;;del palo luce n.;7;;Scontro frontale fra veicoli in marcia;Curva senza visuale libera;Una carreggiata a doppio senso;Asciutto;Asfaltata;Orizzontale;Sereno;Normale;Sufficiente;;2;0;0;0;12.663;41.8961;-1;2;Autovettura privata;In marcia / fermata / arresto;Conducente;F;Rimandato;0;NON DECEDUTO;Non accertato;Inesploso
6028552;20;27/06/2022 08:40:00;Provinciale entro l'abitato;VIA FLAMINIA;da specificare;;;;direz. centro prox civico 1113;Ribaltamento senza urto contro ostacolo fisso;Rettilineo;Due carreggiate;Asciutto;Asfaltata;Orizzontale;Sereno;Normale;Buona;;1;0;0;1;12.4718;41.9419;-1;1;Motociclo con passeggero;In marcia / fermata / arresto;Conducente;M;Rimandato;0;NON DECEDUTO;;
6028552;20;27/06/2022 08:40:00;Provinciale entro l'abitato;VIA FLAMINIA;da specificare;;;;direz. centro prox civico 1113;Ribaltamento senza urto contro ostacolo fisso;Rettilineo;Due carreggiate;Asciutto;Asfaltata;Orizzontale;Sereno;Normale;Buona;;1;0;0;1;12.4718;41.9419;-1;1;Motociclo con passeggero;In marcia / fermata / arresto;Passeggero;F;Illeso;0;;;
6028555;17;27/06/2022 07:50:00;Strada Urbana;VIA COLA DI RIENZO;in corrispondenza;;del civico n.;266;;Investimento di pedone;Rettilineo;Una carreggiata a doppio senso;Asciutto;Acciotolata;Verticale ed orizzontale;Sereno;Normale;Buona;;1;0;0;1;12.4605;41.9067;-1;;;;Pedone;F;Rimandato;0;NON DECEDUTO;;
6028555;17;27/06/2022 07:50:00;Strada Urbana;VIA COLA DI RIENZO;in corrispondenza;;del civico n.;266;;Investimento di pedone;Rettilineo;Una carreggiata a doppio senso;Asciutto;Acciotolata;Verticale ed orizzontale;Sereno;Normale;Buona;;1;0;0;1;12.4605;41.9067;-1;1;Autovettura pubblica;In marcia / fermata / arresto;Conducente;M;Illeso;0;;;
6028562;20;27/06/2022 20:00:00;Strada Urbana;VIA CASSIA;da specificare;;;;764 AREA PARCHEGGIO PRIVATO CARREFOUR;Scontro frontale/laterale SX fra veicoli in marcia;Rettilineo;Una carreggiata a senso unico di marcia;Asciutto;Asfaltata;Orizzontale;Nuvoloso;Scarso;Buona;;0;0;0;2;12.4137;41.9828;-1;1;Autovettura privata;In marcia / fermata / arresto;Conducente;F;Illeso;0;;Non accertato;Inesploso
6028562;20;27/06/2022 20:00:00;Strada Urbana;VIA CASSIA;da specificare;;;;764 AREA PARCHEGGIO PRIVATO CARREFOUR;Scontro frontale/laterale SX fra veicoli in marcia;Rettilineo;Una carreggiata a senso unico di marcia;Asciutto;Asfaltata;Orizzontale;Nuvoloso;Scarso;Buona;;0;0;0;2;12.4137;41.9828;-1;2;Autovettura privata;In marcia / fermata / arresto;Conducente;M;Illeso;0;;Non accertato;Inesploso
6028566;12;27/06/2022 18:25:00;Strada Urbana;VIA CRISTOFORO COLOMBO;all'intersezione con;VIALE EUROPA;VIALE EUROPA;;;Investimento di pedone;Intersezione semaforizzata;Due carreggiate;Asciutto;Asfaltata;Verticale ed orizzontale;Sereno;Normale;Buona;;1;0;0;1;12.4691;41.8309;-1;;;;Pedone;F;Rimandato;0;NON DECEDUTO;;
6028566;12;27/06/2022 18:25:00;Strada Urbana;VIA CRISTOFORO COLOMBO;all'intersezione con;VIALE EUROPA;VIALE EUROPA;;;Investimento di pedone;Intersezione semaforizzata;Due carreggiate;Asciutto;Asfaltata;Verticale ed orizzontale;Sereno;Normale;Buona;;1;0;0;1;12.4691;41.8309;-1;1;Autovettura privata;In marcia / fermata / arresto;Conducente;F;Illeso;0;;;
6028571;11;27/06/2022 07:20:00;Strada Urbana;VIA APPIA PIGNATELLI;da specificare;;;;PROSSIMITA' VIA DEI CERCENII;Veicolo in marcia contro veicolo arresto;Curva a visuale libera;Una carreggiata a doppio senso;Asciutto;Asfaltata;Assente;Sereno;Intenso;Buona;;0;0;0;1;12.5272;41.852;0;1;Autovettura privata;In marcia / fermata / arresto;Conducente;F;Illeso;0;;Non accertato;
6028571;11;27/06/2022 07:20:00;Strada Urbana;VIA APPIA PIGNATELLI;da specificare;;;;PROSSIMITA' VIA DEI CERCENII;Veicolo in marcia contro veicolo arresto;Curva a visuale libera;Una carreggiata a doppio senso;Asciutto;Asfaltata;Assente;Sereno;Intenso;Buona;;0;0;0;1;12.5272;41.852;0;2;Autovettura privata;In marcia / fermata / arresto;;;;;;;
6028598;1;28/06/2022 00:40:00;Strada Urbana;VIALE CASTRO PRETORIO;in corrispondenza;;del civico n.;77;;Veicolo in marcia contro veicolo in sosta;Rettilineo;Una carreggiata a doppio senso;Asciutto;Asfaltata;Verticale ed orizzontale;Sereno;Scarso;Insufficiente;;0;0;0;1;12.5063;41.9052;-1;1;Autovettura privata;In marcia / fermata / arresto;Conducente;M;Illeso;0;;;
6028598;1;28/06/2022 00:40:00;Strada Urbana;VIALE CASTRO PRETORIO;in corrispondenza;;del civico n.;77;;Veicolo in marcia contro veicolo in sosta;Rettilineo;Una carreggiata a doppio senso;Asciutto;Asfaltata;Verticale ed orizzontale;Sereno;Scarso;Insufficiente;;0;0;0;1;12.5063;41.9052;-1;2;Autovettura privata;Sosta;;;;;;;
6028615;18;27/06/2022 11:40:00;Statale;VIA AURELIA;in prossimità;;del civico n.;18.700;;Veicolo in marcia contro ostacolo accidentale;Rettilineo;Due carreggiate;Asciutto;Asfaltata;Verticale ed orizzontale;Sereno;Normale;Buona;;0;0;0;1;12.4012;41.8861;-1;1;Autocarro inferiore 35 q.;In marcia / fermata / arresto;Conducente;M;Illeso;0;;Non accertato;
6028616;20;27/06/2022 08:36:00;Provinciale;VIA BRACCIANENSE;da specificare;;;;PROSS VIA QUERO DIR CENTRO CITTA';Veicolo in marcia contro ostacolo accidentale;Rettilineo;Una carreggiata a doppio senso;Asciutto;Asfaltata;Orizzontale;Sereno;Normale;Sufficiente;;0;0;0;2;12.309;42.0358;-1;1;Autocarro superiore 35 q.;In marcia / fermata / arresto;Conducente;M;Illeso;0;;;
6028616;20;27/06/2022 08:36:00;Provinciale;VIA BRACCIANENSE;da specificare;;;;PROSS VIA QUERO DIR CENTRO CITTA';Veicolo in marcia contro ostacolo accidentale;Rettilineo;Una carreggiata a doppio senso;Asciutto;Asfaltata;Orizzontale;Sereno;Normale;Sufficiente;;0;0;0;2;12.309;42.0358;-1;1;Autocarro superiore 35 q.;In marcia / fermata / arresto;Passeggero;M;Illeso;0;;;
6028619;11;27/06/2022 16:34:00;Strada Urbana;VIA OSTIENSE;all'intersezione semaforizzata con;CIRCONVALLAZIONE OSTIENSE;CIRCONVALLAZIONE OSTIENSE;;;Scontro frontale/laterale DX fra veicoli in marcia;Intersezione semaforizzata;Più di due carreggiate;Asciutto;Asfaltata;Verticale ed orizzontale;Sereno;Normale;Buona;;0;0;0;3;12.4801;41.8676;-1;1;Monopattino elettrico;In marcia / fermata / arresto;Conducente;M;Illeso;0;;;
6028619;11;27/06/2022 16:34:00;Strada Urbana;VIA OSTIENSE;all'intersezione semaforizzata con;CIRCONVALLAZIONE OSTIENSE;CIRCONVALLAZIONE OSTIENSE;;;Scontro frontale/laterale DX fra veicoli in marcia;Intersezione semaforizzata;Più di due carreggiate;Asciutto;Asfaltata;Verticale ed orizzontale;Sereno;Normale;Buona;;0;0;0;3;12.4801;41.8676;-1;1;Monopattino elettrico;In marcia / fermata / arresto;Passeggero;M;Illeso;0;;;
6028619;11;27/06/2022 16:34:00;Strada Urbana;VIA OSTIENSE;all'intersezione semaforizzata con;CIRCONVALLAZIONE OSTIENSE;CIRCONVALLAZIONE OSTIENSE;;;Scontro frontale/laterale DX fra veicoli in marcia;Intersezione semaforizzata;Più di due carreggiate;Asciutto;Asfaltata;Verticale ed orizzontale;Sereno;Normale;Buona;;0;0;0;3;12.4801;41.8676;-1;2;Autovettura privata;In marcia / fermata / arresto;Conducente;F;Illeso;0;;;
6028628;6;27/06/2022 15:00:00;Strada Urbana;VIA LUCHINO DAL VERME;in corrispondenza;;del civico n.;114;;Veicolo in marcia contro ostacolo accidentale;Rettilineo;Una carreggiata a senso unico di marcia;Asciutto;Asfaltata;Verticale ed orizzontale;Sereno;Normale;Buona;;0;0;0;1;12.5407;41.8886;-1;1;Autovettura privata;In marcia / fermata / arresto;Conducente;M;Illeso;0;;Non accertato;Inesploso
6028628;6;27/06/2022 15:00:00;Strada Urbana;VIA LUCHINO DAL VERME;in corrispondenza;;del civico n.;114;;Veicolo in marcia contro ostacolo accidentale;Rettilineo;Una carreggiata a senso unico di marcia;Asciutto;Asfaltata;Verticale ed orizzontale;Sereno;Normale;Buona;;0;0;0;1;12.5407;41.8886;-1;2;Autocarro superiore 35 q.;Sosta;;;;;;;
6028630;20;27/06/2022 14:20:00;Strada Urbana;VIALE DELLE GALLINE BIANCHE;da specificare;;;;prossimità palo luce 24;Scontro frontale/laterale SX fra veicoli in marcia;Rettilineo;Due carreggiate;Asciutto;Asfaltata;Assente;Sereno;Normale;Buona;;1;0;0;1;12.4902;41.9972;-1;1;Autovettura privata;In marcia / fermata / arresto;Conducente;F;Rimandato;0;NON DECEDUTO;Non accertato;Inesploso
6028630;20;27/06/2022 14:20:00;Strada Urbana;VIALE DELLE GALLINE BIANCHE;da specificare;;;;prossimità palo luce 24;Scontro frontale/laterale SX fra veicoli in marcia;Rettilineo;Due carreggiate;Asciutto;Asfaltata;Assente;Sereno;Normale;Buona;;1;0;0;1;12.4902;41.9972;-1;2;Autovettura privata;In marcia / fermata / arresto;Conducente;F;Illeso;0;;Non accertato;Inesploso
6028635;5;27/06/2022 10:20:00;Strada Urbana;VIALE FERNANDO SANTI;da specificare;;;;area parcheggio fr. via G. Cassiani;Veicolo in marcia contro ostacolo accidentale;Rettilineo;Una carreggiata a senso unico di marcia;Asciutto;Asfaltata;Verticale;Sereno;Scarso;Buona;;0;0;0;1;12.569;41.914;-1;1;Autocarro inferiore 35 q.;In marcia / fermata / arresto;Conducente;M;Illeso;0;;Non accertato;Inesploso
6028636;1;27/06/2022 12:35:00;Strada Urbana;VIA DEL TRITONE;da specificare;;;;altezza via Poli;Investimento di pedone;Rettilineo;Una carreggiata a doppio senso;Asciutto;Asfaltata;Verticale ed orizzontale;Sereno;Normale;Buona;;1;0;0;1;;;0;;;;Pedone;F;Ricoverato;0;NON DECEDUTO;;
6028636;1;27/06/2022 12:35:00;Strada Urbana;VIA DEL TRITONE;da specificare;;;;altezza via Poli;Investimento di pedone;Rettilineo;Una carreggiata a doppio senso;Asciutto;Asfaltata;Verticale ed orizzontale;Sereno;Normale;Buona;;1;0;0;1;;;0;1;Autobus di linea;In marcia / fermata / arresto;Conducente;F;Illeso;0;;;
6028640;5;27/06/2022 16:30:00;Strada Urbana;VIA BELMONTE IN SABINA;da specificare;;;;dir. Palombarese alt. svincolo inversione di marci;Scontro laterale fra veicoli in marcia;Rettilineo;Due carreggiate;Asciutto;Asfaltata;Verticale ed orizzontale;Sereno;Normale;Buona;;0;0;0;3;12.5937;41.9465;-1;1;Autovettura privata;In marcia / fermata / arresto;Conducente;M;Illeso;0;;;
6028640;5;27/06/2022 16:30:00;Strada Urbana;VIA BELMONTE IN SABINA;da specificare;;;;dir. Palombarese alt. svincolo inversione di marci;Scontro laterale fra veicoli in marcia;Rettilineo;Due carreggiate;Asciutto;Asfaltata;Verticale ed orizzontale;Sereno;Normale;Buona;;0;0;0;3;12.5937;41.9465;-1;1;Autovettura privata;In marcia / fermata / arresto;Passeggero;F;Illeso;0;;Non accertato;Inesploso
6028640;5;27/06/2022 16:30:00;Strada Urbana;VIA BELMONTE IN SABINA;da specificare;;;;dir. Palombarese alt. svincolo inversione di marci;Scontro laterale fra veicoli in marcia;Rettilineo;Due carreggiate;Asciutto;Asfaltata;Verticale ed orizzontale;Sereno;Normale;Buona;;0;0;0;3;12.5937;41.9465;-1;2;Autovettura privata;In marcia / fermata / arresto;Conducente;F;Illeso;0;;Non accertato;Inesploso
6028647;9;27/06/2022 21:40:00;Strada Urbana;VIALE DELL'UMANESIMO;all'intersezione semaforizzata con;VIA CRISTOFORO COLOMBO;VIA CRISTOFORO COLOMBO;;;Scontro laterale fra veicoli in marcia;Intersezione semaforizzata;Più di due carreggiate;Asciutto;Asfaltata;Verticale ed orizzontale;Nuvoloso;Scarso;Buona;;3;0;0;2;12.4676;41.8237;-1;1;Autovettura privata;In marcia / fermata / arresto;Conducente;M;Illeso;0;;Non accertato;Inesploso
6028647;9;27/06/2022 21:40:00;Strada Urbana;VIALE DELL'UMANESIMO;all'intersezione semaforizzata con;VIA CRISTOFORO COLOMBO;VIA CRISTOFORO COLOMBO;;;Scontro laterale fra veicoli in marcia;Intersezione semaforizzata;Più di due carreggiate;Asciutto;Asfaltata;Verticale ed orizzontale;Nuvoloso;Scarso;Buona;;3;0;0;2;12.4676;41.8237;-1;1;Autovettura privata;In marcia / fermata / arresto;Passeggero;F;Illeso;0;;Non accertato;Inesploso
6028647;9;27/06/2022 21:40:00;Strada Urbana;VIALE DELL'UMANESIMO;all'intersezione semaforizzata con;VIA CRISTOFORO COLOMBO;VIA CRISTOFORO COLOMBO;;;Scontro laterale fra veicoli in marcia;Intersezione semaforizzata;Più di due carreggiate;Asciutto;Asfaltata;Verticale ed orizzontale;Nuvoloso;Scarso;Buona;;3;0;0;2;12.4676;41.8237;-1;1;Autovettura privata;In marcia / fermata / arresto;Passeggero;F;Rimandato;0;NON DECEDUTO;;
6028647;9;27/06/2022 21:40:00;Strada Urbana;VIALE DELL'UMANESIMO;all'intersezione semaforizzata con;VIA CRISTOFORO COLOMBO;VIA CRISTOFORO COLOMBO;;;Scontro laterale fra veicoli in marcia;Intersezione semaforizzata;Più di due carreggiate;Asciutto;Asfaltata;Verticale ed orizzontale;Nuvoloso;Scarso;Buona;;3;0;0;2;12.4676;41.8237;-1;1;Autovettura privata;In marcia / fermata / arresto;Passeggero;F;Rimandato;0;NON DECEDUTO;Non accertato;Inesploso
6028647;9;27/06/2022 21:40:00;Strada Urbana;VIALE DELL'UMANESIMO;all'intersezione semaforizzata con;VIA CRISTOFORO COLOMBO;VIA CRISTOFORO COLOMBO;;;Scontro laterale fra veicoli in marcia;Intersezione semaforizzata;Più di due carreggiate;Asciutto;Asfaltata;Verticale ed orizzontale;Nuvoloso;Scarso;Buona;;3;0;0;2;12.4676;41.8237;-1;2;Autovettura privata;In marcia / fermata / arresto;Conducente;M;Rimandato;0;NON DECEDUTO;;
6028648;5;27/06/2022 16:45:00;Strada Urbana;VIA DEL PODERE ROSA;in corrispondenza;;del civico n.;133;;Scontro laterale fra veicoli in marcia;Rettilineo;Una carreggiata a doppio senso;Asciutto;Asfaltata;Verticale;Sereno;Scarso;Buona;;0;0;0;2;12.5652;41.9397;-1;1;Autovettura privata;In marcia / fermata / arresto;Conducente;F;Illeso;0;;Non accertato;Inesploso
6028648;5;27/06/2022 16:45:00;Strada Urbana;VIA DEL PODERE ROSA;in corrispondenza;;del civico n.;133;;Scontro laterale fra veicoli in marcia;Rettilineo;Una carreggiata a doppio senso;Asciutto;Asfaltata;Verticale;Sereno;Scarso;Buona;;0;0;0;2;12.5652;41.9397;-1;2;Motociclo a solo;In marcia / fermata / arresto;Conducente;M;Illeso;0;;;
6028648;5;27/06/2022 16:45:00;Strada Urbana;VIA DEL PODERE ROSA;in corrispondenza;;del civico n.;133;;Scontro laterale fra veicoli in marcia;Rettilineo;Una carreggiata a doppio senso;Asciutto;Asfaltata;Verticale;Sereno;Scarso;Buona;;0;0;0;2;12.5652;41.9397;-1;3;Autovettura privata;Sosta;;;;;;;
6028648;5;27/06/2022 16:45:00;Strada Urbana;VIA DEL PODERE ROSA;in corrispondenza;;del civico n.;133;;Scontro laterale fra veicoli in marcia;Rettilineo;Una carreggiata a doppio senso;Asciutto;Asfaltata;Verticale;Sereno;Scarso;Buona;;0;0;0;2;12.5652;41.9397;-1;4;Autovettura privata;Sosta;;;;;;;
6028652;6;27/06/2022 17:15:00;Strada Urbana;VIA PRENESTINA;in corrispondenza;;del civico n.;206;;Scontro frontale/laterale SX fra veicoli in marcia;Rettilineo;Due carreggiate;Asciutto;Asfaltata;Verticale ed orizzontale;Sereno;Normale;Buona;;0;0;0;2;12.5357;41.8922;-1;1;Autovettura privata;In marcia / fermata / arresto;Conducente;F;Illeso;0;;Non accertato;Inesploso
6028652;6;27/06/2022 17:15:00;Strada Urbana;VIA PRENESTINA;in corrispondenza;;del civico n.;206;;Scontro frontale/laterale SX fra veicoli in marcia;Rettilineo;Due carreggiate;Asciutto;Asfaltata;Verticale ed orizzontale;Sereno;Normale;Buona;;0;0;0;2;12.5357;41.8922;-1;2;Motociclo a solo;In marcia / fermata / arresto;Conducente;M;Illeso;0;;;
6028654;11;27/06/2022 17:15:00;Strada Urbana;VIALE GUGLIELMO MARCONI;all'intersezione semaforizzata con;VIA TEMISTOCLE CALZECCHI ONESTI;VIA TEMISTOCLE CALZECCHI ONESTI;;;Infortunio per sola frenata improvvisa;Intersezione semaforizzata;Due carreggiate;Asciutto;Asfaltata;Verticale ed orizzontale;Sereno;Normale;Buona;;2;0;0;0;12.4714;41.8572;-1;1;Motociclo a solo;In marcia / fermata / arresto;Conducente;M;Rimandato;0;NON DECEDUTO;Non accertato;
6028654;11;27/06/2022 17:15:00;Strada Urbana;VIALE GUGLIELMO MARCONI;all'intersezione semaforizzata con;VIA TEMISTOCLE CALZECCHI ONESTI;VIA TEMISTOCLE CALZECCHI ONESTI;;;Infortunio per sola frenata improvvisa;Intersezione semaforizzata;Due carreggiate;Asciutto;Asfaltata;Verticale ed orizzontale;Sereno;Normale;Buona;;2;0;0;0;12.4714;41.8572;-1;1;Motociclo a solo;In marcia / fermata / arresto;Passeggero;M;Rifiuta cure immediate;0;NON DECEDUTO;;
6028666;20;27/06/2022 16:00:00;Strada Urbana;VIA VILFREDO PARETO;da specificare;;;;altezza l.go P. Saraceno;Scontro laterale fra veicoli in marcia;Rettilineo;Una carreggiata a doppio senso;Asciutto;Asfaltata;Verticale ed orizzontale;Sereno;Normale;Buona;;0;0;0;2;12.465;41.9503;-1;1;Autocarro inferiore 35 q.;In marcia / fermata / arresto;Conducente;M;Illeso;0;;Non accertato;Inesploso
6028666;20;27/06/2022 16:00:00;Strada Urbana;VIA VILFREDO PARETO;da specificare;;;;altezza l.go P. Saraceno;Scontro laterale fra veicoli in marcia;Rettilineo;Una carreggiata a doppio senso;Asciutto;Asfaltata;Verticale ed orizzontale;Sereno;Normale;Buona;;0;0;0;2;12.465;41.9503;-1;2;Autovettura privata;In marcia / fermata / arresto;Conducente;M;Illeso;0;;;
6028667;10;28/06/2022 06:10:00;Statale;VIA APPIA NUOVA;da specificare;;;;svincolo GRA altezza civico 1277;Tamponamento;Rettilineo;Due carreggiate;Asciutto;Asfaltata;Verticale ed orizzontale;Sereno;Normale;Buona;;1;0;0;5;12.5717;41.8136;-1;1;Autovettura privata;In marcia / fermata / arresto;Conducente;M;Illeso;0;;Non accertato;Inesploso
6028667;10;28/06/2022 06:10:00;Statale;VIA APPIA NUOVA;da specificare;;;;svincolo GRA altezza civico 1277;Tamponamento;Rettilineo;Due carreggiate;Asciutto;Asfaltata;Verticale ed orizzontale;Sereno;Normale;Buona;;1;0;0;5;12.5717;41.8136;-1;1;Autovettura privata;In marcia / fermata / arresto;Passeggero;F;Illeso;0;;Non accertato;Inesploso
6028667;10;28/06/2022 06:10:00;Statale;VIA APPIA NUOVA;da specificare;;;;svincolo GRA altezza civico 1277;Tamponamento;Rettilineo;Due carreggiate;Asciutto;Asfaltata;Verticale ed orizzontale;Sereno;Normale;Buona;;1;0;0;5;12.5717;41.8136;-1;1;Autovettura privata;In marcia / fermata / arresto;Passeggero;M;Illeso;0;;Non accertato;Inesploso
6028667;10;28/06/2022 06:10:00;Statale;VIA APPIA NUOVA;da specificare;;;;svincolo GRA altezza civico 1277;Tamponamento;Rettilineo;Due carreggiate;Asciutto;Asfaltata;Verticale ed orizzontale;Sereno;Normale;Buona;;1;0;0;5;12.5717;41.8136;-1;2;Velocipede;In marcia / fermata / arresto;Conducente;M;Ricoverato;0;NON DECEDUTO;Esente;
6028668;12;27/06/2022 16:00:00;Comunale extraurbana;VIA DI PRATICA;da specificare;;;;di mare prossimità via castel romano;Veicolo in marcia contro ostacolo accidentale;Rettilineo;Una carreggiata a doppio senso;Asciutto;Asfaltata;Orizzontale;Sereno;Normale;Buona;;1;0;0;0;12.4383;41.6962;-1;1;Motociclo a solo;In marcia / fermata / arresto;Conducente;M;Rimandato;0;NON DECEDUTO;;
6028673;5;27/06/2022 18:05:00;Strada Urbana;VIA DI PIETRALATA;in corrispondenza;;del civico n.;493;;Investimento di pedone;Rettilineo;Una carreggiata a doppio senso;Asciutto;Asfaltata;Verticale ed orizzontale;Sereno;Normale;Buona;;1;0;0;1;12.5553;41.9175;-1;;;;Pedone;M;Rimandato;0;NON DECEDUTO;;
6028673;5;27/06/2022 18:05:00;Strada Urbana;VIA DI PIETRALATA;in corrispondenza;;del civico n.;493;;Investimento di pedone;Rettilineo;Una carreggiata a doppio senso;Asciutto;Asfaltata;Verticale ed orizzontale;Sereno;Normale;Buona;;1;0;0;1;12.5553;41.9175;-1;1;Motociclo a solo;In marcia / fermata / arresto;Conducente;M;Illeso;0;;;
6028709;11;27/06/2022 17:30:00;Strada Urbana;VIALE GUGLIELMO MARCONI;in prossimità;;del palo luce n.;86;;Tamponamento Multiplo;Rettilineo;Due carreggiate;Asciutto;Asfaltata;Verticale ed orizzontale;Sereno;Normale;Buona;;0;0;0;3;12.4713;41.8573;-1;1;Autovettura privata;In marcia / fermata / arresto;Conducente;F;Illeso;0;;Non accertato;Inesploso
6028709;11;27/06/2022 17:30:00;Strada Urbana;VIALE GUGLIELMO MARCONI;in prossimità;;del palo luce n.;86;;Tamponamento Multiplo;Rettilineo;Due carreggiate;Asciutto;Asfaltata;Verticale ed orizzontale;Sereno;Normale;Buona;;0;0;0;3;12.4713;41.8573;-1;2;Autovettura privata;In marcia / fermata / arresto;Conducente;M;Illeso;0;;Non accertato;Inesploso
6028709;11;27/06/2022 17:30:00;Strada Urbana;VIALE GUGLIELMO MARCONI;in prossimità;;del palo luce n.;86;;Tamponamento Multiplo;Rettilineo;Due carreggiate;Asciutto;Asfaltata;Verticale ed orizzontale;Sereno;Normale;Buona;;0;0;0;3;12.4713;41.8573;-1;3;Autovettura privata;In marcia / fermata / arresto;Conducente;M;Illeso;0;;Non accertato;Inesploso
6028728;6;27/06/2022 18:20:00;Strada Urbana;VIA LODOVICO PAVONI;in corrispondenza;;del civico n.;178;;Veicolo in marcia contro veicolo in sosta;Rettilineo;Una carreggiata a senso unico di marcia;Asciutto;Asfaltata;Verticale ed orizzontale;Sereno;Normale;Buona;;0;0;0;1;12.5416;41.8862;-1;1;Autocarro inferiore 35 q.;In marcia / fermata / arresto;Conducente;M;Illeso;0;;Non accertato;Inesploso