Protocollo;Gruppo;DataOraIncidente;Localizzazione1;STRADA1;Localizzazione2;STRADA2;Strada02;Chilometrica;DaSpecificare;NaturaIncidente;particolaritastrade;TipoStrada;FondoStradale;Pavimentazione;Segnaletica;CondizioneAtmosferica;Traffico;Visibilita;Illuminazione;NUM_FERITI;NUM_RISERVATA;NUM_MORTI;NUM_ILLESI;Longitude;Latitude;Confermato;Progressivo;TipoVeicolo;StatoVeicolo;TipoPersona;Sesso;Tipolesione;Deceduto;DecedutoDopo;CinturaCascoUtilizzato;Airbag;
6028728;6;27/06/2022 18:20:00;Strada Urbana;VIA LODOVICO PAVONI;in corrispondenza;;del civico n.;178;;Veicolo in marcia contro veicolo in sosta;Rettilineo;Una carreggiata a senso unico di marcia;Asciutto;Asfaltata;Verticale ed orizzontale;Sereno;Normale;Buona;;0;0;0;1;12.5416;41.8862;-1;2;Autovettura privata;Sosta;;;;;;;
6028729;1;27/06/2022 18:30:00;Strada Urbana;VIA VITTORIO VENETO;all'intersezione semaforizzata con;VIA LEONIDA BISSOLATI;VIA LEONIDA BISSOLATI;;;Scontro laterale fra veicoli in marcia;Intersezione stradale segnalata;Una carreggiata a doppio senso;Asciutto;Asfaltata;Verticale ed orizzontale;Sereno;Normale;Buona;;1;0;0;1;12.4895;41.9061;-1;1;Motociclo a solo;In marcia / fermata / arresto;Conducente;M;Rifiuta cure immediate;0;NON DECEDUTO;;
6028729;1;27/06/2022 18:30:00;Strada Urbana;VIA VITTORIO VENETO;all'intersezione semaforizzata con;VIA LEONIDA BISSOLATI;VIA LEONIDA BISSOLATI;;;Scontro laterale fra veicoli in marcia;Intersezione stradale segnalata;Una carreggiata a doppio senso;Asciutto;Asfaltata;Verticale ed orizzontale;Sereno;Normale;Buona;;1;0;0;1;12.4895;41.9061;-1;2;Autovettura privata;In marcia / fermata / arresto;Conducente;M;Illeso;0;;;
6028799;6;28/06/2022 04:30:00;Strada Urbana;VIA CASILINA;in corrispondenza;;del civico n.;1786/F;;Scontro frontale fra veicoli in marcia;Rettilineo;Una carreggiata a doppio senso;Asciutto;Asfaltata;Assente;Sereno;Scarso;Sufficiente;;0;0;0;3;12.6726;41.8639;-1;1;Autocarro inferiore 35 q.;In marcia / fermata / arresto;Conducente;M;Illeso;0;;Non accertato;Inesploso
6028799;6;28/06/2022 04:30:00;Strada Urbana;VIA CASILINA;in corrispondenza;;del civico n.;1786/F;;Scontro frontale fra veicoli in marcia;Rettilineo;Una carreggiata a doppio senso;Asciutto;Asfaltata;Assente;Sereno;Scarso;Sufficiente;;0;0;0;3;12.6726;41.8639;-1;2;Autovettura privata;In marcia / fermata / arresto;Conducente;M;Illeso;0;;Non accertato;Inesploso
6028799;6;28/06/2022 04:30:00;Strada Urbana;VIA CASILINA;in corrispondenza;;del civico n.;1786/F;;Scontro frontale fra veicoli in marcia;Rettilineo;Una carreggiata a doppio senso;Asciutto;Asfaltata;Assente;Sereno;Scarso;Sufficiente;;0;0;0;3;12.6726;41.8639;-1;2;Autovettura privata;In marcia / fermata / arresto;Passeggero;M;Illeso;0;;Non accertato;Inesploso
6028804;6;28/06/2022 08:30:00;Statale entro l'abitato;VIA CASILINA;in prossimità;;del civico n.;769;;Scontro laterale fra veicoli in marcia;Rettilineo;Due carreggiate;Asciutto;Asfaltata;Orizzontale;Sereno;Normale;Buona;;0;0;0;2;12.5567;41.8758;-1;1;Autocarro superiore 35 q.;In marcia / fermata / arresto;Conducente;M;Illeso;0;;Non accertato;Inesploso
6028804;6;28/06/2022 08:30:00;Statale entro l'abitato;VIA CASILINA;in prossimità;;del civico n.;769;;Scontro laterale fra veicoli in marcia;Rettilineo;Due carreggiate;Asciutto;Asfaltata;Orizzontale;Sereno;Normale;Buona;;0;0;0;2;12.5567;41.8758;-1;2;Autovettura privata;In marcia / fermata / arresto;Conducente;F;Illeso;0;;Non accertato;Inesploso
6028812;17;27/06/2022 17:45:00;Strada Urbana;LUNGOTEVERE DELLE ARMI;in corrispondenza;;del civico n.;20;;Tamponamento;Rettilineo;Una carreggiata a senso unico di marcia;Asciutto;Asfaltata;Verticale ed orizzontale;Sereno;Normale;Buona;;2;0;0;2;12.4694;41.9159;-1;;;;Pedone;M;Rimandato;0;NON DECEDUTO;;
6028812;17;27/06/2022 17:45:00;Strada Urbana;LUNGOTEVERE DELLE ARMI;in corrispondenza;;del civico n.;20;;Tamponamento;Rettilineo;Una carreggiata a senso unico di marcia;Asciutto;Asfaltata;Verticale ed orizzontale;Sereno;Normale;Buona;;2;0;0;2;12.4694;41.9159;-1;;;;Pedone;F;Rimandato;0;NON DECEDUTO;;
6028812;17;27/06/2022 17:45:00;Strada Urbana;LUNGOTEVERE DELLE ARMI;in corrispondenza;;del civico n.;20;;Tamponamento;Rettilineo;Una carreggiata a senso unico di marcia;Asciutto;Asfaltata;Verticale ed orizzontale;Sereno;Normale;Buona;;2;0;0;2;12.4694;41.9159;-1;1;Autocarro inferiore 35 q.;In marcia / fermata / arresto;Conducente;M;Illeso;0;;;
6028812;17;27/06/2022 17:45:00;Strada Urbana;LUNGOTEVERE DELLE ARMI;in corrispondenza;;del civico n.;20;;Tamponamento;Rettilineo;Una carreggiata a senso unico di marcia;Asciutto;Asfaltata;Verticale ed orizzontale;Sereno;Normale;Buona;;2;0;0;2;12.4694;41.9159;-1;2;Motociclo a solo;In marcia / fermata / arresto;Conducente;M;Illeso;0;;;
6028904;10;28/06/2022 09:40:00;Strada Urbana;VIA FILOMUSI GUELFI;all'intersezione con;VIA GIUSEPPE SAREDO;VIA GIUSEPPE SAREDO;;;Investimento di pedone;Incrocio;Due carreggiate;Asciutto;Asfaltata;Verticale ed orizzontale;Sereno;Normale;Buona;;1;0;0;1;12.5714;41.8626;-1;;;;Pedone;F;Rimandato;0;NON DECEDUTO;;
6028904;10;28/06/2022 09:40:00;Strada Urbana;VIA FILOMUSI GUELFI;all'intersezione con;VIA GIUSEPPE SAREDO;VIA GIUSEPPE SAREDO;;;Investimento di pedone;Incrocio;Due carreggiate;Asciutto;Asfaltata;Verticale ed orizzontale;Sereno;Normale;Buona;;1;0;0;1;12.5714;41.8626;-1;1;Autovettura privata;In marcia / fermata / arresto;Conducente;F;Illeso;0;;Non accertato;Inesistente
6028938;1;27/06/2022 19:35:00;Strada Urbana;CORSO VITTORIO EMANUELE II;in prossimità;;del civico n.;219;;Infortunio per sola frenata improvvisa;Rettilineo;Una carreggiata a doppio senso;Asciutto;Asfaltata;Verticale ed orizzontale;Sereno;Normale;Sufficiente;;1;0;0;1;12.4699;41.8975;-1;1;Autobus di linea;In marcia / fermata / arresto;Conducente;M;Illeso;0;;Non accertato;Inesploso
6028938;1;27/06/2022 19:35:00;Strada Urbana;CORSO VITTORIO EMANUELE II;in prossimità;;del civico n.;219;;Infortunio per sola frenata improvvisa;Rettilineo;Una carreggiata a doppio senso;Asciutto;Asfaltata;Verticale ed orizzontale;Sereno;Normale;Sufficiente;;1;0;0;1;12.4699;41.8975;-1;1;Autobus di linea;In marcia / fermata / arresto;Passeggero;F;Rimandato;0;NON DECEDUTO;Non accertato;Inesistente
6028989;17;27/06/2022 15:45:00;Strada Urbana;VIA ANTONIO LABRIOLA;in prossimità;;del civico n.;1;;Veicolo in marcia contro ostacolo fisso;Rettilineo;Una carreggiata a senso unico di marcia;Asciutto;Asfaltata;Verticale ed orizzontale;Sereno;Normale;Buona;;0;0;0;1;12.4467;41.9117;-1;1;Autovettura privata;In marcia / fermata / arresto;Conducente;M;Illeso;0;;;
6028993;3;24/06/2022 21:30:00;Strada Urbana;VIA APPENNINI;in prossimità;;del civico n.;54;;Veicolo in marcia contro veicoli in sosta;Rettilineo;Una carreggiata a senso unico di marcia;Asciutto;Asfaltata;Verticale ed orizzontale;Sereno;Scarso;Buona;;0;0;0;2;12.5106;41.9193;-1;1;Autovettura privata;In marcia / fermata / arresto;Conducente;M;Illeso;0;;;
6028993;3;24/06/2022 21:30:00;Strada Urbana;VIA APPENNINI;in prossimità;;del civico n.;54;;Veicolo in marcia contro veicoli in sosta;Rettilineo;Una carreggiata a senso unico di marcia;Asciutto;Asfaltata;Verticale ed orizzontale;Sereno;Scarso;Buona;;0;0;0;2;12.5106;41.9193;-1;1;Autovettura privata;In marcia / fermata / arresto;Passeggero;F;Illeso;0;;;Inesploso
6028993;3;24/06/2022 21:30:00;Strada Urbana;VIA APPENNINI;in prossimità;;del civico n.;54;;Veicolo in marcia contro veicoli in sosta;Rettilineo;Una carreggiata a senso unico di marcia;Asciutto;Asfaltata;Verticale ed orizzontale;Sereno;Scarso;Buona;;0;0;0;2;12.5106;41.9193;-1;2;Autovettura privata;Sosta;;;;;;;
6028993;3;24/06/2022 21:30:00;Strada Urbana;VIA APPENNINI;in prossimità;;del civico n.;54;;Veicolo in marcia contro veicoli in sosta;Rettilineo;Una carreggiata a senso unico di marcia;Asciutto;Asfaltata;Verticale ed orizzontale;Sereno;Scarso;Buona;;0;0;0;2;12.5106;41.9193;-1;3;Autovettura privata;Sosta;;;;;;;
6028993;3;24/06/2022 21:30:00;Strada Urbana;VIA APPENNINI;in prossimità;;del civico n.;54;;Veicolo in marcia contro veicoli in sosta;Rettilineo;Una carreggiata a senso unico di marcia;Asciutto;Asfaltata;Verticale ed orizzontale;Sereno;Scarso;Buona;;0;0;0;2;12.5106;41.9193;-1;4;Autovettura privata;Sosta;;;;;;;
6028994;1;27/06/2022 08:40:00;Strada Urbana;VIALE MARCO POLO;all'intersezione semaforizzata con;VIA LUIGI ROBECCHI BRICHETTI;VIA LUIGI ROBECCHI BRICHETTI;;;Scontro laterale fra veicoli in marcia;Intersezione semaforizzata;Una carreggiata a doppio senso;Asciutto;Asfaltata;Verticale ed orizzontale;Sereno;Normale;Buona;;2;0;0;1;12.4893;41.8728;-1;1;Autovettura pubblica;In marcia / fermata / arresto;Conducente;M;Illeso;0;;;
6028994;1;27/06/2022 08:40:00;Strada Urbana;VIALE MARCO POLO;all'intersezione semaforizzata con;VIA LUIGI ROBECCHI BRICHETTI;VIA LUIGI ROBECCHI BRICHETTI;;;Scontro laterale fra veicoli in marcia;Intersezione semaforizzata;Una carreggiata a doppio senso;Asciutto;Asfaltata;Verticale ed orizzontale;Sereno;Normale;Buona;;2;0;0;1;12.4893;41.8728;-1;2;Motociclo con passeggero;In marcia / fermata / arresto;Conducente;F;Rimandato;0;NON DECEDUTO;;
6028994;1;27/06/2022 08:40:00;Strada Urbana;VIALE MARCO POLO;all'intersezione semaforizzata con;VIA LUIGI ROBECCHI BRICHETTI;VIA LUIGI ROBECCHI BRICHETTI;;;Scontro laterale fra veicoli in marcia;Intersezione semaforizzata;Una carreggiata a doppio senso;Asciutto;Asfaltata;Verticale ed orizzontale;Sereno;Normale;Buona;;2;0;0;1;12.4893;41.8728;-1;2;Motociclo con passeggero;In marcia / fermata / arresto;Passeggero;F;Rimandato;0;NON DECEDUTO;;
6028995;10;28/06/2022 11:00:00;Strada Urbana;VIA LUCIO TREBELLIO;all'intersezione con;VIA LATTARICO;VIA LATTARICO;;;Scontro frontale/laterale SX fra veicoli in marcia;Incrocio;Due carreggiate;Asciutto;Asfaltata;Verticale ed orizzontale;Sereno;Normale;Buona;;0;0;0;2;12.6124;41.8228;-1;1;Autocarro inferiore 35 q.;In marcia / fermata / arresto;Conducente;M;Illeso;0;;Non utilizzato;Inesploso
6028995;10;28/06/2022 11:00:00;Strada Urbana;VIA LUCIO TREBELLIO;all'intersezione con;VIA LATTARICO;VIA LATTARICO;;;Scontro frontale/laterale SX fra veicoli in marcia;Incrocio;Due carreggiate;Asciutto;Asfaltata;Verticale ed orizzontale;Sereno;Normale;Buona;;0;0;0;2;12.6124;41.8228;-1;2;Autovettura privata;In marcia / fermata / arresto;Conducente;M;Illeso;0;;Non accertato;Esploso
6029005;17;27/06/2022 15:00:00;Strada Urbana;PIAZZA GIUSEPPE MAZZINI;in prossimità;;del civico n.;8;;Scontro frontale/laterale SX fra veicoli in marcia;Rotatoria;Una carreggiata a senso unico di marcia;Asciutto;Asfaltata;Verticale ed orizzontale;Sereno;Scarso;Buona;;0;0;0;2;12.4633;41.9156;-1;1;Autovettura privata;In marcia / fermata / arresto;Conducente;M;Illeso;0;;;
6029005;17;27/06/2022 15:00:00;Strada Urbana;PIAZZA GIUSEPPE MAZZINI;in prossimità;;del civico n.;8;;Scontro frontale/laterale SX fra veicoli in marcia;Rotatoria;Una carreggiata a senso unico di marcia;Asciutto;Asfaltata;Verticale ed orizzontale;Sereno;Scarso;Buona;;0;0;0;2;12.4633;41.9156;-1;2;Motociclo a solo;In marcia / fermata / arresto;Conducente;M;Illeso;0;;;
6029011;3;27/06/2022 17:15:00;Strada Urbana;PIAZZALE DEL VERANO;all'intersezione semaforizzata con;VIALE REGINA ELENA;VIALE REGINA ELENA;;;Scontro frontale/laterale DX fra veicoli in marcia;Intersezione semaforizzata;Una carreggiata a senso unico di marcia;Asciutto;Asfaltata;Verticale ed orizzontale;Sereno;Normale;Buona;;1;0;0;3;12.5188;41.9016;-1;1;Autovettura privata;In marcia / fermata / arresto;Conducente;M;Ricoverato;0;NON DECEDUTO;;
6029011;3;27/06/2022 17:15:00;Strada Urbana;PIAZZALE DEL VERANO;all'intersezione semaforizzata con;VIALE REGINA ELENA;VIALE REGINA ELENA;;;Scontro frontale/laterale DX fra veicoli in marcia;Intersezione semaforizzata;Una carreggiata a senso unico di marcia;Asciutto;Asfaltata;Verticale ed orizzontale;Sereno;Normale;Buona;;1;0;0;3;12.5188;41.9016;-1;2;Autoambulanza;In marcia / fermata / arresto;Conducente;M;Illeso;0;;;
6029011;3;27/06/2022 17:15:00;Strada Urbana;PIAZZALE DEL VERANO;all'intersezione semaforizzata con;VIALE REGINA ELENA;VIALE REGINA ELENA;;;Scontro frontale/laterale DX fra veicoli in marcia;Intersezione semaforizzata;Una carreggiata a senso unico di marcia;Asciutto;Asfaltata;Verticale ed orizzontale;Sereno;Normale;Buona;;1;0;0;3;12.5188;41.9016;-1;2;Autoambulanza;In marcia / fermata / arresto;Passeggero;F;Illeso;0;;;
6029011;3;27/06/2022 17:15:00;Strada Urbana;PIAZZALE DEL VERANO;all'intersezione semaforizzata con;VIALE REGINA ELENA;VIALE REGINA ELENA;;;Scontro frontale/laterale DX fra veicoli in marcia;Intersezione semaforizzata;Una carreggiata a senso unico di marcia;Asciutto;Asfaltata;Verticale ed orizzontale;Sereno;Normale;Buona;;1;0;0;3;12.5188;41.9016;-1;2;Autoambulanza;In marcia / fermata / arresto;Passeggero;F;Illeso;0;;;
6029021;19;27/06/2022 15:06:00;Strada Urbana;LARGO DAMIANO CHIESA;in corrispondenza;;del civico n.;5;;Veicolo in marcia contro ostacolo fisso;Rettilineo;Una carreggiata a doppio senso;Asciutto;Asfaltata;Verticale;Sereno;Normale;Buona;;0;0;0;1;12.4377;41.9196;-1;1;Autovettura privata;In marcia / fermata / arresto;Conducente;M;Illeso;0;;;
6029039;1;27/06/2022 19:10:00;Strada Urbana;VIA TOMACELLI;da specificare;;;;altezza varco ztl;Veicolo in marcia contro ostacolo accidentale;Rettilineo;Una carreggiata a doppio senso;Asciutto;Con buche;Verticale ed orizzontale;Sereno;Normale;Buona;;1;0;0;0;12.4771;41.9048;0;1;Monopattino elettrico;In marcia / fermata / arresto;Conducente;F;Rimandato;0;NON DECEDUTO;;
6029054;19;27/06/2022 16:00:00;Strada Urbana;VIA DELLA BALDUINA;in prossimità;;del civico n.;146;;Veicolo in marcia contro veicolo in sosta;Rettilineo;Una carreggiata a doppio senso;Asciutto;Asfaltata;Orizzontale;Sereno;Scarso;Buona;;0;0;0;1;12.4389;41.9211;-1;1;Autovettura privata;Sosta;;;;;;;
6029054;19;27/06/2022 16:00:00;Strada Urbana;VIA DELLA BALDUINA;in prossimità;;del civico n.;146;;Veicolo in marcia contro veicolo in sosta;Rettilineo;Una carreggiata a doppio senso;Asciutto;Asfaltata;Orizzontale;Sereno;Scarso;Buona;;0;0;0;1;12.4389;41.9211;-1;2;Autovettura privata;Sosta;;;;;;;
6029054;19;27/06/2022 16:00:00;Strada Urbana;VIA DELLA BALDUINA;in prossimità;;del civico n.;146;;Veicolo in marcia contro veicolo in sosta;Rettilineo;Una carreggiata a doppio senso;Asciutto;Asfaltata;Orizzontale;Sereno;Scarso;Buona;;0;0;0;1;12.4389;41.9211;-1;3;Autovettura privata;In marcia / fermata / arresto;Conducente;M;Illeso;0;;;
6029054;19;27/06/2022 16:00:00;Strada Urbana;VIA DELLA BALDUINA;in prossimità;;del civico n.;146;;Veicolo in marcia contro veicolo in sosta;Rettilineo;Una carreggiata a doppio senso;Asciutto;Asfaltata;Orizzontale;Sereno;Scarso;Buona;;0;0;0;1;12.4389;41.9211;-1;4;Motociclo a solo;Sosta;;;;;;;
6029063;3;25/06/2022 17:30:00;Strada Urbana;VIA NOMENTANA;all'intersezione semaforizzata con;VIA GIUSEPPE TOMASSETTI;VIA GIUSEPPE TOMASSETTI;;;Infortunio per sola frenata improvvisa;Intersezione semaforizzata;Più di due carreggiate;Asciutto;Asfaltata;Verticale ed orizzontale;Sereno;Normale;Buona;;1;0;0;2;12.5176;41.9207;-1;1;Autovettura privata;In marcia / fermata / arresto;Conducente;M;Illeso;0;;;
6029063;3;25/06/2022 17:30:00;Strada Urbana;VIA NOMENTANA;all'intersezione semaforizzata con;VIA GIUSEPPE TOMASSETTI;VIA GIUSEPPE TOMASSETTI;;;Infortunio per sola frenata improvvisa;Intersezione semaforizzata;Più di due carreggiate;Asciutto;Asfaltata;Verticale ed orizzontale;Sereno;Normale;Buona;;1;0;0;2;12.5176;41.9207;-1;1;Autovettura privata;In marcia / fermata / arresto;Passeggero;M;Illeso;0;;;
6029063;3;25/06/2022 17:30:00;Strada Urbana;VIA NOMENTANA;all'intersezione semaforizzata con;VIA GIUSEPPE TOMASSETTI;VIA GIUSEPPE TOMASSETTI;;;Infortunio per sola frenata improvvisa;Intersezione semaforizzata;Più di due carreggiate;Asciutto;Asfaltata;Verticale ed orizzontale;Sereno;Normale;Buona;;1;0;0;2;12.5176;41.9207;-1;2;Ciclomotore;In marcia / fermata / arresto;Conducente;F;Ricoverato;0;NON DECEDUTO;;
6029069;1;28/06/2022 08:25:00;Strada Urbana;LARGO ANGELICUM;in corrispondenza;;del civico n.;1;;Scontro laterale fra veicoli in marcia;Rettilineo;Una carreggiata a senso unico di marcia;Asciutto;In cubetti di porfido;Assente;Sereno;Normale;Buona;;0;0;0;3;12.4883;41.8954;-1;1;Autocarro inferiore 35 q.;In marcia / fermata / arresto;Conducente;M;Illeso;0;;;
6029069;1;28/06/2022 08:25:00;Strada Urbana;LARGO ANGELICUM;in corrispondenza;;del civico n.;1;;Scontro laterale fra veicoli in marcia;Rettilineo;Una carreggiata a senso unico di marcia;Asciutto;In cubetti di porfido;Assente;Sereno;Normale;Buona;;0;0;0;3;12.4883;41.8954;-1;1;Autocarro inferiore 35 q.;In marcia / fermata / arresto;Passeggero;M;Illeso;0;;;
6029069;1;28/06/2022 08:25:00;Strada Urbana;LARGO ANGELICUM;in corrispondenza;;del civico n.;1;;Scontro laterale fra veicoli in marcia;Rettilineo;Una carreggiata a senso unico di marcia;Asciutto;In cubetti di porfido;Assente;Sereno;Normale;Buona;;0;0;0;3;12.4883;41.8954;-1;2;Autovettura di polizia;In marcia / fermata / arresto;Conducente;M;Illeso;0;;;
6029115;3;27/06/2022 08:45:00;Strada Urbana;VIA NOMENTANA;in prossimità;;del civico n.;149;;Tamponamento;Rettilineo;Una carreggiata a doppio senso;Asciutto;Asfaltata;Verticale ed orizzontale;Sereno;Intenso;Buona;;2;0;0;0;12.5051;41.9122;-1;1;Motociclo con passeggero;In marcia / fermata / arresto;Conducente;F;Ricoverato;0;NON DECEDUTO;;
6029115;3;27/06/2022 08:45:00;Strada Urbana;VIA NOMENTANA;in prossimità;;del civico n.;149;;Tamponamento;Rettilineo;Una carreggiata a doppio senso;Asciutto;Asfaltata;Verticale ed orizzontale;Sereno;Intenso;Buona;;2;0;0;0;12.5051;41.9122;-1;2;Motociclo con passeggero;In marcia / fermata / arresto;Conducente;M;Ricoverato;0;NON DECEDUTO;;
6029119;3;25/06/2022 22:15:00;;VIALE DELLO SCALO S. LORENZO;in prossimità;;del civico n.;75;;Infortunio per sola frenata improvvisa;;;;;;;;;;0;0;0;2;;;0;1;Autovettura privata;In marcia / fermata / arresto;Conducente;M;Illeso;0;;;
6029119;3;25/06/2022 22:15:00;;VIALE DELLO SCALO S. LORENZO;in prossimità;;del civico n.;75;;Infortunio per sola frenata improvvisa;;;;;;;;;;0;0;0;2;;;0;2;Autovettura privata;In marcia / fermata / arresto;Conducente;M;Illeso;0;;;
6029128;9;28/06/2022 11:15:00;Strada Urbana;VIA APPIA NUOVA;all'intersezione con;VIALE FURIO CAMILLO;VIALE FURIO CAMILLO;;;Investimento di pedone;Intersezione stradale segnalata;Due carreggiate;Asciutto;Asfaltata;Verticale ed orizzontale;Sereno;Normale;Buona;;1;0;0;2;12.5232;41.8748;-1;;;;Pedone;M;Rimandato;0;NON DECEDUTO;;
6029128;9;28/06/2022 11:15:00;Strada Urbana;VIA APPIA NUOVA;all'intersezione con;VIALE FURIO CAMILLO;VIALE FURIO CAMILLO;;;Investimento di pedone;Intersezione stradale segnalata;Due carreggiate;Asciutto;Asfaltata;Verticale ed orizzontale;Sereno;Normale;Buona;;1;0;0;2;12.5232;41.8748;-1;1;Autovettura privata;In marcia / fermata / arresto;Conducente;M;Illeso;0;;Non accertato;Inesploso
6029128;9;28/06/2022 11:15:00;Strada Urbana;VIA APPIA NUOVA;all'intersezione con;VIALE FURIO CAMILLO;VIALE FURIO CAMILLO;;;Investimento di pedone;Intersezione stradale segnalata;Due carreggiate;Asciutto;Asfaltata;Verticale ed orizzontale;Sereno;Normale;Buona;;1;0;0;2;12.5232;41.8748;-1;1;Autovettura privata;In marcia / fermata / arresto;Passeggero;F;Illeso;0;;Non accertato;Inesploso
6029129;19;28/06/2022 07:50:00;Strada Urbana;VIA DELLA VALLE DEI FONTANILI;all'intersezione con;VIA GIUSEPPE GUICCIARDI;VIA GIUSEPPE GUICCIARDI;;;Investimento di pedone;Intersezione non regolata/non segnalata;Una carreggiata a doppio senso;Asciutto;Asfaltata;Orizzontale;Sereno;Normale;Buona;;1;0;0;1;12.4095;41.9235;-1;;;;Pedone;M;Rifiuta cure immediate;0;NON DECEDUTO;;
6029129;19;28/06/2022 07:50:00;Strada Urbana;VIA DELLA VALLE DEI FONTANILI;all'intersezione con;VIA GIUSEPPE GUICCIARDI;VIA GIUSEPPE GUICCIARDI;;;Investimento di pedone;Intersezione non regolata/non segnalata;Una carreggiata a doppio senso;Asciutto;Asfaltata;Orizzontale;Sereno;Normale;Buona;;1;0;0;1;12.4095;41.9235;-1;1;Autovettura privata;In marcia / fermata / arresto;Conducente;F;Illeso;0;;Non accertato;Inesploso
6029139;10;28/06/2022 10:40:00;Strada Urbana;VIA IGNAZIO SCIMONELLI;all'intersezione con;VIA PIETRO ROSANO;VIA PIETRO ROSANO;;;Scontro frontale/laterale SX fra veicoli in marcia;Intersezione stradale segnalata;Una carreggiata a doppio senso;Asciutto;Asfaltata;Verticale ed orizzontale;Sereno;Normale;Buona;;0;0;0;2;12.5947;41.8451;-1;1;Autovettura privata;In marcia / fermata / arresto;Conducente;M;Illeso;0;;Non accertato;Inesploso
6029139;10;28/06/2022 10:40:00;Strada Urbana;VIA IGNAZIO SCIMONELLI;all'intersezione con;VIA PIETRO ROSANO;VIA PIETRO ROSANO;;;Scontro frontale/laterale SX fra veicoli in marcia;Intersezione stradale segnalata;Una carreggiata a doppio senso;Asciutto;Asfaltata;Verticale ed orizzontale;Sereno;Normale;Buona;;0;0;0;2;12.5947;41.8451;-1;2;Autovettura privata;In marcia / fermata / arresto;Conducente;M;Illeso;0;;Non accertato;Inesploso
6029141;9;28/06/2022 11:05:00;Strada Urbana;VIA GELA;all'intersezione semaforizzata con;PIAZZA DI PONTE LUNGO;PIAZZA DI PONTE LUNGO;;;Investimento di pedone;Intersezione semaforizzata;Più di due carreggiate;Asciutto;Asfaltata;Verticale ed orizzontale;Sereno;Normale;Buona;;1;0;0;1;12.5192;41.8778;-1;;;;Pedone;F;Rimandato;0;NON DECEDUTO;;
6029141;9;28/06/2022 11:05:00;Strada Urbana;VIA GELA;all'intersezione semaforizzata con;PIAZZA DI PONTE LUNGO;PIAZZA DI PONTE LUNGO;;;Investimento di pedone;Intersezione semaforizzata;Più di due carreggiate;Asciutto;Asfaltata;Verticale ed orizzontale;Sereno;Normale;Buona;;1;0;0;1;12.5192;41.8778;-1;1;Autovettura pubblica;In marcia / fermata / arresto;Conducente;M;Illeso;0;;;
6029170;16;26/06/2022 22:00:00;Strada Urbana;VIA DI BRAVETTA;all'intersezione con;VIA DEI TEBALDESCHI;VIA DEI TEBALDESCHI;;;Scontro frontale/laterale SX fra veicoli in marcia;Incrocio;Una carreggiata a doppio senso;Asciutto;Asfaltata;Orizzontale;Sereno;Normale;Buona;;1;0;0;1;12.4257;41.8762;-1;1;Autovettura privata;In marcia / fermata / arresto;Conducente;M;Illeso;0;;Non accertato;
6029170;16;26/06/2022 22:00:00;Strada Urbana;VIA DI BRAVETTA;all'intersezione con;VIA DEI TEBALDESCHI;VIA DEI TEBALDESCHI;;;Scontro frontale/laterale SX fra veicoli in marcia;Incrocio;Una carreggiata a doppio senso;Asciutto;Asfaltata;Orizzontale;Sereno;Normale;Buona;;1;0;0;1;12.4257;41.8762;-1;2;Motociclo a solo;In marcia / fermata / arresto;Conducente;M;Rimandato;0;NON DECEDUTO;Non accertato;
6029185;1;28/06/2022 08:45:00;Strada Urbana;LUNGOTEVERE TESTACCIO;in corrispondenza;;del civico n.;32;;Tamponamento;Rettilineo;Una carreggiata a doppio senso;Asciutto;Asfaltata;Verticale ed orizzontale;Sereno;Normale;Buona;;1;0;0;1;12.4718;41.8798;-1;1;Autocarro inferiore 35 q.;In marcia / fermata / arresto;Conducente;M;Illeso;0;;Non accertato;Inesploso
6029185;1;28/06/2022 08:45:00;Strada Urbana;LUNGOTEVERE TESTACCIO;in corrispondenza;;del civico n.;32;;Tamponamento;Rettilineo;Una carreggiata a doppio senso;Asciutto;Asfaltata;Verticale ed orizzontale;Sereno;Normale;Buona;;1;0;0;1;12.4718;41.8798;-1;2;Motociclo a solo;In marcia / fermata / arresto;Conducente;F;Ricoverato;0;NON DECEDUTO;Non accertato;
6029185;1;28/06/2022 08:45:00;Strada Urbana;LUNGOTEVERE TESTACCIO;in corrispondenza;;del civico n.;32;;Tamponamento;Rettilineo;Una carreggiata a doppio senso;Asciutto;Asfaltata;Verticale ed orizzontale;Sereno;Normale;Buona;;1;0;0;1;12.4718;41.8798;-1;3;Autovettura privata;Sosta;;;;;;;
6029219;1;28/06/2022 09:45:00;Strada Urbana;VIA MONTEBELLO;all'intersezione con;VIA MENTANA;VIA MENTANA;;;Scontro frontale/laterale SX fra veicoli in marcia;Incrocio;Una carreggiata a doppio senso;Asciutto;In cubetti di porfido;Verticale ed orizzontale;Sereno;Normale;Buona;;1;0;0;1;12.5012;41.9063;-1;1;Motociclo a solo;In marcia / fermata / arresto;Conducente;M;Rimandato;0;NON DECEDUTO;;
6029219;1;28/06/2022 09:45:00;Strada Urbana;VIA MONTEBELLO;all'intersezione con;VIA MENTANA;VIA MENTANA;;;Scontro frontale/laterale SX fra veicoli in marcia;Incrocio;Una carreggiata a doppio senso;Asciutto;In cubetti di porfido;Verticale ed orizzontale;Sereno;Normale;Buona;;1;0;0;1;12.5012;41.9063;-1;2;Autovettura privata;In marcia / fermata / arresto;Conducente;F;Illeso;0;;;