Protocollo;Gruppo;DataOraIncidente;Localizzazione1;STRADA1;Localizzazione2;STRADA2;Strada02;Chilometrica;DaSpecificare;NaturaIncidente;particolaritastrade;TipoStrada;FondoStradale;Pavimentazione;Segnaletica;CondizioneAtmosferica;Traffico;Visibilita;Illuminazione;NUM_FERITI;NUM_RISERVATA;NUM_MORTI;NUM_ILLESI;Longitude;Latitude;Confermato;Progressivo;TipoVeicolo;StatoVeicolo;TipoPersona;Sesso;Tipolesione;Deceduto;DecedutoDopo;CinturaCascoUtilizzato;Airbag;
6029223;16;27/06/2022 08:30:00;Strada Urbana;VIA LORENZO VALLA;in prossimità;;del civico n.;5a;;Veicolo in marcia contro veicoli in sosta;Rettilineo;Una carreggiata a doppio senso;Asciutto;Lastricata;Assente;Sereno;Scarso;Buona;;0;0;0;1;12.4638;41.8744;-1;1;Autocarro superiore 35 q.;In marcia / fermata / arresto;Conducente;M;Illeso;0;;Non accertato;Inesploso
6029223;16;27/06/2022 08:30:00;Strada Urbana;VIA LORENZO VALLA;in prossimità;;del civico n.;5a;;Veicolo in marcia contro veicoli in sosta;Rettilineo;Una carreggiata a doppio senso;Asciutto;Lastricata;Assente;Sereno;Scarso;Buona;;0;0;0;1;12.4638;41.8744;-1;2;Autovettura privata;Sosta;;;;;;;
6029223;16;27/06/2022 08:30:00;Strada Urbana;VIA LORENZO VALLA;in prossimità;;del civico n.;5a;;Veicolo in marcia contro veicoli in sosta;Rettilineo;Una carreggiata a doppio senso;Asciutto;Lastricata;Assente;Sereno;Scarso;Buona;;0;0;0;1;12.4638;41.8744;-1;3;Autovettura privata;Sosta;;;;;;;
6029229;12;28/06/2022 07:10:00;Strada Urbana;VIALE IGNAZIO SILONE;da specificare;;;;fronte civico 220;Scontro frontale/laterale DX fra veicoli in marcia;Rettilineo;Due carreggiate;Asciutto;Asfaltata;Verticale ed orizzontale;Sereno;Scarso;Buona;;0;0;0;3;12.4762;41.8135;-1;1;Autovettura privata;In marcia / fermata / arresto;Conducente;M;Illeso;0;;;
6029229;12;28/06/2022 07:10:00;Strada Urbana;VIALE IGNAZIO SILONE;da specificare;;;;fronte civico 220;Scontro frontale/laterale DX fra veicoli in marcia;Rettilineo;Due carreggiate;Asciutto;Asfaltata;Verticale ed orizzontale;Sereno;Scarso;Buona;;0;0;0;3;12.4762;41.8135;-1;1;Autovettura privata;In marcia / fermata / arresto;Passeggero;F;Illeso;0;;;
6029229;12;28/06/2022 07:10:00;Strada Urbana;VIALE IGNAZIO SILONE;da specificare;;;;fronte civico 220;Scontro frontale/laterale DX fra veicoli in marcia;Rettilineo;Due carreggiate;Asciutto;Asfaltata;Verticale ed orizzontale;Sereno;Scarso;Buona;;0;0;0;3;12.4762;41.8135;-1;2;Autovettura privata;In marcia / fermata / arresto;Conducente;M;Illeso;0;;;
6029248;9;28/06/2022 11:04:00;Strada Urbana;VIA TOMMASO FORTIFIOCCA;all'intersezione con;VIA CARLO DENINA;VIA CARLO DENINA;;;Scontro frontale/laterale DX fra veicoli in marcia;Intersezione stradale segnalata;Una carreggiata a doppio senso;Asciutto;Asfaltata;Verticale ed orizzontale;Sereno;Normale;Buona;;1;0;0;1;12.5234;41.87;-1;1;Autovettura privata;In marcia / fermata / arresto;Conducente;M;Illeso;0;;Non accertato;Inesploso
6029248;9;28/06/2022 11:04:00;Strada Urbana;VIA TOMMASO FORTIFIOCCA;all'intersezione con;VIA CARLO DENINA;VIA CARLO DENINA;;;Scontro frontale/laterale DX fra veicoli in marcia;Intersezione stradale segnalata;Una carreggiata a doppio senso;Asciutto;Asfaltata;Verticale ed orizzontale;Sereno;Normale;Buona;;1;0;0;1;12.5234;41.87;-1;2;Motociclo a solo;In marcia / fermata / arresto;Conducente;M;Rimandato;0;NON DECEDUTO;Non accertato;
6029255;1;28/06/2022 10:38:00;Strada Urbana;PIAZZA GIUDITTA TAVANI ARQUATI;all'intersezione con;VIA GUSTAVO MODENA;VIA GUSTAVO MODENA;;;Scontro frontale/laterale SX fra veicoli in marcia;Incrocio;Una carreggiata a senso unico di marcia;Asciutto;In cubetti di porfido;Verticale ed orizzontale;Nebbia;Intenso;Buona;;1;0;0;1;12.473;41.8898;-1;1;Motociclo a solo;In marcia / fermata / arresto;Conducente;M;Rimandato;0;NON DECEDUTO;;
6029255;1;28/06/2022 10:38:00;Strada Urbana;PIAZZA GIUDITTA TAVANI ARQUATI;all'intersezione con;VIA GUSTAVO MODENA;VIA GUSTAVO MODENA;;;Scontro frontale/laterale SX fra veicoli in marcia;Incrocio;Una carreggiata a senso unico di marcia;Asciutto;In cubetti di porfido;Verticale ed orizzontale;Nebbia;Intenso;Buona;;1;0;0;1;12.473;41.8898;-1;2;Autocarro inferiore 35 q.;In marcia / fermata / arresto;Conducente;M;Illeso;0;;;
6029259;16;27/06/2022 17:00:00;Strada Urbana;VIA BERNARDINO RAMAZZINI;da specificare;;;;fc 66;Tamponamento;Rettilineo;Due carreggiate;Asciutto;Asfaltata;Verticale ed orizzontale;Sereno;Normale;Buona;;0;0;0;3;12.4505;41.8666;-1;1;Autovettura privata;In marcia / fermata / arresto;Conducente;F;Illeso;0;;Non accertato;Inesploso
6029259;16;27/06/2022 17:00:00;Strada Urbana;VIA BERNARDINO RAMAZZINI;da specificare;;;;fc 66;Tamponamento;Rettilineo;Due carreggiate;Asciutto;Asfaltata;Verticale ed orizzontale;Sereno;Normale;Buona;;0;0;0;3;12.4505;41.8666;-1;1;Autovettura privata;In marcia / fermata / arresto;Passeggero;F;Illeso;0;;Non accertato;Inesploso
6029259;16;27/06/2022 17:00:00;Strada Urbana;VIA BERNARDINO RAMAZZINI;da specificare;;;;fc 66;Tamponamento;Rettilineo;Due carreggiate;Asciutto;Asfaltata;Verticale ed orizzontale;Sereno;Normale;Buona;;0;0;0;3;12.4505;41.8666;-1;2;Autovettura privata;In marcia / fermata / arresto;Conducente;F;Illeso;0;;Non accertato;Inesploso
6029278;16;27/06/2022 17:30:00;Strada Urbana;PORTO DI RIPA GRANDE;all'intersezione con;PIAZZA DI PORTA PORTESE;PIAZZA DI PORTA PORTESE;;;Scontro laterale fra veicoli in marcia;Intersezione semaforizzata;Una carreggiata a senso unico di marcia;Asciutto;Asfaltata;Verticale ed orizzontale;Sereno;Intenso;Sufficiente;;0;0;0;3;12.4766;41.8852;-1;1;Autovettura privata;In marcia / fermata / arresto;Conducente;M;Illeso;0;;Non accertato;
6029278;16;27/06/2022 17:30:00;Strada Urbana;PORTO DI RIPA GRANDE;all'intersezione con;PIAZZA DI PORTA PORTESE;PIAZZA DI PORTA PORTESE;;;Scontro laterale fra veicoli in marcia;Intersezione semaforizzata;Una carreggiata a senso unico di marcia;Asciutto;Asfaltata;Verticale ed orizzontale;Sereno;Intenso;Sufficiente;;0;0;0;3;12.4766;41.8852;-1;1;Autovettura privata;In marcia / fermata / arresto;Passeggero;M;Illeso;0;;Non accertato;
6029278;16;27/06/2022 17:30:00;Strada Urbana;PORTO DI RIPA GRANDE;all'intersezione con;PIAZZA DI PORTA PORTESE;PIAZZA DI PORTA PORTESE;;;Scontro laterale fra veicoli in marcia;Intersezione semaforizzata;Una carreggiata a senso unico di marcia;Asciutto;Asfaltata;Verticale ed orizzontale;Sereno;Intenso;Sufficiente;;0;0;0;3;12.4766;41.8852;-1;2;Autovettura privata;In marcia / fermata / arresto;Conducente;F;Illeso;0;;Non accertato;
6029279;6;28/06/2022 13:45:00;Strada Urbana;VIA TOR DE' SCHIAVI;in corrispondenza;;del civico n.;285 B;;Scontro laterale fra veicoli in marcia;Rettilineo;Una carreggiata a senso unico di marcia;Asciutto;Asfaltata;Orizzontale;Sereno;Normale;Buona;;2;0;0;2;12.5603;41.891;-1;1;Autocarro inferiore 35 q.;In marcia / fermata / arresto;Conducente;M;Illeso;0;;Non accertato;Inesploso
6029279;6;28/06/2022 13:45:00;Strada Urbana;VIA TOR DE' SCHIAVI;in corrispondenza;;del civico n.;285 B;;Scontro laterale fra veicoli in marcia;Rettilineo;Una carreggiata a senso unico di marcia;Asciutto;Asfaltata;Orizzontale;Sereno;Normale;Buona;;2;0;0;2;12.5603;41.891;-1;1;Autocarro inferiore 35 q.;In marcia / fermata / arresto;Passeggero;M;Illeso;0;;Non accertato;Inesploso
6029279;6;28/06/2022 13:45:00;Strada Urbana;VIA TOR DE' SCHIAVI;in corrispondenza;;del civico n.;285 B;;Scontro laterale fra veicoli in marcia;Rettilineo;Una carreggiata a senso unico di marcia;Asciutto;Asfaltata;Orizzontale;Sereno;Normale;Buona;;2;0;0;2;12.5603;41.891;-1;2;Motociclo con passeggero;In marcia / fermata / arresto;Conducente;M;Rimandato;0;NON DECEDUTO;Non accertato;
6029279;6;28/06/2022 13:45:00;Strada Urbana;VIA TOR DE' SCHIAVI;in corrispondenza;;del civico n.;285 B;;Scontro laterale fra veicoli in marcia;Rettilineo;Una carreggiata a senso unico di marcia;Asciutto;Asfaltata;Orizzontale;Sereno;Normale;Buona;;2;0;0;2;12.5603;41.891;-1;2;Motociclo con passeggero;In marcia / fermata / arresto;Passeggero;F;Rimandato;0;NON DECEDUTO;Utilizzato;
6029304;16;27/06/2022 11:00:00;Strada Urbana;VIA DI MALAGROTTA;in prossimità;;del palo luce n.;102;;Scontro frontale/laterale DX fra veicoli in marcia;Rettilineo;Una carreggiata a doppio senso;Asciutto;Asfaltata;Verticale;Sereno;Normale;Buona;;2;0;0;0;12.3291;41.8634;-1;1;Autovettura privata;In marcia / fermata / arresto;Conducente;F;Rimandato;0;NON DECEDUTO;Non accertato;Esploso
6029304;16;27/06/2022 11:00:00;Strada Urbana;VIA DI MALAGROTTA;in prossimità;;del palo luce n.;102;;Scontro frontale/laterale DX fra veicoli in marcia;Rettilineo;Una carreggiata a doppio senso;Asciutto;Asfaltata;Verticale;Sereno;Normale;Buona;;2;0;0;0;12.3291;41.8634;-1;2;Autovettura privata;In marcia / fermata / arresto;Conducente;M;Rifiuta cure immediate;0;NON DECEDUTO;Non accertato;
6029314;15;28/06/2022 10:25:00;Strada Urbana;VIA ANTONINO LO SURDO;in corrispondenza;;del civico n.;14;;Infortunio per sola frenata improvvisa;Rettilineo;Una carreggiata a senso unico di marcia;Asciutto;Asfaltata;Verticale ed orizzontale;Sereno;Scarso;Buona;;1;0;0;2;12.4711;41.8633;-1;1;Autovettura privata;In marcia / fermata / arresto;Conducente;M;Illeso;0;;Non accertato;Inesploso
6029314;15;28/06/2022 10:25:00;Strada Urbana;VIA ANTONINO LO SURDO;in corrispondenza;;del civico n.;14;;Infortunio per sola frenata improvvisa;Rettilineo;Una carreggiata a senso unico di marcia;Asciutto;Asfaltata;Verticale ed orizzontale;Sereno;Scarso;Buona;;1;0;0;2;12.4711;41.8633;-1;1;Autovettura privata;In marcia / fermata / arresto;Passeggero;F;Illeso;0;;Non accertato;Inesploso
6029314;15;28/06/2022 10:25:00;Strada Urbana;VIA ANTONINO LO SURDO;in corrispondenza;;del civico n.;14;;Infortunio per sola frenata improvvisa;Rettilineo;Una carreggiata a senso unico di marcia;Asciutto;Asfaltata;Verticale ed orizzontale;Sereno;Scarso;Buona;;1;0;0;2;12.4711;41.8633;-1;2;Motociclo a solo;In marcia / fermata / arresto;Conducente;M;Rimandato;0;NON DECEDUTO;Non accertato;
6029322;1;28/06/2022 10:36:00;Strada Urbana;VIALE DEL MONTE OPPIO;all'intersezione con;VIA DELLE TERME DI TRAIANO;VIA DELLE TERME DI TRAIANO;;;Scontro frontale/laterale DX fra veicoli in marcia;Incrocio;Una carreggiata a doppio senso;Asciutto;Asfaltata;Verticale ed orizzontale;Sereno;Scarso;Buona;;0;0;0;4;;;0;1;Autovettura privata;In marcia / fermata / arresto;Conducente;F;Illeso;0;;;
6029322;1;28/06/2022 10:36:00;Strada Urbana;VIALE DEL MONTE OPPIO;all'intersezione con;VIA DELLE TERME DI TRAIANO;VIA DELLE TERME DI TRAIANO;;;Scontro frontale/laterale DX fra veicoli in marcia;Incrocio;Una carreggiata a doppio senso;Asciutto;Asfaltata;Verticale ed orizzontale;Sereno;Scarso;Buona;;0;0;0;4;;;0;2;Autovettura privata;In marcia / fermata / arresto;Conducente;M;Illeso;0;;;
6029322;1;28/06/2022 10:36:00;Strada Urbana;VIALE DEL MONTE OPPIO;all'intersezione con;VIA DELLE TERME DI TRAIANO;VIA DELLE TERME DI TRAIANO;;;Scontro frontale/laterale DX fra veicoli in marcia;Incrocio;Una carreggiata a doppio senso;Asciutto;Asfaltata;Verticale ed orizzontale;Sereno;Scarso;Buona;;0;0;0;4;;;0;2;Autovettura privata;In marcia / fermata / arresto;Passeggero;F;Illeso;0;;;
6029362;15;28/06/2022 12:35:00;Strada Urbana;VIA PIAN DUE TORRI;all'intersezione con;VIA SESTO FIORENTINO;VIA SESTO FIORENTINO;;;Scontro frontale/laterale DX fra veicoli in marcia;Incrocio;Una carreggiata a senso unico di marcia;Asciutto;Asfaltata;Verticale ed orizzontale;Sereno;Normale;Buona;;0;0;0;2;12.4621;41.8496;-1;1;Autocarro inferiore 35 q.;In marcia / fermata / arresto;Conducente;M;Illeso;0;;Non accertato;Inesploso
6029362;15;28/06/2022 12:35:00;Strada Urbana;VIA PIAN DUE TORRI;all'intersezione con;VIA SESTO FIORENTINO;VIA SESTO FIORENTINO;;;Scontro frontale/laterale DX fra veicoli in marcia;Incrocio;Una carreggiata a senso unico di marcia;Asciutto;Asfaltata;Verticale ed orizzontale;Sereno;Normale;Buona;;0;0;0;2;12.4621;41.8496;-1;2;Autovettura privata;In marcia / fermata / arresto;Conducente;F;Illeso;0;;Non accertato;Inesploso
6029362;15;28/06/2022 12:35:00;Strada Urbana;VIA PIAN DUE TORRI;all'intersezione con;VIA SESTO FIORENTINO;VIA SESTO FIORENTINO;;;Scontro frontale/laterale DX fra veicoli in marcia;Incrocio;Una carreggiata a senso unico di marcia;Asciutto;Asfaltata;Verticale ed orizzontale;Sereno;Normale;Buona;;0;0;0;2;12.4621;41.8496;-1;3;Autovettura privata;Sosta;;;;;;;
6029372;1;26/06/2022 01:00:00;Strada Urbana;PIAZZA DI S. MARTINO AI MONTI;all'intersezione con;VIA GIOVANNI LANZA;VIA GIOVANNI LANZA;;;Veicolo in marcia contro veicolo fermo;Incrocio;Una carreggiata a doppio senso;Asciutto;Asfaltata;Verticale ed orizzontale;Sereno;Scarso;Sufficiente;;0;0;0;2;;;0;1;Autovettura privata;In marcia / fermata / arresto;Conducente;M;Illeso;0;;;
6029372;1;26/06/2022 01:00:00;Strada Urbana;PIAZZA DI S. MARTINO AI MONTI;all'intersezione con;VIA GIOVANNI LANZA;VIA GIOVANNI LANZA;;;Veicolo in marcia contro veicolo fermo;Incrocio;Una carreggiata a doppio senso;Asciutto;Asfaltata;Verticale ed orizzontale;Sereno;Scarso;Sufficiente;;0;0;0;2;;;0;2;Monopattino elettrico;In marcia / fermata / arresto;Conducente;M;Illeso;0;;;
6029410;1;26/06/2022 20:00:00;Strada Urbana;VIA DELLA MERCEDE;in corrispondenza;;del civico n.;55;;Veicolo in marcia contro ostacolo accidentale;Rettilineo;Una carreggiata a senso unico di marcia;Asciutto;In cubetti di porfido;Verticale ed orizzontale;Sereno;Scarso;Buona;;0;0;0;1;;;0;1;Autovettura privata;In marcia / fermata / arresto;Conducente;M;Illeso;0;;;
6029454;1;27/06/2022 19:40:00;Strada Urbana;VIA LUIGI PETROSELLI;da specificare;;;;fronte civ 52;Tamponamento Multiplo;Rettilineo;Due carreggiate;Asciutto;In cubetti di porfido;Verticale ed orizzontale;Sereno;;Buona;;0;0;0;3;12.481;41.89;-1;1;Autovettura privata;In marcia / fermata / arresto;Conducente;F;Illeso;0;;Non accertato;Inesploso
6029454;1;27/06/2022 19:40:00;Strada Urbana;VIA LUIGI PETROSELLI;da specificare;;;;fronte civ 52;Tamponamento Multiplo;Rettilineo;Due carreggiate;Asciutto;In cubetti di porfido;Verticale ed orizzontale;Sereno;;Buona;;0;0;0;3;12.481;41.89;-1;2;Autovettura di polizia;In marcia / fermata / arresto;Conducente;M;Illeso;0;;Non accertato;Inesploso
6029454;1;27/06/2022 19:40:00;Strada Urbana;VIA LUIGI PETROSELLI;da specificare;;;;fronte civ 52;Tamponamento Multiplo;Rettilineo;Due carreggiate;Asciutto;In cubetti di porfido;Verticale ed orizzontale;Sereno;;Buona;;0;0;0;3;12.481;41.89;-1;3;Autovettura pubblica;In marcia / fermata / arresto;Conducente;M;Illeso;0;;Non accertato;Inesploso
6029493;1;28/06/2022 14:10:00;Strada Urbana;LUNGOTEVERE IN AUGUSTA;in prossimità;;del civico n.;28;;Veicolo in marcia contro ostacolo accidentale;Rettilineo;Una carreggiata a senso unico di marcia;Asciutto;Asfaltata;Verticale ed orizzontale;Vento forte;Normale;Buona;;0;0;0;1;12.4735;41.9096;-1;1;Motociclo a solo;In marcia / fermata / arresto;Conducente;M;Illeso;0;;;
6029562;6;28/06/2022 14:10:00;Strada Urbana;VIA PRENESTINA;in corrispondenza;;del civico n.;321;;Veicolo in marcia contro veicolo in sosta;Rettilineo;Più di due carreggiate;Asciutto;Asfaltata;Verticale ed orizzontale;Sereno;Scarso;Buona;;0;0;0;1;12.5505;41.8939;-1;1;Monopattino elettrico;In marcia / fermata / arresto;Conducente;M;Illeso;0;;Non accertato;Inesistente
6029562;6;28/06/2022 14:10:00;Strada Urbana;VIA PRENESTINA;in corrispondenza;;del civico n.;321;;Veicolo in marcia contro veicolo in sosta;Rettilineo;Più di due carreggiate;Asciutto;Asfaltata;Verticale ed orizzontale;Sereno;Scarso;Buona;;0;0;0;1;12.5505;41.8939;-1;2;Autovettura privata;Sosta;;;;;;;
6029607;3;27/06/2022 20:45:00;Strada Urbana;CORSO FRANCIA;in prossimità;;del civico n.;214;;Veicolo in marcia contro ostacolo fisso;Rettilineo;Più di due carreggiate;Asciutto;Asfaltata;Verticale ed orizzontale;Sereno;Scarso;Sufficiente;;0;0;0;1;12.4693;41.9453;-1;1;Autovettura privata;In marcia / fermata / arresto;Conducente;F;Illeso;0;;;
6029871;11;28/06/2022 09:55:00;Statale entro l'abitato;VIA ARDEATINA;da specificare;;;;PROSSIMITA' VIA DI G. PERFETTA;Scontro laterale fra veicoli in marcia;Rettilineo;Una carreggiata a doppio senso;Asciutto;Asfaltata;Orizzontale;Sereno;Intenso;Buona;;0;0;0;3;12.5182;41.8295;-1;1;Autovettura privata;In marcia / fermata / arresto;Conducente;F;Illeso;0;;Non accertato;
6029871;11;28/06/2022 09:55:00;Statale entro l'abitato;VIA ARDEATINA;da specificare;;;;PROSSIMITA' VIA DI G. PERFETTA;Scontro laterale fra veicoli in marcia;Rettilineo;Una carreggiata a doppio senso;Asciutto;Asfaltata;Orizzontale;Sereno;Intenso;Buona;;0;0;0;3;12.5182;41.8295;-1;2;Motociclo a solo;In marcia / fermata / arresto;Conducente;M;Illeso;0;;Non accertato;
6029871;11;28/06/2022 09:55:00;Statale entro l'abitato;VIA ARDEATINA;da specificare;;;;PROSSIMITA' VIA DI G. PERFETTA;Scontro laterale fra veicoli in marcia;Rettilineo;Una carreggiata a doppio senso;Asciutto;Asfaltata;Orizzontale;Sereno;Intenso;Buona;;0;0;0;3;12.5182;41.8295;-1;3;Autovettura privata;In marcia / fermata / arresto;Conducente;F;Illeso;0;;Non accertato;
6029879;11;28/06/2022 10:45:00;Strada Urbana;VIALE GIUSTINIANO IMPERATORE;all'intersezione con;VIA GABRIELLO CHIABRERA;VIA GABRIELLO CHIABRERA;;;Scontro laterale fra veicoli in marcia;Intersezione stradale segnalata;Più di due carreggiate;Asciutto;Asfaltata;Verticale ed orizzontale;Sereno;Normale;Buona;;0;0;0;2;12.4798;41.8565;-1;1;Autovettura privata;In marcia / fermata / arresto;Conducente;F;Illeso;0;;;
6029879;11;28/06/2022 10:45:00;Strada Urbana;VIALE GIUSTINIANO IMPERATORE;all'intersezione con;VIA GABRIELLO CHIABRERA;VIA GABRIELLO CHIABRERA;;;Scontro laterale fra veicoli in marcia;Intersezione stradale segnalata;Più di due carreggiate;Asciutto;Asfaltata;Verticale ed orizzontale;Sereno;Normale;Buona;;0;0;0;2;12.4798;41.8565;-1;2;Autovettura privata;In marcia / fermata / arresto;Conducente;M;Illeso;0;;;
6029889;11;30/06/2022 13:10:00;Strada Urbana;VIA DI VIGNA MURATA;da specificare;;;;FRONTE CIV. 200;Tamponamento;Rettilineo;Due carreggiate;Asciutto;Asfaltata;Verticale ed orizzontale;Sereno;Normale;Buona;;2;0;0;1;12.4988;41.8263;-1;1;Autovettura privata;In marcia / fermata / arresto;Conducente;M;Illeso;0;;;
6029889;11;30/06/2022 13:10:00;Strada Urbana;VIA DI VIGNA MURATA;da specificare;;;;FRONTE CIV. 200;Tamponamento;Rettilineo;Due carreggiate;Asciutto;Asfaltata;Verticale ed orizzontale;Sereno;Normale;Buona;;2;0;0;1;12.4988;41.8263;-1;1;Autovettura privata;In marcia / fermata / arresto;Passeggero;F;Rimandato;0;NON DECEDUTO;;
6029889;11;30/06/2022 13:10:00;Strada Urbana;VIA DI VIGNA MURATA;da specificare;;;;FRONTE CIV. 200;Tamponamento;Rettilineo;Due carreggiate;Asciutto;Asfaltata;Verticale ed orizzontale;Sereno;Normale;Buona;;2;0;0;1;12.4988;41.8263;-1;2;Autovettura privata;In marcia / fermata / arresto;Conducente;F;Rimandato;0;NON DECEDUTO;;
6030042;15;28/06/2022 14:50:00;Strada Urbana;VIA DELLA CASETTA MATTEI;all'intersezione con;LARGO DEI DELLA BITTA;LARGO DEI DELLA BITTA;;;Veicolo in marcia contro ostacolo fisso;Intersezione non regolata/non segnalata;Una carreggiata a doppio senso;Asciutto;Asfaltata;Verticale ed orizzontale;Sereno;Normale;Buona;;0;0;0;2;12.4196;41.8579;-1;1;Autovettura privata;In marcia / fermata / arresto;Conducente;M;Illeso;0;;Non accertato;Esploso
6030042;15;28/06/2022 14:50:00;Strada Urbana;VIA DELLA CASETTA MATTEI;all'intersezione con;LARGO DEI DELLA BITTA;LARGO DEI DELLA BITTA;;;Veicolo in marcia contro ostacolo fisso;Intersezione non regolata/non segnalata;Una carreggiata a doppio senso;Asciutto;Asfaltata;Verticale ed orizzontale;Sereno;Normale;Buona;;0;0;0;2;12.4196;41.8579;-1;2;Autovettura privata;In marcia / fermata / arresto;Conducente;F;Illeso;0;;Non accertato;Inesploso
6030047;15;28/06/2022 17:20:00;Strada Urbana;VIA ODERISI DA GUBBIO;da specificare;;;;fronte civico 266;Scontro frontale/laterale DX fra veicoli in marcia;Rettilineo;Una carreggiata a doppio senso;Asciutto;Asfaltata;Orizzontale;Sereno;Normale;Buona;;1;0;0;1;12.4653;41.8654;-1;1;Autovettura privata;In marcia / fermata / arresto;Conducente;F;Illeso;0;;Non accertato;Inesploso
6030047;15;28/06/2022 17:20:00;Strada Urbana;VIA ODERISI DA GUBBIO;da specificare;;;;fronte civico 266;Scontro frontale/laterale DX fra veicoli in marcia;Rettilineo;Una carreggiata a doppio senso;Asciutto;Asfaltata;Orizzontale;Sereno;Normale;Buona;;1;0;0;1;12.4653;41.8654;-1;2;Motociclo a solo;In marcia / fermata / arresto;Conducente;M;Rimandato;0;NON DECEDUTO;Non accertato;
6030067;6;28/06/2022 16:15:00;Strada Urbana;VIA DI ACQUA BULLICANTE;in corrispondenza;;del civico n.;47;;Scontro laterale fra veicoli in marcia;Rettilineo;Una carreggiata a doppio senso;Asciutto;Asfaltata;Verticale ed orizzontale;Sereno;Normale;Buona;;0;0;0;4;12.5431;41.8817;-1;1;Autovettura privata;In marcia / fermata / arresto;Conducente;F;Illeso;0;;Non accertato;Inesploso
6030067;6;28/06/2022 16:15:00;Strada Urbana;VIA DI ACQUA BULLICANTE;in corrispondenza;;del civico n.;47;;Scontro laterale fra veicoli in marcia;Rettilineo;Una carreggiata a doppio senso;Asciutto;Asfaltata;Verticale ed orizzontale;Sereno;Normale;Buona;;0;0;0;4;12.5431;41.8817;-1;1;Autovettura privata;In marcia / fermata / arresto;Passeggero;F;Illeso;0;;Non accertato;Inesploso
6030067;6;28/06/2022 16:15:00;Strada Urbana;VIA DI ACQUA BULLICANTE;in corrispondenza;;del civico n.;47;;Scontro laterale fra veicoli in marcia;Rettilineo;Una carreggiata a doppio senso;Asciutto;Asfaltata;Verticale ed orizzontale;Sereno;Normale;Buona;;0;0;0;4;12.5431;41.8817;-1;1;Autovettura privata;In marcia / fermata / arresto;Passeggero;M;Illeso;0;;;Inesploso
6030067;6;28/06/2022 16:15:00;Strada Urbana;VIA DI ACQUA BULLICANTE;in corrispondenza;;del civico n.;47;;Scontro laterale fra veicoli in marcia;Rettilineo;Una carreggiata a doppio senso;Asciutto;Asfaltata;Verticale ed orizzontale;Sereno;Normale;Buona;;0;0;0;4;12.5431;41.8817;-1;2;Autovettura privata;In marcia / fermata / arresto;Conducente;M;Illeso;0;;Non accertato;Inesploso
6030084;12;27/06/2022 14:00:00;Strada Urbana;VIA DI ACQUA ACETOSA OSTIENSE;all'intersezione con;VIA CRISTOFORO COLOMBO;VIA CRISTOFORO COLOMBO;;;Scontro laterale fra veicoli in marcia;Intersezione stradale segnalata;Due carreggiate;Asciutto;Asfaltata;Verticale ed orizzontale;Sereno;Normale;Buona;;0;0;0;2;12.4809;41.8016;-1;1;Autovettura privata;In marcia / fermata / arresto;Conducente;M;Illeso;0;;;
6030084;12;27/06/2022 14:00:00;Strada Urbana;VIA DI ACQUA ACETOSA OSTIENSE;all'intersezione con;VIA CRISTOFORO COLOMBO;VIA CRISTOFORO COLOMBO;;;Scontro laterale fra veicoli in marcia;Intersezione stradale segnalata;Due carreggiate;Asciutto;Asfaltata;Verticale ed orizzontale;Sereno;Normale;Buona;;0;0;0;2;12.4809;41.8016;-1;2;Autovettura privata;In marcia / fermata / arresto;Conducente;M;Illeso;0;;;
6030100;6;28/06/2022 22:00:00;Strada Urbana;VIA PIETRO ROMANO;all'intersezione con;VIA CORNELIO SISENNA;VIA CORNELIO SISENNA;;;Scontro frontale/laterale DX fra veicoli in marcia;Incrocio;Una carreggiata a doppio senso;Asciutto;Asfaltata;Verticale;Sereno;Scarso;Sufficiente;;1;0;0;1;12.5767;41.8698;-1;1;Autovettura privata;In marcia / fermata / arresto;Conducente;F;Illeso;0;;Non accertato;Inesploso
6030100;6;28/06/2022 22:00:00;Strada Urbana;VIA PIETRO ROMANO;all'intersezione con;VIA CORNELIO SISENNA;VIA CORNELIO SISENNA;;;Scontro frontale/laterale DX fra veicoli in marcia;Incrocio;Una carreggiata a doppio senso;Asciutto;Asfaltata;Verticale;Sereno;Scarso;Sufficiente;;1;0;0;1;12.5767;41.8698;-1;2;Autovettura privata;In marcia / fermata / arresto;Conducente;F;Rifiuta cure immediate;0;NON DECEDUTO;Non accertato;Inesploso
6030108;12;28/06/2022 17:10:00;Provinciale;VIA LAURENTINA;da specificare;;;;in prossimità di Via Boscotrecase;Scontro laterale fra veicoli in marcia;Curva a visuale libera;Una carreggiata a doppio senso;Asciutto;Asfaltata;Verticale ed orizzontale;Sereno;Normale;Buona;;0;0;0;4;12.5015;41.75;-1;1;Autovettura privata;In marcia / fermata / arresto;Conducente;M;Illeso;0;;;
6030108;12;28/06/2022 17:10:00;Provinciale;VIA LAURENTINA;da specificare;;;;in prossimità di Via Boscotrecase;Scontro laterale fra veicoli in marcia;Curva a visuale libera;Una carreggiata a doppio senso;Asciutto;Asfaltata;Verticale ed orizzontale;Sereno;Normale;Buona;;0;0;0;4;12.5015;41.75;-1;2;Autovettura privata;In marcia / fermata / arresto;Conducente;F;Illeso;0;;;