Protocollo;Gruppo;DataOraIncidente;Localizzazione1;STRADA1;Localizzazione2;STRADA2;Strada02;Chilometrica;DaSpecificare;NaturaIncidente;particolaritastrade;TipoStrada;FondoStradale;Pavimentazione;Segnaletica;CondizioneAtmosferica;Traffico;Visibilita;Illuminazione;NUM_FERITI;NUM_RISERVATA;NUM_MORTI;NUM_ILLESI;Longitude;Latitude;Confermato;Progressivo;TipoVeicolo;StatoVeicolo;TipoPersona;Sesso;Tipolesione;Deceduto;DecedutoDopo;CinturaCascoUtilizzato;Airbag;
6030108;12;28/06/2022 17:10:00;Provinciale;VIA LAURENTINA;da specificare;;;;in prossimità di Via Boscotrecase;Scontro laterale fra veicoli in marcia;Curva a visuale libera;Una carreggiata a doppio senso;Asciutto;Asfaltata;Verticale ed orizzontale;Sereno;Normale;Buona;;0;0;0;4;12.5015;41.75;-1;2;Autovettura privata;In marcia / fermata / arresto;Passeggero;F;Illeso;0;;;
6030108;12;28/06/2022 17:10:00;Provinciale;VIA LAURENTINA;da specificare;;;;in prossimità di Via Boscotrecase;Scontro laterale fra veicoli in marcia;Curva a visuale libera;Una carreggiata a doppio senso;Asciutto;Asfaltata;Verticale ed orizzontale;Sereno;Normale;Buona;;0;0;0;4;12.5015;41.75;-1;2;Autovettura privata;In marcia / fermata / arresto;Passeggero;M;Illeso;0;;;
6030131;1;29/06/2022 03:50:00;Strada Urbana;VIA QUATTRO NOVEMBRE;in corrispondenza;;del civico n.;108;;Investimento di pedone;Rettilineo;Una carreggiata a doppio senso;Asciutto;Asfaltata;Orizzontale;Sereno;Scarso;Sufficiente;;2;0;0;1;12.4845;41.8971;-1;;;;Pedone;M;Ricoverato;0;NON DECEDUTO;;
6030131;1;29/06/2022 03:50:00;Strada Urbana;VIA QUATTRO NOVEMBRE;in corrispondenza;;del civico n.;108;;Investimento di pedone;Rettilineo;Una carreggiata a doppio senso;Asciutto;Asfaltata;Orizzontale;Sereno;Scarso;Sufficiente;;2;0;0;1;12.4845;41.8971;-1;;;;Pedone;F;Ricoverato;0;NON DECEDUTO;;
6030131;1;29/06/2022 03:50:00;Strada Urbana;VIA QUATTRO NOVEMBRE;in corrispondenza;;del civico n.;108;;Investimento di pedone;Rettilineo;Una carreggiata a doppio senso;Asciutto;Asfaltata;Orizzontale;Sereno;Scarso;Sufficiente;;2;0;0;1;12.4845;41.8971;-1;1;Autobus urbano;In marcia / fermata / arresto;Conducente;M;Illeso;0;;;
6030153;1;28/06/2022 14:10:00;Strada Urbana;VIALE MARCO POLO;da specificare;;;;altezza via Beccari;Veicolo in marcia contro ostacolo accidentale;Rettilineo;Più di due carreggiate;Asciutto;Asfaltata;Verticale ed orizzontale;Nuvoloso;Normale;Buona;;1;0;0;0;;;0;1;Autovettura privata;In marcia / fermata / arresto;Conducente;M;Rifiuta cure immediate;0;NON DECEDUTO;;
6030178;1;29/06/2022 02:30:00;Strada Urbana;VIA DANDOLO;da specificare;;;;altezza palo acea 22;Veicolo in marcia contro veicoli in sosta;Curva a visuale libera;Una carreggiata a doppio senso;Asciutto;Asfaltata;Verticale ed orizzontale;Sereno;Scarso;Buona;;0;0;0;0;12.4664;41.8853;-1;1;Autovettura privata;Allontanatosi;;;;;;;
6030178;1;29/06/2022 02:30:00;Strada Urbana;VIA DANDOLO;da specificare;;;;altezza palo acea 22;Veicolo in marcia contro veicoli in sosta;Curva a visuale libera;Una carreggiata a doppio senso;Asciutto;Asfaltata;Verticale ed orizzontale;Sereno;Scarso;Buona;;0;0;0;0;12.4664;41.8853;-1;2;Autovettura privata;Sosta;;;;;;;
6030178;1;29/06/2022 02:30:00;Strada Urbana;VIA DANDOLO;da specificare;;;;altezza palo acea 22;Veicolo in marcia contro veicoli in sosta;Curva a visuale libera;Una carreggiata a doppio senso;Asciutto;Asfaltata;Verticale ed orizzontale;Sereno;Scarso;Buona;;0;0;0;0;12.4664;41.8853;-1;3;Autovettura privata;Sosta;;;;;;;
6030238;6;28/06/2022 21:10:00;Strada Urbana;VIA CASILINA;da specificare;;;;altezza via SILICELLA;Tamponamento;Rettilineo;Più di due carreggiate;Asciutto;Asfaltata;Verticale ed orizzontale;Sereno;Normale;Sufficiente;;1;0;0;1;12.5987;41.8657;-1;1;Autovettura privata;In marcia / fermata / arresto;Conducente;M;Rifiuta cure immediate;0;NON DECEDUTO;Non accertato;Inesploso
6030238;6;28/06/2022 21:10:00;Strada Urbana;VIA CASILINA;da specificare;;;;altezza via SILICELLA;Tamponamento;Rettilineo;Più di due carreggiate;Asciutto;Asfaltata;Verticale ed orizzontale;Sereno;Normale;Sufficiente;;1;0;0;1;12.5987;41.8657;-1;2;Autovettura privata;In marcia / fermata / arresto;Conducente;M;Illeso;0;;;
6030248;9;28/06/2022 12:50:00;Strada Urbana;VIA GENZANO;all'intersezione con;VIA ALBANO;VIA ALBANO;;;Scontro frontale/laterale SX fra veicoli in marcia;Intersezione stradale segnalata;Una carreggiata a doppio senso;Asciutto;Asfaltata;Verticale ed orizzontale;Nuvoloso;Normale;Buona;;2;0;0;1;12.5322;41.8705;-1;1;Autovettura privata;In marcia / fermata / arresto;Conducente;M;Illeso;0;;Non accertato;Inesploso
6030248;9;28/06/2022 12:50:00;Strada Urbana;VIA GENZANO;all'intersezione con;VIA ALBANO;VIA ALBANO;;;Scontro frontale/laterale SX fra veicoli in marcia;Intersezione stradale segnalata;Una carreggiata a doppio senso;Asciutto;Asfaltata;Verticale ed orizzontale;Nuvoloso;Normale;Buona;;2;0;0;1;12.5322;41.8705;-1;2;Motociclo con passeggero;In marcia / fermata / arresto;Conducente;M;Rimandato;0;NON DECEDUTO;Non accertato;
6030248;9;28/06/2022 12:50:00;Strada Urbana;VIA GENZANO;all'intersezione con;VIA ALBANO;VIA ALBANO;;;Scontro frontale/laterale SX fra veicoli in marcia;Intersezione stradale segnalata;Una carreggiata a doppio senso;Asciutto;Asfaltata;Verticale ed orizzontale;Nuvoloso;Normale;Buona;;2;0;0;1;12.5322;41.8705;-1;2;Motociclo con passeggero;In marcia / fermata / arresto;Passeggero;M;Rimandato;0;NON DECEDUTO;Non accertato;
6030266;15;29/06/2022 09:45:00;Strada Urbana;PIAZZA DELLA RADIO;in corrispondenza;;del civico n.;39;;Investimento di pedone;Rettilineo;Una carreggiata a doppio senso;Asciutto;Asfaltata;Orizzontale;Sereno;Scarso;Buona;;1;0;0;2;12.4667;41.8696;-1;;;;Pedone;F;Rimandato;0;NON DECEDUTO;;
6030266;15;29/06/2022 09:45:00;Strada Urbana;PIAZZA DELLA RADIO;in corrispondenza;;del civico n.;39;;Investimento di pedone;Rettilineo;Una carreggiata a doppio senso;Asciutto;Asfaltata;Orizzontale;Sereno;Scarso;Buona;;1;0;0;2;12.4667;41.8696;-1;1;Autovettura privata;In marcia / fermata / arresto;Conducente;M;Illeso;0;;Non accertato;Inesploso
6030266;15;29/06/2022 09:45:00;Strada Urbana;PIAZZA DELLA RADIO;in corrispondenza;;del civico n.;39;;Investimento di pedone;Rettilineo;Una carreggiata a doppio senso;Asciutto;Asfaltata;Orizzontale;Sereno;Scarso;Buona;;1;0;0;2;12.4667;41.8696;-1;1;Autovettura privata;In marcia / fermata / arresto;Passeggero;F;Illeso;0;;Non accertato;Inesploso
6030305;6;28/06/2022 19:35:00;Strada Urbana;VIA PRENESTINA;all'intersezione con;VIA RUGGERO D'ALTAVILLA;VIA RUGGERO D'ALTAVILLA;;;Scontro laterale fra veicoli in marcia;Incrocio;Più di due carreggiate;Asciutto;Asfaltata;Verticale ed orizzontale;Sereno;Normale;Buona;;0;0;0;4;12.5335;41.8921;-1;1;Autovettura privata;In marcia / fermata / arresto;Conducente;M;Illeso;0;;Non accertato;
6030305;6;28/06/2022 19:35:00;Strada Urbana;VIA PRENESTINA;all'intersezione con;VIA RUGGERO D'ALTAVILLA;VIA RUGGERO D'ALTAVILLA;;;Scontro laterale fra veicoli in marcia;Incrocio;Più di due carreggiate;Asciutto;Asfaltata;Verticale ed orizzontale;Sereno;Normale;Buona;;0;0;0;4;12.5335;41.8921;-1;1;Autovettura privata;In marcia / fermata / arresto;Passeggero;F;Illeso;0;;Non accertato;Inesploso
6030305;6;28/06/2022 19:35:00;Strada Urbana;VIA PRENESTINA;all'intersezione con;VIA RUGGERO D'ALTAVILLA;VIA RUGGERO D'ALTAVILLA;;;Scontro laterale fra veicoli in marcia;Incrocio;Più di due carreggiate;Asciutto;Asfaltata;Verticale ed orizzontale;Sereno;Normale;Buona;;0;0;0;4;12.5335;41.8921;-1;2;Autovettura privata;In marcia / fermata / arresto;Conducente;M;Illeso;0;;Non accertato;Inesistente
6030305;6;28/06/2022 19:35:00;Strada Urbana;VIA PRENESTINA;all'intersezione con;VIA RUGGERO D'ALTAVILLA;VIA RUGGERO D'ALTAVILLA;;;Scontro laterale fra veicoli in marcia;Incrocio;Più di due carreggiate;Asciutto;Asfaltata;Verticale ed orizzontale;Sereno;Normale;Buona;;0;0;0;4;12.5335;41.8921;-1;2;Autovettura privata;In marcia / fermata / arresto;Passeggero;M;Illeso;0;;Non accertato;Inesploso
6030413;20;28/06/2022 07:10:00;Statale entro l'abitato;VIA CASSIA;in corrispondenza;;del civico n.;929;;Scontro frontale/laterale DX fra veicoli in marcia;Rettilineo;Una carreggiata a doppio senso;Asciutto;Asfaltata;Verticale ed orizzontale;Sereno;Intenso;Buona;;0;0;0;2;12.4321;41.9716;-1;1;Autovettura privata;In marcia / fermata / arresto;Conducente;M;Illeso;0;;Non accertato;Inesploso
6030413;20;28/06/2022 07:10:00;Statale entro l'abitato;VIA CASSIA;in corrispondenza;;del civico n.;929;;Scontro frontale/laterale DX fra veicoli in marcia;Rettilineo;Una carreggiata a doppio senso;Asciutto;Asfaltata;Verticale ed orizzontale;Sereno;Intenso;Buona;;0;0;0;2;12.4321;41.9716;-1;2;Motociclo a solo;In marcia / fermata / arresto;Conducente;M;Illeso;0;;Non accertato;
6030445;20;28/06/2022 10:25:00;Provinciale;VIA BRACCIANENSE;all'intersezione con;VIA QUERO;VIA QUERO;;;Scontro laterale fra veicoli in marcia;Intersezione stradale segnalata;Una carreggiata a doppio senso;Asciutto;Asfaltata;Verticale ed orizzontale;Sereno;Normale;Buona;;1;0;0;1;12.3039;42.0336;-1;1;Autovettura privata;In marcia / fermata / arresto;Conducente;M;Ricoverato;0;NON DECEDUTO;Non accertato;Inesploso
6030445;20;28/06/2022 10:25:00;Provinciale;VIA BRACCIANENSE;all'intersezione con;VIA QUERO;VIA QUERO;;;Scontro laterale fra veicoli in marcia;Intersezione stradale segnalata;Una carreggiata a doppio senso;Asciutto;Asfaltata;Verticale ed orizzontale;Sereno;Normale;Buona;;1;0;0;1;12.3039;42.0336;-1;2;Autovettura privata;In marcia / fermata / arresto;Conducente;M;Illeso;0;;Non accertato;Inesploso
6030482;20;28/06/2022 12:10:00;Strada Urbana;VIA CASSIA;da specificare;;;;prossimità via Igino Lega;Tamponamento;Rettilineo;Una carreggiata a doppio senso;Asciutto;Asfaltata;Verticale ed orizzontale;Sereno;Normale;Sufficiente;;1;0;0;1;12.4137;41.9828;-1;1;Autovettura privata;In marcia / fermata / arresto;Conducente;F;Illeso;0;;;
6030482;20;28/06/2022 12:10:00;Strada Urbana;VIA CASSIA;da specificare;;;;prossimità via Igino Lega;Tamponamento;Rettilineo;Una carreggiata a doppio senso;Asciutto;Asfaltata;Verticale ed orizzontale;Sereno;Normale;Sufficiente;;1;0;0;1;12.4137;41.9828;-1;2;Autovettura privata;In marcia / fermata / arresto;Conducente;M;Rimandato;0;NON DECEDUTO;;
6030490;10;28/06/2022 21:45:00;Strada Urbana;VIALE ANTONIO CIAMARRA;da specificare;;;;fr. Via Rizzieri direz. Via Fosso Santa Maura;Scontro frontale fra veicoli in marcia;Rettilineo;Due carreggiate;Asciutto;Asfaltata;Verticale ed orizzontale;Sereno;Scarso;Buona;;0;0;0;2;12.5906;41.8528;-1;1;Autovettura privata;In marcia / fermata / arresto;Conducente;M;Illeso;0;;Non accertato;Inesploso
6030490;10;28/06/2022 21:45:00;Strada Urbana;VIALE ANTONIO CIAMARRA;da specificare;;;;fr. Via Rizzieri direz. Via Fosso Santa Maura;Scontro frontale fra veicoli in marcia;Rettilineo;Due carreggiate;Asciutto;Asfaltata;Verticale ed orizzontale;Sereno;Scarso;Buona;;0;0;0;2;12.5906;41.8528;-1;2;Autovettura privata;In marcia / fermata / arresto;Conducente;M;Illeso;0;;Non accertato;Inesploso
6030499;10;29/06/2022 01:15:00;Strada Urbana;VIA APPIA NUOVA;all'intersezione semaforizzata con;VIA DI CASAL ROTONDO;VIA DI CASAL ROTONDO;;;Scontro frontale fra veicoli in marcia;Intersezione semaforizzata;Due carreggiate;Asciutto;Asfaltata;Verticale ed orizzontale;Sereno;Normale;Buona;;0;0;0;4;12.5619;41.8245;-1;1;Autovettura privata;In marcia / fermata / arresto;Conducente;M;Illeso;0;;Non accertato;Esploso
6030499;10;29/06/2022 01:15:00;Strada Urbana;VIA APPIA NUOVA;all'intersezione semaforizzata con;VIA DI CASAL ROTONDO;VIA DI CASAL ROTONDO;;;Scontro frontale fra veicoli in marcia;Intersezione semaforizzata;Due carreggiate;Asciutto;Asfaltata;Verticale ed orizzontale;Sereno;Normale;Buona;;0;0;0;4;12.5619;41.8245;-1;1;Autovettura privata;In marcia / fermata / arresto;Passeggero;M;Illeso;0;;Non accertato;Esploso
6030499;10;29/06/2022 01:15:00;Strada Urbana;VIA APPIA NUOVA;all'intersezione semaforizzata con;VIA DI CASAL ROTONDO;VIA DI CASAL ROTONDO;;;Scontro frontale fra veicoli in marcia;Intersezione semaforizzata;Due carreggiate;Asciutto;Asfaltata;Verticale ed orizzontale;Sereno;Normale;Buona;;0;0;0;4;12.5619;41.8245;-1;2;Autovettura privata;In marcia / fermata / arresto;Conducente;M;Illeso;0;;Non accertato;Esploso
6030499;10;29/06/2022 01:15:00;Strada Urbana;VIA APPIA NUOVA;all'intersezione semaforizzata con;VIA DI CASAL ROTONDO;VIA DI CASAL ROTONDO;;;Scontro frontale fra veicoli in marcia;Intersezione semaforizzata;Due carreggiate;Asciutto;Asfaltata;Verticale ed orizzontale;Sereno;Normale;Buona;;0;0;0;4;12.5619;41.8245;-1;2;Autovettura privata;In marcia / fermata / arresto;Passeggero;F;Illeso;0;;Non accertato;Esploso
6030520;10;29/06/2022 10:40:00;Strada Urbana;VIA MARCO DECUMIO;in corrispondenza;;del civico n.;62;;Scontro frontale/laterale SX fra veicoli in marcia;Rettilineo;Una carreggiata a doppio senso;Asciutto;Asfaltata;Verticale ed orizzontale;Sereno;Scarso;Buona;;1;0;0;1;12.548;41.8612;-1;1;Autovettura privata;In marcia / fermata / arresto;Conducente;M;Illeso;0;;Non accertato;Inesploso
6030520;10;29/06/2022 10:40:00;Strada Urbana;VIA MARCO DECUMIO;in corrispondenza;;del civico n.;62;;Scontro frontale/laterale SX fra veicoli in marcia;Rettilineo;Una carreggiata a doppio senso;Asciutto;Asfaltata;Verticale ed orizzontale;Sereno;Scarso;Buona;;1;0;0;1;12.548;41.8612;-1;2;Velocipede;In marcia / fermata / arresto;Conducente;M;Ricoverato;0;NON DECEDUTO;Esente;
6030528;20;28/06/2022 12:30:00;Strada Urbana;VIA FORNACE VIGNOLO;da specificare;;;;all'intersezione con via Guido Grandi;Veicolo in marcia contro ostacolo fisso;Curva senza visuale libera;Una carreggiata a doppio senso;Asciutto;Asfaltata;Verticale ed orizzontale;Sereno;Normale;Buona;;0;0;0;1;12.4992;41.9893;-1;1;Autocarro inferiore 35 q.;In marcia / fermata / arresto;Conducente;M;Illeso;0;;Non accertato;Inesploso
6030570;20;28/06/2022 15:00:00;Strada Urbana;VIA FORNACE VIGNOLO;da specificare;;;;intersezione con via Guido Grandi;Veicolo in marcia contro ostacolo fisso;Curva senza visuale libera;Una carreggiata a doppio senso;Asciutto;Asfaltata;Verticale ed orizzontale;Sereno;Normale;Buona;;0;0;0;1;12.4992;41.9893;-1;1;Autovettura privata;In marcia / fermata / arresto;Conducente;M;Illeso;0;;;
6030581;20;28/06/2022 16:20:00;Strada Urbana;VIA RAFFAELE CAPPELLI;da specificare;;;;civ. 12 prox Largo Melegari;Veicolo in marcia contro veicolo fermo;Rettilineo;Una carreggiata a doppio senso;Asciutto;Asfaltata;Assente;Nuvoloso;Normale;Buona;;0;0;0;2;12.4769;41.9494;-1;1;Autovettura privata;In marcia / fermata / arresto;Conducente;M;Illeso;0;;;
6030581;20;28/06/2022 16:20:00;Strada Urbana;VIA RAFFAELE CAPPELLI;da specificare;;;;civ. 12 prox Largo Melegari;Veicolo in marcia contro veicolo fermo;Rettilineo;Una carreggiata a doppio senso;Asciutto;Asfaltata;Assente;Nuvoloso;Normale;Buona;;0;0;0;2;12.4769;41.9494;-1;2;Motociclo a solo;In marcia / fermata / arresto;Conducente;M;Illeso;0;;;
6030589;20;28/06/2022 18:00:00;Strada Urbana;VIA BRACCIANENSE;all'intersezione con;VIA QUERO;VIA QUERO;;;Scontro frontale/laterale DX fra veicoli in marcia;Intersezione stradale segnalata;Una carreggiata a doppio senso;Asciutto;Asfaltata;Verticale ed orizzontale;Sereno;Scarso;Buona;;3;0;0;0;12.3054;42.0349;-1;1;Autovettura privata;In marcia / fermata / arresto;Conducente;M;Rimandato;0;NON DECEDUTO;;
6030589;20;28/06/2022 18:00:00;Strada Urbana;VIA BRACCIANENSE;all'intersezione con;VIA QUERO;VIA QUERO;;;Scontro frontale/laterale DX fra veicoli in marcia;Intersezione stradale segnalata;Una carreggiata a doppio senso;Asciutto;Asfaltata;Verticale ed orizzontale;Sereno;Scarso;Buona;;3;0;0;0;12.3054;42.0349;-1;1;Autovettura privata;In marcia / fermata / arresto;Passeggero;F;Rimandato;0;NON DECEDUTO;;
6030589;20;28/06/2022 18:00:00;Strada Urbana;VIA BRACCIANENSE;all'intersezione con;VIA QUERO;VIA QUERO;;;Scontro frontale/laterale DX fra veicoli in marcia;Intersezione stradale segnalata;Una carreggiata a doppio senso;Asciutto;Asfaltata;Verticale ed orizzontale;Sereno;Scarso;Buona;;3;0;0;0;12.3054;42.0349;-1;2;Autovettura privata;In marcia / fermata / arresto;Conducente;M;Rimandato;0;NON DECEDUTO;Non accertato;
6030601;20;28/06/2022 18:50:00;Strada Urbana;VIA DEL FORO ITALICO;da specificare;;;;50 mt dopo uscita di Corso di Francia direz Stadio;Tamponamento Multiplo;Rettilineo;Due carreggiate;Asciutto;Asfaltata;Verticale ed orizzontale;Sereno;Normale;Buona;;0;0;0;4;12.4813;41.9402;-1;1;Autovettura privata;In marcia / fermata / arresto;Conducente;F;Illeso;0;;;
6030601;20;28/06/2022 18:50:00;Strada Urbana;VIA DEL FORO ITALICO;da specificare;;;;50 mt dopo uscita di Corso di Francia direz Stadio;Tamponamento Multiplo;Rettilineo;Due carreggiate;Asciutto;Asfaltata;Verticale ed orizzontale;Sereno;Normale;Buona;;0;0;0;4;12.4813;41.9402;-1;1;Autovettura privata;In marcia / fermata / arresto;Passeggero;M;Illeso;0;;;
6030601;20;28/06/2022 18:50:00;Strada Urbana;VIA DEL FORO ITALICO;da specificare;;;;50 mt dopo uscita di Corso di Francia direz Stadio;Tamponamento Multiplo;Rettilineo;Due carreggiate;Asciutto;Asfaltata;Verticale ed orizzontale;Sereno;Normale;Buona;;0;0;0;4;12.4813;41.9402;-1;2;Autovettura privata;In marcia / fermata / arresto;Conducente;F;Illeso;0;;Non accertato;Inesploso
6030601;20;28/06/2022 18:50:00;Strada Urbana;VIA DEL FORO ITALICO;da specificare;;;;50 mt dopo uscita di Corso di Francia direz Stadio;Tamponamento Multiplo;Rettilineo;Due carreggiate;Asciutto;Asfaltata;Verticale ed orizzontale;Sereno;Normale;Buona;;0;0;0;4;12.4813;41.9402;-1;3;Autovettura privata;In marcia / fermata / arresto;Conducente;M;Illeso;0;;;
6030649;20;29/06/2022 11:30:00;Statale entro l'abitato;VIA CASSIA;in corrispondenza;;del civico n.;1056;;Scontro frontale/laterale SX fra veicoli in marcia;Rettilineo;Una carreggiata a doppio senso;Asciutto;Asfaltata;Orizzontale;Sereno;Normale;Buona;;1;0;0;2;12.4265;41.9751;-1;1;Autovettura privata;In marcia / fermata / arresto;Conducente;M;Illeso;0;;;Inesploso
6030649;20;29/06/2022 11:30:00;Statale entro l'abitato;VIA CASSIA;in corrispondenza;;del civico n.;1056;;Scontro frontale/laterale SX fra veicoli in marcia;Rettilineo;Una carreggiata a doppio senso;Asciutto;Asfaltata;Orizzontale;Sereno;Normale;Buona;;1;0;0;2;12.4265;41.9751;-1;2;Autovettura privata;In marcia / fermata / arresto;Conducente;M;Illeso;0;;;Inesploso
6030649;20;29/06/2022 11:30:00;Statale entro l'abitato;VIA CASSIA;in corrispondenza;;del civico n.;1056;;Scontro frontale/laterale SX fra veicoli in marcia;Rettilineo;Una carreggiata a doppio senso;Asciutto;Asfaltata;Orizzontale;Sereno;Normale;Buona;;1;0;0;2;12.4265;41.9751;-1;2;Autovettura privata;In marcia / fermata / arresto;Passeggero;M;Rimandato;0;NON DECEDUTO;;Esploso
6030920;8;28/06/2022 09:00:00;Strada Urbana;VIA MAGLIE;in prossimità;;del civico n.;15;;Veicolo in marcia contro veicolo in sosta;Rettilineo;Una carreggiata a doppio senso;Asciutto;Asfaltata;Assente;Sereno;Scarso;Buona;;0;0;0;2;12.6181;41.8838;-1;1;Autovettura privata;In marcia / fermata / arresto;Conducente;M;Illeso;0;;;
6030920;8;28/06/2022 09:00:00;Strada Urbana;VIA MAGLIE;in prossimità;;del civico n.;15;;Veicolo in marcia contro veicolo in sosta;Rettilineo;Una carreggiata a doppio senso;Asciutto;Asfaltata;Assente;Sereno;Scarso;Buona;;0;0;0;2;12.6181;41.8838;-1;2;Autocarro inferiore 35 q.;In marcia / fermata / arresto;Conducente;M;Illeso;0;;;
6030920;8;28/06/2022 09:00:00;Strada Urbana;VIA MAGLIE;in prossimità;;del civico n.;15;;Veicolo in marcia contro veicolo in sosta;Rettilineo;Una carreggiata a doppio senso;Asciutto;Asfaltata;Assente;Sereno;Scarso;Buona;;0;0;0;2;12.6181;41.8838;-1;3;Autovettura privata;Sosta;;;;;;;
6030925;8;28/06/2022 11:30:00;Strada Urbana;VIA CASILINA;all'intersezione con;VIA DI TORRENOVA;VIA DI TORRENOVA;;;Scontro laterale fra veicoli in marcia;Incrocio;Una carreggiata a doppio senso;Asciutto;Asfaltata;Verticale ed orizzontale;Nuvoloso;Normale;Buona;;2;0;0;1;12.6212;41.8626;-1;1;Autovettura privata;In marcia / fermata / arresto;Conducente;F;Rifiuta cure immediate;0;NON DECEDUTO;Non accertato;Inesploso
6030925;8;28/06/2022 11:30:00;Strada Urbana;VIA CASILINA;all'intersezione con;VIA DI TORRENOVA;VIA DI TORRENOVA;;;Scontro laterale fra veicoli in marcia;Incrocio;Una carreggiata a doppio senso;Asciutto;Asfaltata;Verticale ed orizzontale;Nuvoloso;Normale;Buona;;2;0;0;1;12.6212;41.8626;-1;1;Autovettura privata;In marcia / fermata / arresto;Passeggero;F;Rifiuta cure immediate;0;NON DECEDUTO;Non accertato;Inesploso
6030925;8;28/06/2022 11:30:00;Strada Urbana;VIA CASILINA;all'intersezione con;VIA DI TORRENOVA;VIA DI TORRENOVA;;;Scontro laterale fra veicoli in marcia;Incrocio;Una carreggiata a doppio senso;Asciutto;Asfaltata;Verticale ed orizzontale;Nuvoloso;Normale;Buona;;2;0;0;1;12.6212;41.8626;-1;2;Autocarro superiore 35 q.;In marcia / fermata / arresto;Conducente;M;Illeso;0;;Non accertato;Inesploso
6030931;8;28/06/2022 15:00:00;Strada Urbana;VIA DI TOR BELLA MONACA;da specificare;;;;altezza via P. F. Quaglia direzione via Casilina;Tamponamento;Rettilineo;Una carreggiata a senso unico di marcia;Asciutto;Asfaltata;Verticale ed orizzontale;Sereno;Normale;Buona;;0;0;0;2;12.6281;41.8764;-1;1;Autovettura privata;In marcia / fermata / arresto;Conducente;M;Illeso;0;;;
6030931;8;28/06/2022 15:00:00;Strada Urbana;VIA DI TOR BELLA MONACA;da specificare;;;;altezza via P. F. Quaglia direzione via Casilina;Tamponamento;Rettilineo;Una carreggiata a senso unico di marcia;Asciutto;Asfaltata;Verticale ed orizzontale;Sereno;Normale;Buona;;0;0;0;2;12.6281;41.8764;-1;2;Autovettura privata;In marcia / fermata / arresto;Conducente;M;Illeso;0;;;
6030932;9;28/06/2022 17:40:00;Strada Urbana;VIA ACAIA;in corrispondenza;;del civico n.;77;;Scontro laterale fra veicoli in marcia;Rettilineo;Una carreggiata a doppio senso;Asciutto;Asfaltata;Verticale ed orizzontale;Nuvoloso;Intenso;Buona;;0;0;0;4;12.5075;41.8753;-1;1;Autovettura privata;In marcia / fermata / arresto;Conducente;F;Illeso;0;;Non accertato;Inesploso
6030932;9;28/06/2022 17:40:00;Strada Urbana;VIA ACAIA;in corrispondenza;;del civico n.;77;;Scontro laterale fra veicoli in marcia;Rettilineo;Una carreggiata a doppio senso;Asciutto;Asfaltata;Verticale ed orizzontale;Nuvoloso;Intenso;Buona;;0;0;0;4;12.5075;41.8753;-1;1;Autovettura privata;In marcia / fermata / arresto;Passeggero;M;Illeso;0;;Non accertato;Inesploso
6030932;9;28/06/2022 17:40:00;Strada Urbana;VIA ACAIA;in corrispondenza;;del civico n.;77;;Scontro laterale fra veicoli in marcia;Rettilineo;Una carreggiata a doppio senso;Asciutto;Asfaltata;Verticale ed orizzontale;Nuvoloso;Intenso;Buona;;0;0;0;4;12.5075;41.8753;-1;2;Autovettura privata;In marcia / fermata / arresto;Conducente;M;Illeso;0;;Non accertato;Inesploso
6030932;9;28/06/2022 17:40:00;Strada Urbana;VIA ACAIA;in corrispondenza;;del civico n.;77;;Scontro laterale fra veicoli in marcia;Rettilineo;Una carreggiata a doppio senso;Asciutto;Asfaltata;Verticale ed orizzontale;Nuvoloso;Intenso;Buona;;0;0;0;4;12.5075;41.8753;-1;2;Autovettura privata;In marcia / fermata / arresto;Passeggero;F;Illeso;0;;Non accertato;Inesploso
6030948;15;29/06/2022 15:00:00;Strada Urbana;LUNGOTEVERE DEGLI INVENTORI;all'intersezione semaforizzata con;PONTE GUGLIELMO MARCONI;PONTE GUGLIELMO MARCONI;;;Scontro laterale fra veicoli in marcia;Intersezione semaforizzata;Una carreggiata a doppio senso;Asciutto;Asfaltata;Verticale ed orizzontale;Sereno;Scarso;Buona;;0;0;0;5;12.4671;41.8611;-1;1;Autovettura privata;In marcia / fermata / arresto;Conducente;M;Illeso;0;;Non accertato;Inesploso
6030948;15;29/06/2022 15:00:00;Strada Urbana;LUNGOTEVERE DEGLI INVENTORI;all'intersezione semaforizzata con;PONTE GUGLIELMO MARCONI;PONTE GUGLIELMO MARCONI;;;Scontro laterale fra veicoli in marcia;Intersezione semaforizzata;Una carreggiata a doppio senso;Asciutto;Asfaltata;Verticale ed orizzontale;Sereno;Scarso;Buona;;0;0;0;5;12.4671;41.8611;-1;2;Autovettura privata;In marcia / fermata / arresto;Conducente;M;Illeso;0;;Non accertato;Inesploso