Protocollo;Gruppo;DataOraIncidente;Localizzazione1;STRADA1;Localizzazione2;STRADA2;Strada02;Chilometrica;DaSpecificare;NaturaIncidente;particolaritastrade;TipoStrada;FondoStradale;Pavimentazione;Segnaletica;CondizioneAtmosferica;Traffico;Visibilita;Illuminazione;NUM_FERITI;NUM_RISERVATA;NUM_MORTI;NUM_ILLESI;Longitude;Latitude;Confermato;Progressivo;TipoVeicolo;StatoVeicolo;TipoPersona;Sesso;Tipolesione;Deceduto;DecedutoDopo;CinturaCascoUtilizzato;Airbag;
6032402;8;30/06/2022 07:25:00;Strada Urbana;VIA DI TOR VERGATA;all'intersezione con;VIA MARCELLO ALESSIO;VIA MARCELLO ALESSIO;;;Scontro frontale/laterale SX fra veicoli in marcia;Intersezione semaforizzata;Più di due carreggiate;Asciutto;Asfaltata;Verticale ed orizzontale;Sereno;Normale;Buona;;1;0;0;1;12.6249;41.85;-1;2;Autovettura privata;In marcia / fermata / arresto;Conducente;M;Rifiuta cure immediate;0;NON DECEDUTO;Non accertato;Esploso
6032405;11;30/06/2022 14:35:00;Strada Urbana;LARGO BENEDETTO BOMPIANI;all'intersezione con;VIA DELLE SETTE CHIESE;VIA DELLE SETTE CHIESE;;;Tamponamento;Incrocio;Una carreggiata a doppio senso;Asciutto;Asfaltata;Verticale ed orizzontale;Sereno;Intenso;Buona;;0;0;0;6;12.5022;41.8594;-1;1;Autovettura privata;In marcia / fermata / arresto;Conducente;M;Illeso;0;;;
6032405;11;30/06/2022 14:35:00;Strada Urbana;LARGO BENEDETTO BOMPIANI;all'intersezione con;VIA DELLE SETTE CHIESE;VIA DELLE SETTE CHIESE;;;Tamponamento;Incrocio;Una carreggiata a doppio senso;Asciutto;Asfaltata;Verticale ed orizzontale;Sereno;Intenso;Buona;;0;0;0;6;12.5022;41.8594;-1;1;Autovettura privata;In marcia / fermata / arresto;Passeggero;F;Illeso;0;;;
6032405;11;30/06/2022 14:35:00;Strada Urbana;LARGO BENEDETTO BOMPIANI;all'intersezione con;VIA DELLE SETTE CHIESE;VIA DELLE SETTE CHIESE;;;Tamponamento;Incrocio;Una carreggiata a doppio senso;Asciutto;Asfaltata;Verticale ed orizzontale;Sereno;Intenso;Buona;;0;0;0;6;12.5022;41.8594;-1;1;Autovettura privata;In marcia / fermata / arresto;Passeggero;M;Illeso;0;;;
6032405;11;30/06/2022 14:35:00;Strada Urbana;LARGO BENEDETTO BOMPIANI;all'intersezione con;VIA DELLE SETTE CHIESE;VIA DELLE SETTE CHIESE;;;Tamponamento;Incrocio;Una carreggiata a doppio senso;Asciutto;Asfaltata;Verticale ed orizzontale;Sereno;Intenso;Buona;;0;0;0;6;12.5022;41.8594;-1;2;Autovettura privata;In marcia / fermata / arresto;Conducente;F;Illeso;0;;;
6032405;11;30/06/2022 14:35:00;Strada Urbana;LARGO BENEDETTO BOMPIANI;all'intersezione con;VIA DELLE SETTE CHIESE;VIA DELLE SETTE CHIESE;;;Tamponamento;Incrocio;Una carreggiata a doppio senso;Asciutto;Asfaltata;Verticale ed orizzontale;Sereno;Intenso;Buona;;0;0;0;6;12.5022;41.8594;-1;2;Autovettura privata;In marcia / fermata / arresto;Passeggero;M;Illeso;0;;;
6032405;11;30/06/2022 14:35:00;Strada Urbana;LARGO BENEDETTO BOMPIANI;all'intersezione con;VIA DELLE SETTE CHIESE;VIA DELLE SETTE CHIESE;;;Tamponamento;Incrocio;Una carreggiata a doppio senso;Asciutto;Asfaltata;Verticale ed orizzontale;Sereno;Intenso;Buona;;0;0;0;6;12.5022;41.8594;-1;2;Autovettura privata;In marcia / fermata / arresto;Passeggero;F;Illeso;0;;;
6032409;1;30/06/2022 19:20:00;Strada Urbana;PIAZZA DI PORTA S. LORENZO;da specificare;;;;pross. P.le Sisto V;Tamponamento;Rettilineo;Una carreggiata a senso unico di marcia;Asciutto;Asfaltata;Verticale ed orizzontale;Sereno;Normale;Buona;;1;0;0;2;12.5108;41.8966;-1;1;Autovettura privata;In marcia / fermata / arresto;Conducente;F;Rimandato;0;NON DECEDUTO;;
6032409;1;30/06/2022 19:20:00;Strada Urbana;PIAZZA DI PORTA S. LORENZO;da specificare;;;;pross. P.le Sisto V;Tamponamento;Rettilineo;Una carreggiata a senso unico di marcia;Asciutto;Asfaltata;Verticale ed orizzontale;Sereno;Normale;Buona;;1;0;0;2;12.5108;41.8966;-1;2;Autovettura privata;In marcia / fermata / arresto;Conducente;M;Illeso;0;;;
6032409;1;30/06/2022 19:20:00;Strada Urbana;PIAZZA DI PORTA S. LORENZO;da specificare;;;;pross. P.le Sisto V;Tamponamento;Rettilineo;Una carreggiata a senso unico di marcia;Asciutto;Asfaltata;Verticale ed orizzontale;Sereno;Normale;Buona;;1;0;0;2;12.5108;41.8966;-1;2;Autovettura privata;In marcia / fermata / arresto;Passeggero;F;Illeso;0;;;
6032411;8;30/06/2022 07:45:00;Strada Urbana;VIA ISNELLO;all'intersezione con;VIA SALAPARUTA;VIA SALAPARUTA;;;Scontro frontale/laterale DX fra veicoli in marcia;Incrocio;Una carreggiata a doppio senso;Asciutto;Asfaltata;Assente;Sereno;Scarso;Buona;;0;0;0;2;12.6799;41.8645;-1;1;Autocarro inferiore 35 q.;In marcia / fermata / arresto;Conducente;M;Illeso;0;;Non accertato;Inesploso
6032411;8;30/06/2022 07:45:00;Strada Urbana;VIA ISNELLO;all'intersezione con;VIA SALAPARUTA;VIA SALAPARUTA;;;Scontro frontale/laterale DX fra veicoli in marcia;Incrocio;Una carreggiata a doppio senso;Asciutto;Asfaltata;Assente;Sereno;Scarso;Buona;;0;0;0;2;12.6799;41.8645;-1;2;Autovettura privata;In marcia / fermata / arresto;Conducente;M;Illeso;0;;Non accertato;Inesploso
6032422;9;30/06/2022 20:30:00;Strada Urbana;VIA APPIA NUOVA;in prossimità;;del civico n.;448;;Investimento di pedone;Rettilineo;Una carreggiata a senso unico di marcia;Asciutto;Asfaltata;Verticale ed orizzontale;Sereno;Normale;Sufficiente;;1;0;0;1;12.5231;41.8744;-1;;;;Pedone;F;Rimandato;0;NON DECEDUTO;;
6032422;9;30/06/2022 20:30:00;Strada Urbana;VIA APPIA NUOVA;in prossimità;;del civico n.;448;;Investimento di pedone;Rettilineo;Una carreggiata a senso unico di marcia;Asciutto;Asfaltata;Verticale ed orizzontale;Sereno;Normale;Sufficiente;;1;0;0;1;12.5231;41.8744;-1;1;Motociclo a solo;In marcia / fermata / arresto;Conducente;M;Illeso;0;;Non accertato;
6032424;6;30/06/2022 17:30:00;Strada Urbana;VIA DI ACQUA BULLICANTE;in corrispondenza;;del civico n.;323;;Investimento di pedone;Rettilineo;Una carreggiata a doppio senso;Asciutto;Asfaltata;Verticale ed orizzontale;Sereno;Normale;Buona;;1;0;0;1;12.5422;41.889;-1;;;;Pedone;F;Rimandato;0;NON DECEDUTO;;
6032424;6;30/06/2022 17:30:00;Strada Urbana;VIA DI ACQUA BULLICANTE;in corrispondenza;;del civico n.;323;;Investimento di pedone;Rettilineo;Una carreggiata a doppio senso;Asciutto;Asfaltata;Verticale ed orizzontale;Sereno;Normale;Buona;;1;0;0;1;12.5422;41.889;-1;1;Autovettura privata;In marcia / fermata / arresto;Conducente;F;Illeso;0;;;
6032431;12;30/06/2022 11:55:00;Strada Urbana;VIA DI DECIMA;da specificare;;;;fronte civico 25;Veicolo in marcia contro veicolo in sosta;Rettilineo;Una carreggiata a doppio senso;Asciutto;Asfaltata;Verticale ed orizzontale;Sereno;Scarso;Buona;;0;0;0;1;12.4516;41.8151;-1;1;Autovettura privata;Sosta;;;;;;;
6032431;12;30/06/2022 11:55:00;Strada Urbana;VIA DI DECIMA;da specificare;;;;fronte civico 25;Veicolo in marcia contro veicolo in sosta;Rettilineo;Una carreggiata a doppio senso;Asciutto;Asfaltata;Verticale ed orizzontale;Sereno;Scarso;Buona;;0;0;0;1;12.4516;41.8151;-1;2;Autovettura privata;In marcia / fermata / arresto;Conducente;M;Illeso;0;;Utilizzato;Inesploso
6032447;11;30/06/2022 16:10:00;Strada Urbana;VIALE FERDINANDO BALDELLI;in prossimità;;del civico n.;36;;Scontro laterale fra veicoli in marcia;Rettilineo;Due carreggiate;Asciutto;Asfaltata;Verticale ed orizzontale;Sereno;Scarso;Buona;;0;0;0;4;12.4752;41.8571;-1;1;Autovettura privata;In marcia / fermata / arresto;Conducente;F;Illeso;0;;Non accertato;
6032447;11;30/06/2022 16:10:00;Strada Urbana;VIALE FERDINANDO BALDELLI;in prossimità;;del civico n.;36;;Scontro laterale fra veicoli in marcia;Rettilineo;Due carreggiate;Asciutto;Asfaltata;Verticale ed orizzontale;Sereno;Scarso;Buona;;0;0;0;4;12.4752;41.8571;-1;2;Autovettura privata;In marcia / fermata / arresto;Conducente;F;Illeso;0;;Non accertato;
6032447;11;30/06/2022 16:10:00;Strada Urbana;VIALE FERDINANDO BALDELLI;in prossimità;;del civico n.;36;;Scontro laterale fra veicoli in marcia;Rettilineo;Due carreggiate;Asciutto;Asfaltata;Verticale ed orizzontale;Sereno;Scarso;Buona;;0;0;0;4;12.4752;41.8571;-1;2;Autovettura privata;In marcia / fermata / arresto;Passeggero;F;Illeso;0;;Non accertato;
6032447;11;30/06/2022 16:10:00;Strada Urbana;VIALE FERDINANDO BALDELLI;in prossimità;;del civico n.;36;;Scontro laterale fra veicoli in marcia;Rettilineo;Due carreggiate;Asciutto;Asfaltata;Verticale ed orizzontale;Sereno;Scarso;Buona;;0;0;0;4;12.4752;41.8571;-1;2;Autovettura privata;In marcia / fermata / arresto;Passeggero;M;Illeso;0;;Non accertato;
6032477;20;30/06/2022 14:50:00;Provinciale;VIA BRACCIANENSE;all'intersezione con;VIA DI TRAGLIATELLA;VIA DI TRAGLIATELLA;;;Scontro laterale fra veicoli in marcia;Intersezione stradale segnalata;Una carreggiata a doppio senso;Asciutto;Asfaltata;Verticale ed orizzontale;Sereno;Normale;Buona;;1;0;0;1;12.3665;42.0136;-1;1;Autovettura privata;In marcia / fermata / arresto;Conducente;M;Illeso;0;;Non accertato;Inesploso
6032477;20;30/06/2022 14:50:00;Provinciale;VIA BRACCIANENSE;all'intersezione con;VIA DI TRAGLIATELLA;VIA DI TRAGLIATELLA;;;Scontro laterale fra veicoli in marcia;Intersezione stradale segnalata;Una carreggiata a doppio senso;Asciutto;Asfaltata;Verticale ed orizzontale;Sereno;Normale;Buona;;1;0;0;1;12.3665;42.0136;-1;2;Motociclo a solo;In marcia / fermata / arresto;Conducente;M;Rimandato;0;NON DECEDUTO;Non accertato;
6032479;12;30/06/2022 16:00:00;Provinciale entro l'abitato;VIA LAURENTINA;da specificare;;;;fronte civico 661;Ribaltamento senza urto contro ostacolo fisso;Curva a visuale libera;Due carreggiate;Asciutto;Asfaltata;Verticale ed orizzontale;Sereno;Normale;Buona;;1;0;0;0;12.4856;41.8103;-1;1;Motociclo a solo;In marcia / fermata / arresto;Conducente;M;Rimandato;0;NON DECEDUTO;Utilizzato;
6032481;20;30/06/2022 14:45:00;Strada Urbana;VIA MAGNANO IN RIVIERA;all'intersezione con;VIA CLAUZETTO;VIA CLAUZETTO;;;Scontro frontale/laterale SX fra veicoli in marcia;Intersezione non regolata/non segnalata;Una carreggiata a doppio senso;Asciutto;Asfaltata;Verticale ed orizzontale;Sereno;Normale;Buona;;0;0;0;2;12.4824;41.9951;-1;1;Autovettura privata;In marcia / fermata / arresto;Conducente;M;Illeso;0;;;
6032481;20;30/06/2022 14:45:00;Strada Urbana;VIA MAGNANO IN RIVIERA;all'intersezione con;VIA CLAUZETTO;VIA CLAUZETTO;;;Scontro frontale/laterale SX fra veicoli in marcia;Intersezione non regolata/non segnalata;Una carreggiata a doppio senso;Asciutto;Asfaltata;Verticale ed orizzontale;Sereno;Normale;Buona;;0;0;0;2;12.4824;41.9951;-1;2;Motociclo a solo;In marcia / fermata / arresto;Conducente;M;Illeso;0;;;
6032482;11;30/06/2022 22:30:00;Strada Urbana;VIA COSTANTINO;all'intersezione con;VIA GALBA;VIA GALBA;;;Scontro frontale/laterale DX fra veicoli in marcia;Intersezione stradale segnalata;Una carreggiata a doppio senso;Asciutto;Asfaltata;Verticale ed orizzontale;Sereno;Scarso;Buona;;0;0;0;3;12.4879;41.8564;-1;1;Autovettura privata;In marcia / fermata / arresto;Conducente;M;Illeso;0;;Non accertato;Inesploso
6032482;11;30/06/2022 22:30:00;Strada Urbana;VIA COSTANTINO;all'intersezione con;VIA GALBA;VIA GALBA;;;Scontro frontale/laterale DX fra veicoli in marcia;Intersezione stradale segnalata;Una carreggiata a doppio senso;Asciutto;Asfaltata;Verticale ed orizzontale;Sereno;Scarso;Buona;;0;0;0;3;12.4879;41.8564;-1;2;Autovettura privata;In marcia / fermata / arresto;Conducente;M;Illeso;0;;Non accertato;Inesploso
6032482;11;30/06/2022 22:30:00;Strada Urbana;VIA COSTANTINO;all'intersezione con;VIA GALBA;VIA GALBA;;;Scontro frontale/laterale DX fra veicoli in marcia;Intersezione stradale segnalata;Una carreggiata a doppio senso;Asciutto;Asfaltata;Verticale ed orizzontale;Sereno;Scarso;Buona;;0;0;0;3;12.4879;41.8564;-1;2;Autovettura privata;In marcia / fermata / arresto;Passeggero;F;Illeso;0;;Non accertato;Inesploso
6032490;5;30/06/2022 17:20:00;Strada Urbana;VIALE GIUSEPPE CAPPI;all'intersezione con;VIA BELMONTE IN SABINA;VIA BELMONTE IN SABINA;;;Scontro frontale/laterale SX fra veicoli in marcia;Incrocio;Due carreggiate;Asciutto;Asfaltata;Verticale ed orizzontale;Sereno;Normale;Buona;;0;0;0;3;12.5887;41.9454;-1;1;Autovettura privata;In marcia / fermata / arresto;Conducente;F;Illeso;0;;Non accertato;Inesploso
6032490;5;30/06/2022 17:20:00;Strada Urbana;VIALE GIUSEPPE CAPPI;all'intersezione con;VIA BELMONTE IN SABINA;VIA BELMONTE IN SABINA;;;Scontro frontale/laterale SX fra veicoli in marcia;Incrocio;Due carreggiate;Asciutto;Asfaltata;Verticale ed orizzontale;Sereno;Normale;Buona;;0;0;0;3;12.5887;41.9454;-1;2;Autovettura privata;In marcia / fermata / arresto;Conducente;M;Illeso;0;;Non accertato;Inesploso
6032490;5;30/06/2022 17:20:00;Strada Urbana;VIALE GIUSEPPE CAPPI;all'intersezione con;VIA BELMONTE IN SABINA;VIA BELMONTE IN SABINA;;;Scontro frontale/laterale SX fra veicoli in marcia;Incrocio;Due carreggiate;Asciutto;Asfaltata;Verticale ed orizzontale;Sereno;Normale;Buona;;0;0;0;3;12.5887;41.9454;-1;2;Autovettura privata;In marcia / fermata / arresto;Passeggero;M;Illeso;0;;Non accertato;Inesploso
6032511;1;29/06/2022 17:23:00;Strada Urbana;VIA EMANUELE FILIBERTO;in prossimità;;del civico n.;129;;Scontro frontale/laterale DX fra veicoli in marcia;Rettilineo;Una carreggiata a doppio senso;Asciutto;Asfaltata;Orizzontale;Sereno;Normale;Buona;;0;0;0;2;12.5063;41.8911;-1;1;Motociclo a solo;In marcia / fermata / arresto;Conducente;M;Illeso;0;;;
6032511;1;29/06/2022 17:23:00;Strada Urbana;VIA EMANUELE FILIBERTO;in prossimità;;del civico n.;129;;Scontro frontale/laterale DX fra veicoli in marcia;Rettilineo;Una carreggiata a doppio senso;Asciutto;Asfaltata;Orizzontale;Sereno;Normale;Buona;;0;0;0;2;12.5063;41.8911;-1;2;Autovettura privata;In marcia / fermata / arresto;Conducente;M;Illeso;0;;;
6032512;5;30/06/2022 17:40:00;Strada Urbana;VIA TIBURTINA;da specificare;;;;capolinea bus 451 fronte Metro Ponte Mammolo;Investimento di pedone;Rettilineo;Una carreggiata a senso unico di marcia;Asciutto;Asfaltata;Assente;Sereno;Normale;Buona;;1;0;0;1;12.5653;41.9203;-1;;;;Pedone;M;Rimandato;0;NON DECEDUTO;;
6032512;5;30/06/2022 17:40:00;Strada Urbana;VIA TIBURTINA;da specificare;;;;capolinea bus 451 fronte Metro Ponte Mammolo;Investimento di pedone;Rettilineo;Una carreggiata a senso unico di marcia;Asciutto;Asfaltata;Assente;Sereno;Normale;Buona;;1;0;0;1;12.5653;41.9203;-1;1;Autobus urbano;In marcia / fermata / arresto;Conducente;M;Illeso;0;;Non accertato;
6032521;5;30/06/2022 20:30:00;Strada Urbana;VIA DI PORTONACCIO;da specificare;;;;prov. largo Preneste pross. via della St.ne Prenes;Scontro laterale fra veicoli in marcia;Rettilineo;Due carreggiate;Asciutto;Asfaltata;Verticale ed orizzontale;Sereno;Normale;Buona;;0;0;0;3;12.5409;41.8969;-1;1;Autovettura privata;In marcia / fermata / arresto;Conducente;F;Illeso;0;;Non accertato;Inesploso
6032521;5;30/06/2022 20:30:00;Strada Urbana;VIA DI PORTONACCIO;da specificare;;;;prov. largo Preneste pross. via della St.ne Prenes;Scontro laterale fra veicoli in marcia;Rettilineo;Due carreggiate;Asciutto;Asfaltata;Verticale ed orizzontale;Sereno;Normale;Buona;;0;0;0;3;12.5409;41.8969;-1;2;Autocarro inferiore 35 q.;In marcia / fermata / arresto;Conducente;M;Illeso;0;;Non accertato;Inesploso
6032521;5;30/06/2022 20:30:00;Strada Urbana;VIA DI PORTONACCIO;da specificare;;;;prov. largo Preneste pross. via della St.ne Prenes;Scontro laterale fra veicoli in marcia;Rettilineo;Due carreggiate;Asciutto;Asfaltata;Verticale ed orizzontale;Sereno;Normale;Buona;;0;0;0;3;12.5409;41.8969;-1;2;Autocarro inferiore 35 q.;In marcia / fermata / arresto;Passeggero;F;Illeso;0;;Non accertato;
6032523;7;30/06/2022 09:10:00;Strada Urbana;VIA DI TOR TRE TESTE;in corrispondenza;;del palo luce n.;66;;Veicolo in marcia contro ostacolo fisso;Curva a visuale libera;Una carreggiata a doppio senso;Asciutto;Asfaltata;Assente;Sereno;Normale;Buona;;1;0;0;0;12.5893;41.8776;-1;1;Autovettura privata;In marcia / fermata / arresto;Conducente;M;Rimandato;0;NON DECEDUTO;Non accertato;Inesistente
6032538;5;30/06/2022 20:30:00;Strada Urbana;VIA BELMONTE IN SABINA;da specificare;;;;uscita G.R.A. (corsia di immissione);Scontro laterale fra veicoli in marcia;Curva senza visuale libera;Due carreggiate;Asciutto;Asfaltata;Orizzontale;Sereno;Normale;Sufficiente;;1;0;0;1;12.5931;41.9461;0;1;Motociclo a solo;In marcia / fermata / arresto;Conducente;M;Rimandato;0;NON DECEDUTO;Non accertato;
6032538;5;30/06/2022 20:30:00;Strada Urbana;VIA BELMONTE IN SABINA;da specificare;;;;uscita G.R.A. (corsia di immissione);Scontro laterale fra veicoli in marcia;Curva senza visuale libera;Due carreggiate;Asciutto;Asfaltata;Orizzontale;Sereno;Normale;Sufficiente;;1;0;0;1;12.5931;41.9461;0;2;Autovettura privata;In marcia / fermata / arresto;Conducente;M;Illeso;0;;Non accertato;Inesploso
6032549;18;30/06/2022 09:30:00;Strada Urbana;VIA DELLA MAGLIANELLA;in prossimità;;del civico n.;330;;Scontro laterale fra veicoli in marcia;Curva a visuale libera;Una carreggiata a senso unico di marcia;Asciutto;Asfaltata;Orizzontale;Sereno;Normale;Buona;;0;0;0;4;12.3847;41.9139;-1;1;Autovettura privata;In marcia / fermata / arresto;Conducente;M;Illeso;0;;Non accertato;Inesploso
6032549;18;30/06/2022 09:30:00;Strada Urbana;VIA DELLA MAGLIANELLA;in prossimità;;del civico n.;330;;Scontro laterale fra veicoli in marcia;Curva a visuale libera;Una carreggiata a senso unico di marcia;Asciutto;Asfaltata;Orizzontale;Sereno;Normale;Buona;;0;0;0;4;12.3847;41.9139;-1;1;Autovettura privata;In marcia / fermata / arresto;Passeggero;F;Illeso;0;;Non accertato;Inesploso
6032549;18;30/06/2022 09:30:00;Strada Urbana;VIA DELLA MAGLIANELLA;in prossimità;;del civico n.;330;;Scontro laterale fra veicoli in marcia;Curva a visuale libera;Una carreggiata a senso unico di marcia;Asciutto;Asfaltata;Orizzontale;Sereno;Normale;Buona;;0;0;0;4;12.3847;41.9139;-1;2;Autovettura privata;In marcia / fermata / arresto;Conducente;M;Illeso;0;;Non accertato;Inesploso
6032549;18;30/06/2022 09:30:00;Strada Urbana;VIA DELLA MAGLIANELLA;in prossimità;;del civico n.;330;;Scontro laterale fra veicoli in marcia;Curva a visuale libera;Una carreggiata a senso unico di marcia;Asciutto;Asfaltata;Orizzontale;Sereno;Normale;Buona;;0;0;0;4;12.3847;41.9139;-1;2;Autovettura privata;In marcia / fermata / arresto;Passeggero;M;Illeso;0;;Non accertato;Inesploso
6032566;12;30/06/2022 15:28:00;Strada Urbana;VIA DI ACQUA ACETOSA OSTIENSE;in corrispondenza;;del palo luce n.;34;;Veicolo in marcia contro ostacolo fisso;Rettilineo;Una carreggiata a doppio senso;Asciutto;Asfaltata;Orizzontale;Sereno;Normale;Buona;;1;0;0;0;12.4674;41.8048;-1;1;Motociclo a solo;In marcia / fermata / arresto;Conducente;M;Rimandato;0;NON DECEDUTO;;
6032578;1;30/06/2022 15:55:00;Strada Urbana;VIA NAZIONALE;in prossimità;;del civico n.;198;;Tamponamento;Rettilineo;Una carreggiata a doppio senso;Asciutto;In cubetti di porfido;Verticale ed orizzontale;Sereno;Normale;Buona;;1;0;0;1;12.4918;41.8998;-1;1;Autovettura pubblica;In marcia / fermata / arresto;Conducente;M;Illeso;0;;;
6032578;1;30/06/2022 15:55:00;Strada Urbana;VIA NAZIONALE;in prossimità;;del civico n.;198;;Tamponamento;Rettilineo;Una carreggiata a doppio senso;Asciutto;In cubetti di porfido;Verticale ed orizzontale;Sereno;Normale;Buona;;1;0;0;1;12.4918;41.8998;-1;2;Motociclo a solo;In marcia / fermata / arresto;Conducente;M;Rimandato;0;NON DECEDUTO;;
6032579;20;30/06/2022 12:00:00;Statale entro l'abitato;VIA CASSIA;all'intersezione con;VIA MASSAROSA;VIA MASSAROSA;;;Investimento di pedone;Incrocio;Una carreggiata a doppio senso;Asciutto;Asfaltata;Verticale ed orizzontale;Sereno;Normale;Buona;;0;0;1;1;12.4137;41.9828;0;;;;Pedone;F;Prognosi riservata;0;DECEDUTO DA 25 A 48 ORE DOPO;;
6032579;20;30/06/2022 12:00:00;Statale entro l'abitato;VIA CASSIA;all'intersezione con;VIA MASSAROSA;VIA MASSAROSA;;;Investimento di pedone;Incrocio;Una carreggiata a doppio senso;Asciutto;Asfaltata;Verticale ed orizzontale;Sereno;Normale;Buona;;0;0;1;1;12.4137;41.9828;0;1;Motociclo a solo;In marcia / fermata / arresto;Conducente;M;Illeso;0;;Non accertato;
6032582;18;30/06/2022 20:50:00;Strada Urbana;VIA DI CASAL SELCE;all'intersezione con;VIA AUGUSTO GRAZIANI;VIA AUGUSTO GRAZIANI;;;Scontro frontale/laterale DX fra veicoli in marcia;Intersezione stradale segnalata;Una carreggiata a doppio senso;Asciutto;Asfaltata;Verticale ed orizzontale;Sereno;Scarso;Sufficiente;;0;0;0;4;12.3511;41.9119;-1;1;Autocarro inferiore 35 q.;In marcia / fermata / arresto;Conducente;M;Illeso;0;;Non accertato;Inesploso
6032582;18;30/06/2022 20:50:00;Strada Urbana;VIA DI CASAL SELCE;all'intersezione con;VIA AUGUSTO GRAZIANI;VIA AUGUSTO GRAZIANI;;;Scontro frontale/laterale DX fra veicoli in marcia;Intersezione stradale segnalata;Una carreggiata a doppio senso;Asciutto;Asfaltata;Verticale ed orizzontale;Sereno;Scarso;Sufficiente;;0;0;0;4;12.3511;41.9119;-1;2;Autovettura privata;In marcia / fermata / arresto;Conducente;M;Illeso;0;;Non accertato;Inesploso
6032582;18;30/06/2022 20:50:00;Strada Urbana;VIA DI CASAL SELCE;all'intersezione con;VIA AUGUSTO GRAZIANI;VIA AUGUSTO GRAZIANI;;;Scontro frontale/laterale DX fra veicoli in marcia;Intersezione stradale segnalata;Una carreggiata a doppio senso;Asciutto;Asfaltata;Verticale ed orizzontale;Sereno;Scarso;Sufficiente;;0;0;0;4;12.3511;41.9119;-1;2;Autovettura privata;In marcia / fermata / arresto;Passeggero;M;Illeso;0;;Non accertato;Inesploso
6032582;18;30/06/2022 20:50:00;Strada Urbana;VIA DI CASAL SELCE;all'intersezione con;VIA AUGUSTO GRAZIANI;VIA AUGUSTO GRAZIANI;;;Scontro frontale/laterale DX fra veicoli in marcia;Intersezione stradale segnalata;Una carreggiata a doppio senso;Asciutto;Asfaltata;Verticale ed orizzontale;Sereno;Scarso;Sufficiente;;0;0;0;4;12.3511;41.9119;-1;2;Autovettura privata;In marcia / fermata / arresto;Passeggero;F;Illeso;0;;Non accertato;Inesploso
6032594;10;30/06/2022 17:15:00;Strada Urbana;VIA TAURIANOVA;all'intersezione con;VIA SQUILLACE;VIA SQUILLACE;;;Veicolo in marcia contro veicolo in sosta;Incrocio;Una carreggiata a senso unico di marcia;Asciutto;Asfaltata;Verticale ed orizzontale;Sereno;Normale;Buona;;0;0;0;1;12.5582;41.8343;-1;1;Autobus di linea;In marcia / fermata / arresto;Conducente;M;Illeso;0;;Non accertato;Inesploso
6032594;10;30/06/2022 17:15:00;Strada Urbana;VIA TAURIANOVA;all'intersezione con;VIA SQUILLACE;VIA SQUILLACE;;;Veicolo in marcia contro veicolo in sosta;Incrocio;Una carreggiata a senso unico di marcia;Asciutto;Asfaltata;Verticale ed orizzontale;Sereno;Normale;Buona;;0;0;0;1;12.5582;41.8343;-1;2;Autovettura privata;Sosta;;;;;;;
6032606;10;30/06/2022 22:45:00;Strada Urbana;VIA BERNARDINO ALIMENA;all'intersezione con;VIA EMANUELE CARNEVALE;VIA EMANUELE CARNEVALE;;;Veicolo in marcia che urta buche nella carreggiata;Rotatoria;Due carreggiate;Asciutto;Asfaltata;Verticale ed orizzontale;Sereno;Scarso;Sufficiente;;0;0;0;1;12.6042;41.8473;-1;1;Autobus di linea;In marcia / fermata / arresto;Conducente;M;Illeso;0;;Non accertato;Inesploso
6032615;20;30/06/2022 07:30:00;Statale entro l'abitato;VIA CASSIA;in corrispondenza;;del civico n.;1686;;Infortunio per sola frenata improvvisa;Rettilineo;Una carreggiata a doppio senso;Asciutto;Asfaltata;Verticale ed orizzontale;Sereno;Normale;Buona;;1;0;0;1;12.3821;42.0036;-1;1;Motociclo a solo;In marcia / fermata / arresto;Conducente;M;Rimandato;0;NON DECEDUTO;Non accertato;
6032615;20;30/06/2022 07:30:00;Statale entro l'abitato;VIA CASSIA;in corrispondenza;;del civico n.;1686;;Infortunio per sola frenata improvvisa;Rettilineo;Una carreggiata a doppio senso;Asciutto;Asfaltata;Verticale ed orizzontale;Sereno;Normale;Buona;;1;0;0;1;12.3821;42.0036;-1;2;Autocarro inferiore 35 q.;In marcia / fermata / arresto;Conducente;M;Illeso;0;;Non accertato;Inesploso
6032628;20;30/06/2022 13:30:00;Strada Urbana;VIA CASSIA;in prossimità;;del civico n.;600;;Tamponamento Multiplo;Rettilineo;Una carreggiata a doppio senso;Asciutto;Asfaltata;Verticale ed orizzontale;Sereno;Normale;Buona;;0;0;0;2;12.4485;41.9626;-1;1;Autovettura privata;In marcia / fermata / arresto;Conducente;M;Illeso;0;;Non accertato;Inesploso
6032628;20;30/06/2022 13:30:00;Strada Urbana;VIA CASSIA;in prossimità;;del civico n.;600;;Tamponamento Multiplo;Rettilineo;Una carreggiata a doppio senso;Asciutto;Asfaltata;Verticale ed orizzontale;Sereno;Normale;Buona;;0;0;0;2;12.4485;41.9626;-1;2;Autovettura privata;In marcia / fermata / arresto;Conducente;F;Illeso;0;;Non accertato;Inesploso
6032628;20;30/06/2022 13:30:00;Strada Urbana;VIA CASSIA;in prossimità;;del civico n.;600;;Tamponamento Multiplo;Rettilineo;Una carreggiata a doppio senso;Asciutto;Asfaltata;Verticale ed orizzontale;Sereno;Normale;Buona;;0;0;0;2;12.4485;41.9626;-1;3;Autovettura privata;Allontanatosi;;;;;;;